run_id,step,op,args,position,crop,money_before,money_after,tile_before,tile_after,shed_before_qty,shed_after_qty,outcome
,0,PASS,(),"(4, 4)",,3000.0,2919.0,,,,,OBSERVED
,1,PLANT,"('MELON',)","(4, 4)",,2919.0,2919.0,,"{'kind': 'PLANT', 'crop': 'MELON', 'planted_day': 0, 'watered_today': False, 'consecutive_unwatered': 1, 'yield_units': 1, 'max_lifespan_step': 312, 'fertilized_until_day': -1}",,,PLANTED
,2,WATER,(),"(4, 4)",MELON,2919.0,2759.0,"{'kind': 'PLANT', 'crop': 'MELON', 'planted_day': 0, 'watered_today': False, 'consecutive_unwatered': 1, 'yield_units': 1, 'max_lifespan_step': 312, 'fertilized_until_day': -1}","{'kind': 'PLANT', 'crop': 'MELON', 'planted_day': 0, 'watered_today': True, 'consecutive_unwatered': 1, 'yield_units': 1, 'max_lifespan_step': 312, 'fertilized_until_day': -1}",0,0,WATERED
,3,NORTH,(),"(4, 4)",MELON,2759.0,2759.0,"{'kind': 'PLANT', 'crop': 'MELON', 'planted_day': 0, 'watered_today': True, 'consecutive_unwatered': 1, 'yield_units': 1, 'max_lifespan_step': 312, 'fertilized_until_day': -1}","{'kind': 'PLANT', 'crop': 'MELON', 'planted_day': 0, 'watered_today': True, 'consecutive_unwatered': 1, 'yield_units': 1, 'max_lifespan_step': 312, 'fertilized_until_day': -1}",0,0,OBSERVED
,4,SOUTH,(),"(4, 3)",,2759.0,2759.0,,"{'kind': 'PLANT', 'crop': 'MELON', 'planted_day': 0, 'watered_today': False, 'consecutive_unwatered': 1, 'yield_units': 1, 'max_lifespan_step': 312, 'fertilized_until_day': -1}",,,OBSERVED
,5,NORTH,(),"(4, 4)",MELON,2759.0,2759.0,"{'kind': 'PLANT', 'crop': 'MELON', 'planted_day': 0, 'watered_today': True, 'consecutive_unwatered': 1, 'yield_units': 1, 'max_lifespan_step': 312, 'fertilized_until_day': -1}","{'kind': 'PLANT', 'crop': 'MELON', 'planted_day': 0, 'watered_today': True, 'consecutive_unwatered': 1, 'yield_units': 1, 'max_lifespan_step': 312, 'fertilized_until_day': -1}",0,0,OBSERVED
,6,WATER,(),"(4, 3)",MELON,2759.0,2759.0,"{'kind': 'PLANT', 'crop': 'MELON', 'planted_day': 0, 'watered_today': False, 'consecutive_unwatered': 1, 'yield_units': 1, 'max_lifespan_step': 312, 'fertilized_until_day': -1}","{'kind': 'PLANT', 'crop': 'MELON', 'planted_day': 0, 'watered_today': True, 'consecutive_unwatered': 1, 'yield_units': 1, 'max_lifespan_step': 312, 'fertilized_until_day': -1}",0,0,WATERED
,7,NORTH,(),"(4, 3)",MELON,2759.0,2599.0,"{'kind': 'PLANT', 'crop': 'MELON', 'planted_day': 0, 'watered_today': True, 'consecutive_unwatered': 1, 'yield_units': 1, 'max_lifespan_step': 312, 'fertilized_until_day': -1}","{'kind': 'PLANT', 'crop': 'MELON', 'planted_day': 0, 'watered_today': True, 'consecutive_unwatered': 1, 'yield_units': 1, 'max_lifespan_step': 312, 'fertilized_until_day': -1}",0,0,OBSERVED
,8,WATER,(),"(4, 2)",MELON,2599.0,2599.0,"{'kind': 'PLANT', 'crop': 'MELON', 'planted_day': 0, 'watered_today': False, 'consecutive_unwatered': 1, 'yield_units': 1, 'max_lifespan_step': 312, 'fertilized_until_day': -1}","{'kind': 'PLANT', 'crop': 'MELON', 'planted_day': 0, 'watered_today': True, 'consecutive_unwatered': 1, 'yield_units': 1, 'max_lifespan_step': 312, 'fertilized_until_day': -1}",0,0,WATERED
,9,NORTH,(),"(4, 2)",MELON,2599.0,2599.0,"{'kind': 'PLANT', 'crop': 'MELON', 'planted_day': 0, 'watered_today': True, 'consecutive_unwatered': 1, 'yield_units': 1, 'max_lifespan_step': 312, 'fertilized_until_day': -1}","{'kind': 'PLANT', 'crop': 'MELON', 'planted_day': 0, 'watered_today': True, 'consecutive_unwatered': 1, 'yield_units': 1, 'max_lifespan_step': 312, 'fertilized_until_day': -1}",0,0,OBSERVED
,10,WATER,(),"(4, 1)",MELON,2599.0,2599.0,"{'kind': 'PLANT', 'crop': 'MELON', 'planted_day': 0, 'watered_today': False, 'consecutive_unwatered': 1, 'yield_units': 1, 'max_lifespan_step': 312, 'fertilized_until_day': -1}","{'kind': 'PLANT', 'crop': 'MELON', 'planted_day': 0, 'watered_today': True, 'consecutive_unwatered': 1, 'yield_units': 1, 'max_lifespan_step': 312, 'fertilized_until_day': -1}",0,0,WATERED
,11,NORTH,(),"(4, 1)",MELON,2599.0,2599.0,"{'kind': 'PLANT', 'crop': 'MELON', 'planted_day': 0, 'watered_today': True, 'consecutive_unwatered': 1, 'yield_units': 1, 'max_lifespan_step': 312, 'fertilized_until_day': -1}","{'kind': 'PLANT', 'crop': 'MELON', 'planted_day': 0, 'watered_today': True, 'consecutive_unwatered': 1, 'yield_units': 1, 'max_lifespan_step': 312, 'fertilized_until_day': -1}",0,0,OBSERVED
,12,WATER,(),"(4, 0)",MELON,2599.0,2439.0,"{'kind': 'PLANT', 'crop': 'MELON', 'planted_day': 0, 'watered_today': False, 'consecutive_unwatered': 1, 'yield_units': 1, 'max_lifespan_step': 312, 'fertilized_until_day': -1}","{'kind': 'PLANT', 'crop': 'MELON', 'planted_day': 0, 'watered_today': True, 'consecutive_unwatered': 1, 'yield_units': 1, 'max_lifespan_step': 312, 'fertilized_until_day': -1}",0,0,WATERED
,13,WEST,(),"(4, 0)",MELON,2439.0,2439.0,"{'kind': 'PLANT', 'crop': 'MELON', 'planted_day': 0, 'watered_today': True, 'consecutive_unwatered': 1, 'yield_units': 1, 'max_lifespan_step': 312, 'fertilized_until_day': -1}","{'kind': 'PLANT', 'crop': 'MELON', 'planted_day': 0, 'watered_today': True, 'consecutive_unwatered': 1, 'yield_units': 1, 'max_lifespan_step': 312, 'fertilized_until_day': -1}",0,0,OBSERVED
,14,EAST,(),"(3, 0)",,2439.0,2439.0,,"{'kind': 'PLANT', 'crop': 'MELON', 'planted_day': 0, 'watered_today': False, 'consecutive_unwatered': 1, 'yield_units': 1, 'max_lifespan_step': 312, 'fertilized_until_day': -1}",,,OBSERVED
,15,WEST,(),"(4, 0)",MELON,2439.0,2439.0,"{'kind': 'PLANT', 'crop': 'MELON', 'planted_day': 0, 'watered_today': True, 'consecutive_unwatered': 1, 'yield_units': 1, 'max_lifespan_step': 312, 'fertilized_until_day': -1}","{'kind': 'PLANT', 'crop': 'MELON', 'planted_day': 0, 'watered_today': True, 'consecutive_unwatered': 1, 'yield_units': 1, 'max_lifespan_step': 312, 'fertilized_until_day': -1}",0,0,OBSERVED
,16,WATER,(),"(3, 0)",MELON,2439.0,2439.0,"{'kind': 'PLANT', 'crop': 'MELON', 'planted_day': 0, 'watered_today': False, 'consecutive_unwatered': 1, 'yield_units': 1, 'max_lifespan_step': 312, 'fertilized_until_day': -1}","{'kind': 'PLANT', 'crop': 'MELON', 'planted_day': 0, 'watered_today': True, 'consecutive_unwatered': 1, 'yield_units': 1, 'max_lifespan_step': 312, 'fertilized_until_day': -1}",0,0,WATERED
,17,WEST,(),"(3, 0)",MELON,2439.0,2279.0,"{'kind': 'PLANT', 'crop': 'MELON', 'planted_day': 0, 'watered_today': True, 'consecutive_unwatered': 1, 'yield_units': 1, 'max_lifespan_step': 312, 'fertilized_until_day': -1}","{'kind': 'PLANT', 'crop': 'MELON', 'planted_day': 0, 'watered_today': True, 'consecutive_unwatered': 1, 'yield_units': 1, 'max_lifespan_step': 312, 'fertilized_until_day': -1}",0,0,OBSERVED
,18,WATER,(),"(2, 0)",MELON,2279.0,2279.0,"{'kind': 'PLANT', 'crop': 'MELON', 'planted_day': 0, 'watered_today': False, 'consecutive_unwatered': 1, 'yield_units': 1, 'max_lifespan_step': 312, 'fertilized_until_day': -1}","{'kind': 'PLANT', 'crop': 'MELON', 'planted_day': 0, 'watered_today': True, 'consecutive_unwatered': 1, 'yield_units': 1, 'max_lifespan_step': 312, 'fertilized_until_day': -1}",0,0,WATERED
,19,WEST,(),"(2, 0)",MELON,2279.0,2279.0,"{'kind': 'PLANT', 'crop': 'MELON', 'planted_day': 0, 'watered_today': True, 'consecutive_unwatered': 1, 'yield_units': 1, 'max_lifespan_step': 312, 'fertilized_until_day': -1}","{'kind': 'PLANT', 'crop': 'MELON', 'planted_day': 0, 'watered_today': True, 'consecutive_unwatered': 1, 'yield_units': 1, 'max_lifespan_step': 312, 'fertilized_until_day': -1}",0,0,OBSERVED
,20,WATER,(),"(1, 0)",MELON,2279.0,2279.0,"{'kind': 'PLANT', 'crop': 'MELON', 'planted_day': 0, 'watered_today': False, 'consecutive_unwatered': 1, 'yield_units': 1, 'max_lifespan_step': 312, 'fertilized_until_day': -1}","{'kind': 'PLANT', 'crop': 'MELON', 'planted_day': 0, 'watered_today': True, 'consecutive_unwatered': 1, 'yield_units': 1, 'max_lifespan_step': 312, 'fertilized_until_day': -1}",0,0,WATERED
,21,WEST,(),"(1, 0)",MELON,2279.0,2279.0,"{'kind': 'PLANT', 'crop': 'MELON', 'planted_day': 0, 'watered_today': True, 'consecutive_unwatered': 1, 'yield_units': 1, 'max_lifespan_step': 312, 'fertilized_until_day': -1}","{'kind': 'PLANT', 'crop': 'MELON', 'planted_day': 0, 'watered_today': True, 'consecutive_unwatered': 1, 'yield_units': 1, 'max_lifespan_step': 312, 'fertilized_until_day': -1}",0,0,OBSERVED
,22,WATER,(),"(0, 0)",MELON,2279.0,2119.0,"{'kind': 'PLANT', 'crop': 'MELON', 'planted_day': 0, 'watered_today': False, 'consecutive_unwatered': 1, 'yield_units': 1, 'max_lifespan_step': 312, 'fertilized_until_day': -1}","{'kind': 'PLANT', 'crop': 'MELON', 'planted_day': 0, 'watered_today': True, 'consecutive_unwatered': 1, 'yield_units': 1, 'max_lifespan_step': 312, 'fertilized_until_day': -1}",0,0,WATERED
,23,SOUTH,(),"(0, 0)",MELON,2119.0,2119.0,"{'kind': 'PLANT', 'crop': 'MELON', 'planted_day': 0, 'watered_today': True, 'consecutive_unwatered': 1, 'yield_units': 1, 'max_lifespan_step': 312, 'fertilized_until_day': -1}","{'kind': 'PLANT', 'crop': 'MELON', 'planted_day': 0, 'watered_today': False, 'consecutive_unwatered': 0, 'yield_units': 1, 'max_lifespan_step': 312, 'fertilized_until_day': -1}",0,0,OBSERVED
,24,HARVEST,(),"(4, 4)",MELON,2119.0,2118.0,"{'kind': 'PLANT', 'crop': 'MELON', 'planted_day': 0, 'watered_today': False, 'consecutive_unwatered': 0, 'yield_units': 1, 'max_lifespan_step': 312, 'fertilized_until_day': -1}","{'kind': 'PLANT', 'crop': 'MELON', 'planted_day': 0, 'watered_today': False, 'consecutive_unwatered': 0, 'yield_units': 1, 'max_lifespan_step': 312, 'fertilized_until_day': -1}",0,0,NO_EFFECT
,25,WATER,(),"(4, 4)",MELON,2118.0,2118.0,"{'kind': 'PLANT', 'crop': 'MELON', 'planted_day': 0, 'watered_today': False, 'consecutive_unwatered': 0, 'yield_units': 1, 'max_lifespan_step': 312, 'fertilized_until_day': -1}","{'kind': 'PLANT', 'crop': 'MELON', 'planted_day': 0, 'watered_today': True, 'consecutive_unwatered': 0, 'yield_units': 1, 'max_lifespan_step': 312, 'fertilized_until_day': -1}",0,0,WATERED
,26,NORTH,(),"(4, 4)",MELON,2118.0,2118.0,"{'kind': 'PLANT', 'crop': 'MELON', 'planted_day': 0, 'watered_today': True, 'consecutive_unwatered': 0, 'yield_units': 1, 'max_lifespan_step': 312, 'fertilized_until_day': -1}","{'kind': 'PLANT', 'crop': 'MELON', 'planted_day': 0, 'watered_today': True, 'consecutive_unwatered': 0, 'yield_units': 1, 'max_lifespan_step': 312, 'fertilized_until_day': -1}",0,0,OBSERVED
,27,WATER,(),"(4, 3)",MELON,2118.0,2118.0,"{'kind': 'PLANT', 'crop': 'MELON', 'planted_day': 0, 'watered_today': False, 'consecutive_unwatered': 0, 'yield_units': 1, 'max_lifespan_step': 312, 'fertilized_until_day': -1}","{'kind': 'PLANT', 'crop': 'MELON', 'planted_day': 0, 'watered_today': True, 'consecutive_unwatered': 0, 'yield_units': 1, 'max_lifespan_step': 312, 'fertilized_until_day': -1}",0,0,WATERED
,28,NORTH,(),"(4, 3)",MELON,2118.0,2118.0,"{'kind': 'PLANT', 'crop': 'MELON', 'planted_day': 0, 'watered_today': True, 'consecutive_unwatered': 0, 'yield_units': 1, 'max_lifespan_step': 312, 'fertilized_until_day': -1}","{'kind': 'PLANT', 'crop': 'MELON', 'planted_day': 0, 'watered_today': True, 'consecutive_unwatered': 0, 'yield_units': 1, 'max_lifespan_step': 312, 'fertilized_until_day': -1}",0,0,OBSERVED
,29,WATER,(),"(4, 2)",MELON,2118.0,2118.0,"{'kind': 'PLANT', 'crop': 'MELON', 'planted_day': 0, 'watered_today': False, 'consecutive_unwatered': 0, 'yield_units': 1, 'max_lifespan_step': 312, 'fertilized_until_day': -1}","{'kind': 'PLANT', 'crop': 'MELON', 'planted_day': 0, 'watered_today': True, 'consecutive_unwatered': 0, 'yield_units': 1, 'max_lifespan_step': 312, 'fertilized_until_day': -1}",0,0,WATERED
,30,NORTH,(),"(4, 2)",MELON,2118.0,1958.0,"{'kind': 'PLANT', 'crop': 'MELON', 'planted_day': 0, 'watered_today': True, 'consecutive_unwatered': 0, 'yield_units': 1, 'max_lifespan_step': 312, 'fertilized_until_day': -1}","{'kind': 'PLANT', 'crop': 'MELON', 'planted_day': 0, 'watered_today': True, 'consecutive_unwatered': 0, 'yield_units': 1, 'max_lifespan_step': 312, 'fertilized_until_day': -1}",0,0,OBSERVED
,31,WATER,(),"(4, 1)",MELON,1958.0,1958.0,"{'kind': 'PLANT', 'crop': 'MELON', 'planted_day': 0, 'watered_today': False, 'consecutive_unwatered': 0, 'yield_units': 1, 'max_lifespan_step': 312, 'fertilized_until_day': -1}","{'kind': 'PLANT', 'crop': 'MELON', 'planted_day': 0, 'watered_today': True, 'consecutive_unwatered': 0, 'yield_units': 1, 'max_lifespan_step': 312, 'fertilized_until_day': -1}",0,0,WATERED
,32,NORTH,(),"(4, 1)",MELON,1958.0,1958.0,"{'kind': 'PLANT', 'crop': 'MELON', 'planted_day': 0, 'watered_today': True, 'consecutive_unwatered': 0, 'yield_units': 1, 'max_lifespan_step': 312, 'fertilized_until_day': -1}","{'kind': 'PLANT', 'crop': 'MELON', 'planted_day': 0, 'watered_today': True, 'consecutive_unwatered': 0, 'yield_units': 1, 'max_lifespan_step': 312, 'fertilized_until_day': -1}",0,0,OBSERVED
,33,WATER,(),"(4, 0)",MELON,1958.0,1958.0,"{'kind': 'PLANT', 'crop': 'MELON', 'planted_day': 0, 'watered_today': False, 'consecutive_unwatered': 0, 'yield_units': 1, 'max_lifespan_step': 312, 'fertilized_until_day': -1}","{'kind': 'PLANT', 'crop': 'MELON', 'planted_day': 0, 'watered_today': True, 'consecutive_unwatered': 0, 'yield_units': 1, 'max_lifespan_step': 312, 'fertilized_until_day': -1}",0,0,WATERED
,34,WEST,(),"(4, 0)",MELON,1958.0,1958.0,"{'kind': 'PLANT', 'crop': 'MELON', 'planted_day': 0, 'watered_today': True, 'consecutive_unwatered': 0, 'yield_units': 1, 'max_lifespan_step': 312, 'fertilized_until_day': -1}","{'kind': 'PLANT', 'crop': 'MELON', 'planted_day': 0, 'watered_today': True, 'consecutive_unwatered': 0, 'yield_units': 1, 'max_lifespan_step': 312, 'fertilized_until_day': -1}",0,0,OBSERVED
,35,WATER,(),"(3, 0)",MELON,1958.0,1798.0,"{'kind': 'PLANT', 'crop': 'MELON', 'planted_day': 0, 'watered_today': False, 'consecutive_unwatered': 0, 'yield_units': 1, 'max_lifespan_step': 312, 'fertilized_until_day': -1}","{'kind': 'PLANT', 'crop': 'MELON', 'planted_day': 0, 'watered_today': True, 'consecutive_unwatered': 0, 'yield_units': 1, 'max_lifespan_step': 312, 'fertilized_until_day': -1}",0,0,WATERED
,36,WEST,(),"(3, 0)",MELON,1798.0,1798.0,"{'kind': 'PLANT', 'crop': 'MELON', 'planted_day': 0, 'watered_today': True, 'consecutive_unwatered': 0, 'yield_units': 1, 'max_lifespan_step': 312, 'fertilized_until_day': -1}","{'kind': 'PLANT', 'crop': 'MELON', 'planted_day': 0, 'watered_today': True, 'consecutive_unwatered': 0, 'yield_units': 1, 'max_lifespan_step': 312, 'fertilized_until_day': -1}",0,0,OBSERVED
,37,WATER,(),"(2, 0)",MELON,1798.0,1798.0,"{'kind': 'PLANT', 'crop': 'MELON', 'planted_day': 0, 'watered_today': False, 'consecutive_unwatered': 0, 'yield_units': 1, 'max_lifespan_step': 312, 'fertilized_until_day': -1}","{'kind': 'PLANT', 'crop': 'MELON', 'planted_day': 0, 'watered_today': True, 'consecutive_unwatered': 0, 'yield_units': 1, 'max_lifespan_step': 312, 'fertilized_until_day': -1}",0,0,WATERED
,38,WEST,(),"(2, 0)",MELON,1798.0,1798.0,"{'kind': 'PLANT', 'crop': 'MELON', 'planted_day': 0, 'watered_today': True, 'consecutive_unwatered': 0, 'yield_units': 1, 'max_lifespan_step': 312, 'fertilized_until_day': -1}","{'kind': 'PLANT', 'crop': 'MELON', 'planted_day': 0, 'watered_today': True, 'consecutive_unwatered': 0, 'yield_units': 1, 'max_lifespan_step': 312, 'fertilized_until_day': -1}",0,0,OBSERVED
,39,WATER,(),"(1, 0)",MELON,1798.0,1798.0,"{'kind': 'PLANT', 'crop': 'MELON', 'planted_day': 0, 'watered_today': False, 'consecutive_unwatered': 0, 'yield_units': 1, 'max_lifespan_step': 312, 'fertilized_until_day': -1}","{'kind': 'PLANT', 'crop': 'MELON', 'planted_day': 0, 'watered_today': True, 'consecutive_unwatered': 0, 'yield_units': 1, 'max_lifespan_step': 312, 'fertilized_until_day': -1}",0,0,WATERED
,40,WEST,(),"(1, 0)",MELON,1798.0,1638.0,"{'kind': 'PLANT', 'crop': 'MELON', 'planted_day': 0, 'watered_today': True, 'consecutive_unwatered': 0, 'yield_units': 1, 'max_lifespan_step': 312, 'fertilized_until_day': -1}","{'kind': 'PLANT', 'crop': 'MELON', 'planted_day': 0, 'watered_today': True, 'consecutive_unwatered': 0, 'yield_units': 1, 'max_lifespan_step': 312, 'fertilized_until_day': -1}",0,0,OBSERVED
,41,WATER,(),"(0, 0)",MELON,1638.0,1638.0,"{'kind': 'PLANT', 'crop': 'MELON', 'planted_day': 0, 'watered_today': False, 'consecutive_unwatered': 0, 'yield_units': 1, 'max_lifespan_step': 312, 'fertilized_until_day': -1}","{'kind': 'PLANT', 'crop': 'MELON', 'planted_day': 0, 'watered_today': True, 'consecutive_unwatered': 0, 'yield_units': 1, 'max_lifespan_step': 312, 'fertilized_until_day': -1}",0,0,WATERED
,42,EAST,(),"(0, 0)",MELON,1638.0,1638.0,"{'kind': 'PLANT', 'crop': 'MELON', 'planted_day': 0, 'watered_today': True, 'consecutive_unwatered': 0, 'yield_units': 1, 'max_lifespan_step': 312, 'fertilized_until_day': -1}","{'kind': 'PLANT', 'crop': 'MELON', 'planted_day': 0, 'watered_today': True, 'consecutive_unwatered': 0, 'yield_units': 1, 'max_lifespan_step': 312, 'fertilized_until_day': -1}",0,0,OBSERVED
,43,SOUTH,(),"(1, 0)",MELON,1638.0,1638.0,"{'kind': 'PLANT', 'crop': 'MELON', 'planted_day': 0, 'watered_today': True, 'consecutive_unwatered': 0, 'yield_units': 1, 'max_lifespan_step': 312, 'fertilized_until_day': -1}","{'kind': 'PLANT', 'crop': 'MELON', 'planted_day': 0, 'watered_today': True, 'consecutive_unwatered': 0, 'yield_units': 1, 'max_lifespan_step': 312, 'fertilized_until_day': -1}",0,0,OBSERVED
,44,WATER,(),"(1, 1)",MELON,1638.0,1638.0,"{'kind': 'PLANT', 'crop': 'MELON', 'planted_day': 1, 'watered_today': False, 'consecutive_unwatered': 1, 'yield_units': 1, 'max_lifespan_step': 336, 'fertilized_until_day': -1}","{'kind': 'PLANT', 'crop': 'MELON', 'planted_day': 1, 'watered_today': True, 'consecutive_unwatered': 1, 'yield_units': 1, 'max_lifespan_step': 336, 'fertilized_until_day': -1}",0,0,WATERED
,45,WEST,(),"(1, 1)",MELON,1638.0,1478.0,"{'kind': 'PLANT', 'crop': 'MELON', 'planted_day': 1, 'watered_today': True, 'consecutive_unwatered': 1, 'yield_units': 1, 'max_lifespan_step': 336, 'fertilized_until_day': -1}","{'kind': 'PLANT', 'crop': 'MELON', 'planted_day': 1, 'watered_today': True, 'consecutive_unwatered': 1, 'yield_units': 1, 'max_lifespan_step': 336, 'fertilized_until_day': -1}",0,0,OBSERVED
,46,WATER,(),"(0, 1)",MELON,1478.0,1478.0,"{'kind': 'PLANT', 'crop': 'MELON', 'planted_day': 1, 'watered_today': False, 'consecutive_unwatered': 1, 'yield_units': 1, 'max_lifespan_step': 336, 'fertilized_until_day': -1}","{'kind': 'PLANT', 'crop': 'MELON', 'planted_day': 1, 'watered_today': True, 'consecutive_unwatered': 1, 'yield_units': 1, 'max_lifespan_step': 336, 'fertilized_until_day': -1}",0,0,WATERED
,47,SOUTH,(),"(0, 1)",MELON,1478.0,1478.0,"{'kind': 'PLANT', 'crop': 'MELON', 'planted_day': 1, 'watered_today': True, 'consecutive_unwatered': 1, 'yield_units': 1, 'max_lifespan_step': 336, 'fertilized_until_day': -1}","{'kind': 'PLANT', 'crop': 'MELON', 'planted_day': 1, 'watered_today': False, 'consecutive_unwatered': 0, 'yield_units': 1, 'max_lifespan_step': 336, 'fertilized_until_day': -1}",0,0,OBSERVED
,48,HARVEST,(),"(4, 4)",MELON,1478.0,1477.0,"{'kind': 'PLANT', 'crop': 'MELON', 'planted_day': 0, 'watered_today': False, 'consecutive_unwatered': 0, 'yield_units': 1, 'max_lifespan_step': 312, 'fertilized_until_day': -1}","{'kind': 'PLANT', 'crop': 'MELON', 'planted_day': 0, 'watered_today': False, 'consecutive_unwatered': 0, 'yield_units': 1, 'max_lifespan_step': 312, 'fertilized_until_day': -1}",0,0,NO_EFFECT
,49,WATER,(),"(4, 4)",MELON,1477.0,1477.0,"{'kind': 'PLANT', 'crop': 'MELON', 'planted_day': 0, 'watered_today': False, 'consecutive_unwatered': 0, 'yield_units': 1, 'max_lifespan_step': 312, 'fertilized_until_day': -1}","{'kind': 'PLANT', 'crop': 'MELON', 'planted_day': 0, 'watered_today': True, 'consecutive_unwatered': 0, 'yield_units': 1, 'max_lifespan_step': 312, 'fertilized_until_day': -1}",0,0,WATERED
,50,NORTH,(),"(4, 4)",MELON,1477.0,1477.0,"{'kind': 'PLANT', 'crop': 'MELON', 'planted_day': 0, 'watered_today': True, 'consecutive_unwatered': 0, 'yield_units': 1, 'max_lifespan_step': 312, 'fertilized_until_day': -1}","{'kind': 'PLANT', 'crop': 'MELON', 'planted_day': 0, 'watered_today': True, 'consecutive_unwatered': 0, 'yield_units': 1, 'max_lifespan_step': 312, 'fertilized_until_day': -1}",0,0,OBSERVED
,51,WATER,(),"(4, 3)",MELON,1477.0,1477.0,"{'kind': 'PLANT', 'crop': 'MELON', 'planted_day': 0, 'watered_today': False, 'consecutive_unwatered': 0, 'yield_units': 1, 'max_lifespan_step': 312, 'fertilized_until_day': -1}","{'kind': 'PLANT', 'crop': 'MELON', 'planted_day': 0, 'watered_today': True, 'consecutive_unwatered': 0, 'yield_units': 1, 'max_lifespan_step': 312, 'fertilized_until_day': -1}",0,0,WATERED
,52,NORTH,(),"(4, 3)",MELON,1477.0,1477.0,"{'kind': 'PLANT', 'crop': 'MELON', 'planted_day': 0, 'watered_today': True, 'consecutive_unwatered': 0, 'yield_units': 1, 'max_lifespan_step': 312, 'fertilized_until_day': -1}","{'kind': 'PLANT', 'crop': 'MELON', 'planted_day': 0, 'watered_today': True, 'consecutive_unwatered': 0, 'yield_units': 1, 'max_lifespan_step': 312, 'fertilized_until_day': -1}",0,0,OBSERVED
,53,WATER,(),"(4, 2)",MELON,1477.0,1317.0,"{'kind': 'PLANT', 'crop': 'MELON', 'planted_day': 0, 'watered_today': False, 'consecutive_unwatered': 0, 'yield_units': 1, 'max_lifespan_step': 312, 'fertilized_until_day': -1}","{'kind': 'PLANT', 'crop': 'MELON', 'planted_day': 0, 'watered_today': True, 'consecutive_unwatered': 0, 'yield_units': 1, 'max_lifespan_step': 312, 'fertilized_until_day': -1}",0,0,WATERED
,54,NORTH,(),"(4, 2)",MELON,1317.0,1317.0,"{'kind': 'PLANT', 'crop': 'MELON', 'planted_day': 0, 'watered_today': True, 'consecutive_unwatered': 0, 'yield_units': 1, 'max_lifespan_step': 312, 'fertilized_until_day': -1}","{'kind': 'PLANT', 'crop': 'MELON', 'planted_day': 0, 'watered_today': True, 'consecutive_unwatered': 0, 'yield_units': 1, 'max_lifespan_step': 312, 'fertilized_until_day': -1}",0,0,OBSERVED
,55,WATER,(),"(4, 1)",MELON,1317.0,1317.0,"{'kind': 'PLANT', 'crop': 'MELON', 'planted_day': 0, 'watered_today': False, 'consecutive_unwatered': 0, 'yield_units': 1, 'max_lifespan_step': 312, 'fertilized_until_day': -1}","{'kind': 'PLANT', 'crop': 'MELON', 'planted_day': 0, 'watered_today': True, 'consecutive_unwatered': 0, 'yield_units': 1, 'max_lifespan_step': 312, 'fertilized_until_day': -1}",0,0,WATERED
,56,NORTH,(),"(4, 1)",MELON,1317.0,1317.0,"{'kind': 'PLANT', 'crop': 'MELON', 'planted_day': 0, 'watered_today': True, 'consecutive_unwatered': 0, 'yield_units': 1, 'max_lifespan_step': 312, 'fertilized_until_day': -1}","{'kind': 'PLANT', 'crop': 'MELON', 'planted_day': 0, 'watered_today': True, 'consecutive_unwatered': 0, 'yield_units': 1, 'max_lifespan_step': 312, 'fertilized_until_day': -1}",0,0,OBSERVED
,57,WATER,(),"(4, 0)",MELON,1317.0,1317.0,"{'kind': 'PLANT', 'crop': 'MELON', 'planted_day': 0, 'watered_today': False, 'consecutive_unwatered': 0, 'yield_units': 1, 'max_lifespan_step': 312, 'fertilized_until_day': -1}","{'kind': 'PLANT', 'crop': 'MELON', 'planted_day': 0, 'watered_today': True, 'consecutive_unwatered': 0, 'yield_units': 1, 'max_lifespan_step': 312, 'fertilized_until_day': -1}",0,0,WATERED
,58,WEST,(),"(4, 0)",MELON,1317.0,1157.0,"{'kind': 'PLANT', 'crop': 'MELON', 'planted_day': 0, 'watered_today': True, 'consecutive_unwatered': 0, 'yield_units': 1, 'max_lifespan_step': 312, 'fertilized_until_day': -1}","{'kind': 'PLANT', 'crop': 'MELON', 'planted_day': 0, 'watered_today': True, 'consecutive_unwatered': 0, 'yield_units': 1, 'max_lifespan_step': 312, 'fertilized_until_day': -1}",0,0,OBSERVED
,59,WATER,(),"(3, 0)",MELON,1157.0,1157.0,"{'kind': 'PLANT', 'crop': 'MELON', 'planted_day': 0, 'watered_today': False, 'consecutive_unwatered': 0, 'yield_units': 1, 'max_lifespan_step': 312, 'fertilized_until_day': -1}","{'kind': 'PLANT', 'crop': 'MELON', 'planted_day': 0, 'watered_today': True, 'consecutive_unwatered': 0, 'yield_units': 1, 'max_lifespan_step': 312, 'fertilized_until_day': -1}",0,0,WATERED
,60,WEST,(),"(3, 0)",MELON,1157.0,1157.0,"{'kind': 'PLANT', 'crop': 'MELON', 'planted_day': 0, 'watered_today': True, 'consecutive_unwatered': 0, 'yield_units': 1, 'max_lifespan_step': 312, 'fertilized_until_day': -1}","{'kind': 'PLANT', 'crop': 'MELON', 'planted_day': 0, 'watered_today': True, 'consecutive_unwatered': 0, 'yield_units': 1, 'max_lifespan_step': 312, 'fertilized_until_day': -1}",0,0,OBSERVED
,61,WATER,(),"(2, 0)",MELON,1157.0,1157.0,"{'kind': 'PLANT', 'crop': 'MELON', 'planted_day': 0, 'watered_today': False, 'consecutive_unwatered': 0, 'yield_units': 1, 'max_lifespan_step': 312, 'fertilized_until_day': -1}","{'kind': 'PLANT', 'crop': 'MELON', 'planted_day': 0, 'watered_today': True, 'consecutive_unwatered': 0, 'yield_units': 1, 'max_lifespan_step': 312, 'fertilized_until_day': -1}",0,0,WATERED
,62,WEST,(),"(2, 0)",MELON,1157.0,1157.0,"{'kind': 'PLANT', 'crop': 'MELON', 'planted_day': 0, 'watered_today': True, 'consecutive_unwatered': 0, 'yield_units': 1, 'max_lifespan_step': 312, 'fertilized_until_day': -1}","{'kind': 'PLANT', 'crop': 'MELON', 'planted_day': 0, 'watered_today': True, 'consecutive_unwatered': 0, 'yield_units': 1, 'max_lifespan_step': 312, 'fertilized_until_day': -1}",0,0,OBSERVED
,63,WATER,(),"(1, 0)",MELON,1157.0,1157.0,"{'kind': 'PLANT', 'crop': 'MELON', 'planted_day': 0, 'watered_today': False, 'consecutive_unwatered': 0, 'yield_units': 1, 'max_lifespan_step': 312, 'fertilized_until_day': -1}","{'kind': 'PLANT', 'crop': 'MELON', 'planted_day': 0, 'watered_today': True, 'consecutive_unwatered': 0, 'yield_units': 1, 'max_lifespan_step': 312, 'fertilized_until_day': -1}",0,0,WATERED
,64,WEST,(),"(1, 0)",MELON,1157.0,997.0,"{'kind': 'PLANT', 'crop': 'MELON', 'planted_day': 0, 'watered_today': True, 'consecutive_unwatered': 0, 'yield_units': 1, 'max_lifespan_step': 312, 'fertilized_until_day': -1}","{'kind': 'PLANT', 'crop': 'MELON', 'planted_day': 0, 'watered_today': True, 'consecutive_unwatered': 0, 'yield_units': 1, 'max_lifespan_step': 312, 'fertilized_until_day': -1}",0,0,OBSERVED
,65,WATER,(),"(0, 0)",MELON,997.0,997.0,"{'kind': 'PLANT', 'crop': 'MELON', 'planted_day': 0, 'watered_today': False, 'consecutive_unwatered': 0, 'yield_units': 1, 'max_lifespan_step': 312, 'fertilized_until_day': -1}","{'kind': 'PLANT', 'crop': 'MELON', 'planted_day': 0, 'watered_today': True, 'consecutive_unwatered': 0, 'yield_units': 1, 'max_lifespan_step': 312, 'fertilized_until_day': -1}",0,0,WATERED
,66,SOUTH,(),"(0, 0)",MELON,997.0,997.0,"{'kind': 'PLANT', 'crop': 'MELON', 'planted_day': 0, 'watered_today': True, 'consecutive_unwatered': 0, 'yield_units': 1, 'max_lifespan_step': 312, 'fertilized_until_day': -1}","{'kind': 'PLANT', 'crop': 'MELON', 'planted_day': 0, 'watered_today': True, 'consecutive_unwatered': 0, 'yield_units': 1, 'max_lifespan_step': 312, 'fertilized_until_day': -1}",0,0,OBSERVED
,67,WATER,(),"(0, 1)",MELON,997.0,997.0,"{'kind': 'PLANT', 'crop': 'MELON', 'planted_day': 1, 'watered_today': False, 'consecutive_unwatered': 0, 'yield_units': 1, 'max_lifespan_step': 336, 'fertilized_until_day': -1}","{'kind': 'PLANT', 'crop': 'MELON', 'planted_day': 1, 'watered_today': True, 'consecutive_unwatered': 0, 'yield_units': 1, 'max_lifespan_step': 336, 'fertilized_until_day': -1}",0,0,WATERED
,68,EAST,(),"(0, 1)",MELON,997.0,997.0,"{'kind': 'PLANT', 'crop': 'MELON', 'planted_day': 1, 'watered_today': True, 'consecutive_unwatered': 0, 'yield_units': 1, 'max_lifespan_step': 336, 'fertilized_until_day': -1}","{'kind': 'PLANT', 'crop': 'MELON', 'planted_day': 1, 'watered_today': True, 'consecutive_unwatered': 0, 'yield_units': 1, 'max_lifespan_step': 336, 'fertilized_until_day': -1}",0,0,OBSERVED
,69,WATER,(),"(1, 1)",MELON,997.0,997.0,"{'kind': 'PLANT', 'crop': 'MELON', 'planted_day': 1, 'watered_today': False, 'consecutive_unwatered': 0, 'yield_units': 1, 'max_lifespan_step': 336, 'fertilized_until_day': -1}","{'kind': 'PLANT', 'crop': 'MELON', 'planted_day': 1, 'watered_today': True, 'consecutive_unwatered': 0, 'yield_units': 1, 'max_lifespan_step': 336, 'fertilized_until_day': -1}",0,0,WATERED
,70,EAST,(),"(1, 1)",MELON,997.0,997.0,"{'kind': 'PLANT', 'crop': 'MELON', 'planted_day': 1, 'watered_today': True, 'consecutive_unwatered': 0, 'yield_units': 1, 'max_lifespan_step': 336, 'fertilized_until_day': -1}","{'kind': 'PLANT', 'crop': 'MELON', 'planted_day': 1, 'watered_today': True, 'consecutive_unwatered': 0, 'yield_units': 1, 'max_lifespan_step': 336, 'fertilized_until_day': -1}",0,0,OBSERVED
,71,NORTH,(),"(2, 1)",,997.0,997.0,{'kind': 'WEED'},{'kind': 'WEED'},,,OBSERVED
,72,HARVEST,(),"(4, 4)",MELON,997.0,996.0,"{'kind': 'PLANT', 'crop': 'MELON', 'planted_day': 0, 'watered_today': False, 'consecutive_unwatered': 0, 'yield_units': 1, 'max_lifespan_step': 312, 'fertilized_until_day': -1}","{'kind': 'PLANT', 'crop': 'MELON', 'planted_day': 0, 'watered_today': False, 'consecutive_unwatered': 0, 'yield_units': 1, 'max_lifespan_step': 312, 'fertilized_until_day': -1}",0,0,NO_EFFECT
,73,WATER,(),"(4, 4)",MELON,996.0,996.0,"{'kind': 'PLANT', 'crop': 'MELON', 'planted_day': 0, 'watered_today': False, 'consecutive_unwatered': 0, 'yield_units': 1, 'max_lifespan_step': 312, 'fertilized_until_day': -1}","{'kind': 'PLANT', 'crop': 'MELON', 'planted_day': 0, 'watered_today': True, 'consecutive_unwatered': 0, 'yield_units': 1, 'max_lifespan_step': 312, 'fertilized_until_day': -1}",0,0,WATERED
,74,NORTH,(),"(4, 4)",MELON,996.0,996.0,"{'kind': 'PLANT', 'crop': 'MELON', 'planted_day': 0, 'watered_today': True, 'consecutive_unwatered': 0, 'yield_units': 1, 'max_lifespan_step': 312, 'fertilized_until_day': -1}","{'kind': 'PLANT', 'crop': 'MELON', 'planted_day': 0, 'watered_today': True, 'consecutive_unwatered': 0, 'yield_units': 1, 'max_lifespan_step': 312, 'fertilized_until_day': -1}",0,0,OBSERVED
,75,WATER,(),"(4, 3)",MELON,996.0,996.0,"{'kind': 'PLANT', 'crop': 'MELON', 'planted_day': 0, 'watered_today': False, 'consecutive_unwatered': 0, 'yield_units': 1, 'max_lifespan_step': 312, 'fertilized_until_day': -1}","{'kind': 'PLANT', 'crop': 'MELON', 'planted_day': 0, 'watered_today': True, 'consecutive_unwatered': 0, 'yield_units': 1, 'max_lifespan_step': 312, 'fertilized_until_day': -1}",0,0,WATERED
,76,NORTH,(),"(4, 3)",MELON,996.0,996.0,"{'kind': 'PLANT', 'crop': 'MELON', 'planted_day': 0, 'watered_today': True, 'consecutive_unwatered': 0, 'yield_units': 1, 'max_lifespan_step': 312, 'fertilized_until_day': -1}","{'kind': 'PLANT', 'crop': 'MELON', 'planted_day': 0, 'watered_today': True, 'consecutive_unwatered': 0, 'yield_units': 1, 'max_lifespan_step': 312, 'fertilized_until_day': -1}",0,0,OBSERVED
,77,WATER,(),"(4, 2)",MELON,996.0,996.0,"{'kind': 'PLANT', 'crop': 'MELON', 'planted_day': 0, 'watered_today': False, 'consecutive_unwatered': 0, 'yield_units': 1, 'max_lifespan_step': 312, 'fertilized_until_day': -1}","{'kind': 'PLANT', 'crop': 'MELON', 'planted_day': 0, 'watered_today': True, 'consecutive_unwatered': 0, 'yield_units': 1, 'max_lifespan_step': 312, 'fertilized_until_day': -1}",0,0,WATERED
,78,NORTH,(),"(4, 2)",MELON,996.0,996.0,"{'kind': 'PLANT', 'crop': 'MELON', 'planted_day': 0, 'watered_today': True, 'consecutive_unwatered': 0, 'yield_units': 1, 'max_lifespan_step': 312, 'fertilized_until_day': -1}","{'kind': 'PLANT', 'crop': 'MELON', 'planted_day': 0, 'watered_today': True, 'consecutive_unwatered': 0, 'yield_units': 1, 'max_lifespan_step': 312, 'fertilized_until_day': -1}",0,0,OBSERVED
,79,WATER,(),"(4, 1)",MELON,996.0,996.0,"{'kind': 'PLANT', 'crop': 'MELON', 'planted_day': 0, 'watered_today': False, 'consecutive_unwatered': 0, 'yield_units': 1, 'max_lifespan_step': 312, 'fertilized_until_day': -1}","{'kind': 'PLANT', 'crop': 'MELON', 'planted_day': 0, 'watered_today': True, 'consecutive_unwatered': 0, 'yield_units': 1, 'max_lifespan_step': 312, 'fertilized_until_day': -1}",0,0,WATERED
,80,NORTH,(),"(4, 1)",MELON,996.0,996.0,"{'kind': 'PLANT', 'crop': 'MELON', 'planted_day': 0, 'watered_today': True, 'consecutive_unwatered': 0, 'yield_units': 1, 'max_lifespan_step': 312, 'fertilized_until_day': -1}","{'kind': 'PLANT', 'crop': 'MELON', 'planted_day': 0, 'watered_today': True, 'consecutive_unwatered': 0, 'yield_units': 1, 'max_lifespan_step': 312, 'fertilized_until_day': -1}",0,0,OBSERVED
,81,WATER,(),"(4, 0)",MELON,996.0,996.0,"{'kind': 'PLANT', 'crop': 'MELON', 'planted_day': 0, 'watered_today': False, 'consecutive_unwatered': 0, 'yield_units': 1, 'max_lifespan_step': 312, 'fertilized_until_day': -1}","{'kind': 'PLANT', 'crop': 'MELON', 'planted_day': 0, 'watered_today': True, 'consecutive_unwatered': 0, 'yield_units': 1, 'max_lifespan_step': 312, 'fertilized_until_day': -1}",0,0,WATERED
,82,WEST,(),"(4, 0)",MELON,996.0,996.0,"{'kind': 'PLANT', 'crop': 'MELON', 'planted_day': 0, 'watered_today': True, 'consecutive_unwatered': 0, 'yield_units': 1, 'max_lifespan_step': 312, 'fertilized_until_day': -1}","{'kind': 'PLANT', 'crop': 'MELON', 'planted_day': 0, 'watered_today': True, 'consecutive_unwatered': 0, 'yield_units': 1, 'max_lifespan_step': 312, 'fertilized_until_day': -1}",0,0,OBSERVED
,83,WATER,(),"(3, 0)",MELON,996.0,996.0,"{'kind': 'PLANT', 'crop': 'MELON', 'planted_day': 0, 'watered_today': False, 'consecutive_unwatered': 0, 'yield_units': 1, 'max_lifespan_step': 312, 'fertilized_until_day': -1}","{'kind': 'PLANT', 'crop': 'MELON', 'planted_day': 0, 'watered_today': True, 'consecutive_unwatered': 0, 'yield_units': 1, 'max_lifespan_step': 312, 'fertilized_until_day': -1}",0,0,WATERED
,84,WEST,(),"(3, 0)",MELON,996.0,996.0,"{'kind': 'PLANT', 'crop': 'MELON', 'planted_day': 0, 'watered_today': True, 'consecutive_unwatered': 0, 'yield_units': 1, 'max_lifespan_step': 312, 'fertilized_until_day': -1}","{'kind': 'PLANT', 'crop': 'MELON', 'planted_day': 0, 'watered_today': True, 'consecutive_unwatered': 0, 'yield_units': 1, 'max_lifespan_step': 312, 'fertilized_until_day': -1}",0,0,OBSERVED
,85,WATER,(),"(2, 0)",MELON,996.0,996.0,"{'kind': 'PLANT', 'crop': 'MELON', 'planted_day': 0, 'watered_today': False, 'consecutive_unwatered': 0, 'yield_units': 1, 'max_lifespan_step': 312, 'fertilized_until_day': -1}","{'kind': 'PLANT', 'crop': 'MELON', 'planted_day': 0, 'watered_today': True, 'consecutive_unwatered': 0, 'yield_units': 1, 'max_lifespan_step': 312, 'fertilized_until_day': -1}",0,0,WATERED
,86,WEST,(),"(2, 0)",MELON,996.0,996.0,"{'kind': 'PLANT', 'crop': 'MELON', 'planted_day': 0, 'watered_today': True, 'consecutive_unwatered': 0, 'yield_units': 1, 'max_lifespan_step': 312, 'fertilized_until_day': -1}","{'kind': 'PLANT', 'crop': 'MELON', 'planted_day': 0, 'watered_today': True, 'consecutive_unwatered': 0, 'yield_units': 1, 'max_lifespan_step': 312, 'fertilized_until_day': -1}",0,0,OBSERVED
,87,WATER,(),"(1, 0)",MELON,996.0,996.0,"{'kind': 'PLANT', 'crop': 'MELON', 'planted_day': 0, 'watered_today': False, 'consecutive_unwatered': 0, 'yield_units': 1, 'max_lifespan_step': 312, 'fertilized_until_day': -1}","{'kind': 'PLANT', 'crop': 'MELON', 'planted_day': 0, 'watered_today': True, 'consecutive_unwatered': 0, 'yield_units': 1, 'max_lifespan_step': 312, 'fertilized_until_day': -1}",0,0,WATERED
,88,WEST,(),"(1, 0)",MELON,996.0,996.0,"{'kind': 'PLANT', 'crop': 'MELON', 'planted_day': 0, 'watered_today': True, 'consecutive_unwatered': 0, 'yield_units': 1, 'max_lifespan_step': 312, 'fertilized_until_day': -1}","{'kind': 'PLANT', 'crop': 'MELON', 'planted_day': 0, 'watered_today': True, 'consecutive_unwatered': 0, 'yield_units': 1, 'max_lifespan_step': 312, 'fertilized_until_day': -1}",0,0,OBSERVED
,89,WATER,(),"(0, 0)",MELON,996.0,996.0,"{'kind': 'PLANT', 'crop': 'MELON', 'planted_day': 0, 'watered_today': False, 'consecutive_unwatered': 0, 'yield_units': 1, 'max_lifespan_step': 312, 'fertilized_until_day': -1}","{'kind': 'PLANT', 'crop': 'MELON', 'planted_day': 0, 'watered_today': True, 'consecutive_unwatered': 0, 'yield_units': 1, 'max_lifespan_step': 312, 'fertilized_until_day': -1}",0,0,WATERED
,90,SOUTH,(),"(0, 0)",MELON,996.0,996.0,"{'kind': 'PLANT', 'crop': 'MELON', 'planted_day': 0, 'watered_today': True, 'consecutive_unwatered': 0, 'yield_units': 1, 'max_lifespan_step': 312, 'fertilized_until_day': -1}","{'kind': 'PLANT', 'crop': 'MELON', 'planted_day': 0, 'watered_today': True, 'consecutive_unwatered': 0, 'yield_units': 1, 'max_lifespan_step': 312, 'fertilized_until_day': -1}",0,0,OBSERVED
,91,WATER,(),"(0, 1)",MELON,996.0,996.0,"{'kind': 'PLANT', 'crop': 'MELON', 'planted_day': 1, 'watered_today': False, 'consecutive_unwatered': 0, 'yield_units': 1, 'max_lifespan_step': 336, 'fertilized_until_day': -1}","{'kind': 'PLANT', 'crop': 'MELON', 'planted_day': 1, 'watered_today': True, 'consecutive_unwatered': 0, 'yield_units': 1, 'max_lifespan_step': 336, 'fertilized_until_day': -1}",0,0,WATERED
,92,EAST,(),"(0, 1)",MELON,996.0,996.0,"{'kind': 'PLANT', 'crop': 'MELON', 'planted_day': 1, 'watered_today': True, 'consecutive_unwatered': 0, 'yield_units': 1, 'max_lifespan_step': 336, 'fertilized_until_day': -1}","{'kind': 'PLANT', 'crop': 'MELON', 'planted_day': 1, 'watered_today': True, 'consecutive_unwatered': 0, 'yield_units': 1, 'max_lifespan_step': 336, 'fertilized_until_day': -1}",0,0,OBSERVED
,93,WATER,(),"(1, 1)",MELON,996.0,996.0,"{'kind': 'PLANT', 'crop': 'MELON', 'planted_day': 1, 'watered_today': False, 'consecutive_unwatered': 0, 'yield_units': 1, 'max_lifespan_step': 336, 'fertilized_until_day': -1}","{'kind': 'PLANT', 'crop': 'MELON', 'planted_day': 1, 'watered_today': True, 'consecutive_unwatered': 0, 'yield_units': 1, 'max_lifespan_step': 336, 'fertilized_until_day': -1}",0,0,WATERED
,94,EAST,(),"(1, 1)",MELON,996.0,996.0,"{'kind': 'PLANT', 'crop': 'MELON', 'planted_day': 1, 'watered_today': True, 'consecutive_unwatered': 0, 'yield_units': 1, 'max_lifespan_step': 336, 'fertilized_until_day': -1}","{'kind': 'PLANT', 'crop': 'MELON', 'planted_day': 1, 'watered_today': True, 'consecutive_unwatered': 0, 'yield_units': 1, 'max_lifespan_step': 336, 'fertilized_until_day': -1}",0,0,OBSERVED
,95,NORTH,(),"(2, 1)",,996.0,996.0,{'kind': 'WEED'},{'kind': 'WEED'},,,OBSERVED
,96,HARVEST,(),"(4, 4)",MELON,996.0,995.0,"{'kind': 'PLANT', 'crop': 'MELON', 'planted_day': 0, 'watered_today': False, 'consecutive_unwatered': 0, 'yield_units': 1, 'max_lifespan_step': 312, 'fertilized_until_day': -1}","{'kind': 'PLANT', 'crop': 'MELON', 'planted_day': 0, 'watered_today': False, 'consecutive_unwatered': 0, 'yield_units': 1, 'max_lifespan_step': 312, 'fertilized_until_day': -1}",0,0,NO_EFFECT
,97,WATER,(),"(4, 4)",MELON,995.0,995.0,"{'kind': 'PLANT', 'crop': 'MELON', 'planted_day': 0, 'watered_today': False, 'consecutive_unwatered': 0, 'yield_units': 1, 'max_lifespan_step': 312, 'fertilized_until_day': -1}","{'kind': 'PLANT', 'crop': 'MELON', 'planted_day': 0, 'watered_today': True, 'consecutive_unwatered': 0, 'yield_units': 1, 'max_lifespan_step': 312, 'fertilized_until_day': -1}",0,0,WATERED
,98,NORTH,(),"(4, 4)",MELON,995.0,995.0,"{'kind': 'PLANT', 'crop': 'MELON', 'planted_day': 0, 'watered_today': True, 'consecutive_unwatered': 0, 'yield_units': 1, 'max_lifespan_step': 312, 'fertilized_until_day': -1}","{'kind': 'PLANT', 'crop': 'MELON', 'planted_day': 0, 'watered_today': True, 'consecutive_unwatered': 0, 'yield_units': 1, 'max_lifespan_step': 312, 'fertilized_until_day': -1}",0,0,OBSERVED
,99,WATER,(),"(4, 3)",MELON,995.0,995.0,"{'kind': 'PLANT', 'crop': 'MELON', 'planted_day': 0, 'watered_today': False, 'consecutive_unwatered': 0, 'yield_units': 1, 'max_lifespan_step': 312, 'fertilized_until_day': -1}","{'kind': 'PLANT', 'crop': 'MELON', 'planted_day': 0, 'watered_today': True, 'consecutive_unwatered': 0, 'yield_units': 1, 'max_lifespan_step': 312, 'fertilized_until_day': -1}",0,0,WATERED
,100,NORTH,(),"(4, 3)",MELON,995.0,995.0,"{'kind': 'PLANT', 'crop': 'MELON', 'planted_day': 0, 'watered_today': True, 'consecutive_unwatered': 0, 'yield_units': 1, 'max_lifespan_step': 312, 'fertilized_until_day': -1}","{'kind': 'PLANT', 'crop': 'MELON', 'planted_day': 0, 'watered_today': True, 'consecutive_unwatered': 0, 'yield_units': 1, 'max_lifespan_step': 312, 'fertilized_until_day': -1}",0,0,OBSERVED
,101,WATER,(),"(4, 2)",MELON,995.0,995.0,"{'kind': 'PLANT', 'crop': 'MELON', 'planted_day': 0, 'watered_today': False, 'consecutive_unwatered': 0, 'yield_units': 1, 'max_lifespan_step': 312, 'fertilized_until_day': -1}","{'kind': 'PLANT', 'crop': 'MELON', 'planted_day': 0, 'watered_today': True, 'consecutive_unwatered': 0, 'yield_units': 1, 'max_lifespan_step': 312, 'fertilized_until_day': -1}",0,0,WATERED
,102,NORTH,(),"(4, 2)",MELON,995.0,995.0,"{'kind': 'PLANT', 'crop': 'MELON', 'planted_day': 0, 'watered_today': True, 'consecutive_unwatered': 0, 'yield_units': 1, 'max_lifespan_step': 312, 'fertilized_until_day': -1}","{'kind': 'PLANT', 'crop': 'MELON', 'planted_day': 0, 'watered_today': True, 'consecutive_unwatered': 0, 'yield_units': 1, 'max_lifespan_step': 312, 'fertilized_until_day': -1}",0,0,OBSERVED
,103,WATER,(),"(4, 1)",MELON,995.0,995.0,"{'kind': 'PLANT', 'crop': 'MELON', 'planted_day': 0, 'watered_today': False, 'consecutive_unwatered': 0, 'yield_units': 1, 'max_lifespan_step': 312, 'fertilized_until_day': -1}","{'kind': 'PLANT', 'crop': 'MELON', 'planted_day': 0, 'watered_today': True, 'consecutive_unwatered': 0, 'yield_units': 1, 'max_lifespan_step': 312, 'fertilized_until_day': -1}",0,0,WATERED
,104,NORTH,(),"(4, 1)",MELON,995.0,995.0,"{'kind': 'PLANT', 'crop': 'MELON', 'planted_day': 0, 'watered_today': True, 'consecutive_unwatered': 0, 'yield_units': 1, 'max_lifespan_step': 312, 'fertilized_until_day': -1}","{'kind': 'PLANT', 'crop': 'MELON', 'planted_day': 0, 'watered_today': True, 'consecutive_unwatered': 0, 'yield_units': 1, 'max_lifespan_step': 312, 'fertilized_until_day': -1}",0,0,OBSERVED
,105,WATER,(),"(4, 0)",MELON,995.0,995.0,"{'kind': 'PLANT', 'crop': 'MELON', 'planted_day': 0, 'watered_today': False, 'consecutive_unwatered': 0, 'yield_units': 1, 'max_lifespan_step': 312, 'fertilized_until_day': -1}","{'kind': 'PLANT', 'crop': 'MELON', 'planted_day': 0, 'watered_today': True, 'consecutive_unwatered': 0, 'yield_units': 1, 'max_lifespan_step': 312, 'fertilized_until_day': -1}",0,0,WATERED
,106,WEST,(),"(4, 0)",MELON,995.0,995.0,"{'kind': 'PLANT', 'crop': 'MELON', 'planted_day': 0, 'watered_today': True, 'consecutive_unwatered': 0, 'yield_units': 1, 'max_lifespan_step': 312, 'fertilized_until_day': -1}","{'kind': 'PLANT', 'crop': 'MELON', 'planted_day': 0, 'watered_today': True, 'consecutive_unwatered': 0, 'yield_units': 1, 'max_lifespan_step': 312, 'fertilized_until_day': -1}",0,0,OBSERVED
,107,WATER,(),"(3, 0)",MELON,995.0,995.0,"{'kind': 'PLANT', 'crop': 'MELON', 'planted_day': 0, 'watered_today': False, 'consecutive_unwatered': 0, 'yield_units': 1, 'max_lifespan_step': 312, 'fertilized_until_day': -1}","{'kind': 'PLANT', 'crop': 'MELON', 'planted_day': 0, 'watered_today': True, 'consecutive_unwatered': 0, 'yield_units': 1, 'max_lifespan_step': 312, 'fertilized_until_day': -1}",0,0,WATERED
,108,WEST,(),"(3, 0)",MELON,995.0,995.0,"{'kind': 'PLANT', 'crop': 'MELON', 'planted_day': 0, 'watered_today': True, 'consecutive_unwatered': 0, 'yield_units': 1, 'max_lifespan_step': 312, 'fertilized_until_day': -1}","{'kind': 'PLANT', 'crop': 'MELON', 'planted_day': 0, 'watered_today': True, 'consecutive_unwatered': 0, 'yield_units': 1, 'max_lifespan_step': 312, 'fertilized_until_day': -1}",0,0,OBSERVED
,109,WATER,(),"(2, 0)",MELON,995.0,995.0,"{'kind': 'PLANT', 'crop': 'MELON', 'planted_day': 0, 'watered_today': False, 'consecutive_unwatered': 0, 'yield_units': 1, 'max_lifespan_step': 312, 'fertilized_until_day': -1}","{'kind': 'PLANT', 'crop': 'MELON', 'planted_day': 0, 'watered_today': True, 'consecutive_unwatered': 0, 'yield_units': 1, 'max_lifespan_step': 312, 'fertilized_until_day': -1}",0,0,WATERED
,110,WEST,(),"(2, 0)",MELON,995.0,995.0,"{'kind': 'PLANT', 'crop': 'MELON', 'planted_day': 0, 'watered_today': True, 'consecutive_unwatered': 0, 'yield_units': 1, 'max_lifespan_step': 312, 'fertilized_until_day': -1}","{'kind': 'PLANT', 'crop': 'MELON', 'planted_day': 0, 'watered_today': True, 'consecutive_unwatered': 0, 'yield_units': 1, 'max_lifespan_step': 312, 'fertilized_until_day': -1}",0,0,OBSERVED
,111,WATER,(),"(1, 0)",MELON,995.0,995.0,"{'kind': 'PLANT', 'crop': 'MELON', 'planted_day': 0, 'watered_today': False, 'consecutive_unwatered': 0, 'yield_units': 1, 'max_lifespan_step': 312, 'fertilized_until_day': -1}","{'kind': 'PLANT', 'crop': 'MELON', 'planted_day': 0, 'watered_today': True, 'consecutive_unwatered': 0, 'yield_units': 1, 'max_lifespan_step': 312, 'fertilized_until_day': -1}",0,0,WATERED
,112,WEST,(),"(1, 0)",MELON,995.0,995.0,"{'kind': 'PLANT', 'crop': 'MELON', 'planted_day': 0, 'watered_today': True, 'consecutive_unwatered': 0, 'yield_units': 1, 'max_lifespan_step': 312, 'fertilized_until_day': -1}","{'kind': 'PLANT', 'crop': 'MELON', 'planted_day': 0, 'watered_today': True, 'consecutive_unwatered': 0, 'yield_units': 1, 'max_lifespan_step': 312, 'fertilized_until_day': -1}",0,0,OBSERVED
,113,WATER,(),"(0, 0)",MELON,995.0,995.0,"{'kind': 'PLANT', 'crop': 'MELON', 'planted_day': 0, 'watered_today': False, 'consecutive_unwatered': 0, 'yield_units': 1, 'max_lifespan_step': 312, 'fertilized_until_day': -1}","{'kind': 'PLANT', 'crop': 'MELON', 'planted_day': 0, 'watered_today': True, 'consecutive_unwatered': 0, 'yield_units': 1, 'max_lifespan_step': 312, 'fertilized_until_day': -1}",0,0,WATERED
,114,SOUTH,(),"(0, 0)",MELON,995.0,995.0,"{'kind': 'PLANT', 'crop': 'MELON', 'planted_day': 0, 'watered_today': True, 'consecutive_unwatered': 0, 'yield_units': 1, 'max_lifespan_step': 312, 'fertilized_until_day': -1}","{'kind': 'PLANT', 'crop': 'MELON', 'planted_day': 0, 'watered_today': True, 'consecutive_unwatered': 0, 'yield_units': 1, 'max_lifespan_step': 312, 'fertilized_until_day': -1}",0,0,OBSERVED
,115,WATER,(),"(0, 1)",MELON,995.0,995.0,"{'kind': 'PLANT', 'crop': 'MELON', 'planted_day': 1, 'watered_today': False, 'consecutive_unwatered': 0, 'yield_units': 1, 'max_lifespan_step': 336, 'fertilized_until_day': -1}","{'kind': 'PLANT', 'crop': 'MELON', 'planted_day': 1, 'watered_today': True, 'consecutive_unwatered': 0, 'yield_units': 1, 'max_lifespan_step': 336, 'fertilized_until_day': -1}",0,0,WATERED
,116,EAST,(),"(0, 1)",MELON,995.0,995.0,"{'kind': 'PLANT', 'crop': 'MELON', 'planted_day': 1, 'watered_today': True, 'consecutive_unwatered': 0, 'yield_units': 1, 'max_lifespan_step': 336, 'fertilized_until_day': -1}","{'kind': 'PLANT', 'crop': 'MELON', 'planted_day': 1, 'watered_today': True, 'consecutive_unwatered': 0, 'yield_units': 1, 'max_lifespan_step': 336, 'fertilized_until_day': -1}",0,0,OBSERVED
,117,WATER,(),"(1, 1)",MELON,995.0,995.0,"{'kind': 'PLANT', 'crop': 'MELON', 'planted_day': 1, 'watered_today': False, 'consecutive_unwatered': 0, 'yield_units': 1, 'max_lifespan_step': 336, 'fertilized_until_day': -1}","{'kind': 'PLANT', 'crop': 'MELON', 'planted_day': 1, 'watered_today': True, 'consecutive_unwatered': 0, 'yield_units': 1, 'max_lifespan_step': 336, 'fertilized_until_day': -1}",0,0,WATERED
,118,EAST,(),"(1, 1)",MELON,995.0,995.0,"{'kind': 'PLANT', 'crop': 'MELON', 'planted_day': 1, 'watered_today': True, 'consecutive_unwatered': 0, 'yield_units': 1, 'max_lifespan_step': 336, 'fertilized_until_day': -1}","{'kind': 'PLANT', 'crop': 'MELON', 'planted_day': 1, 'watered_today': True, 'consecutive_unwatered': 0, 'yield_units': 1, 'max_lifespan_step': 336, 'fertilized_until_day': -1}",0,0,OBSERVED
,119,NORTH,(),"(2, 1)",,995.0,995.0,{'kind': 'WEED'},{'kind': 'WEED'},,,OBSERVED
,120,HARVEST,(),"(4, 4)",MELON,995.0,994.0,"{'kind': 'PLANT', 'crop': 'MELON', 'planted_day': 0, 'watered_today': False, 'consecutive_unwatered': 0, 'yield_units': 1, 'max_lifespan_step': 312, 'fertilized_until_day': -1}","{'kind': 'PLANT', 'crop': 'MELON', 'planted_day': 0, 'watered_today': False, 'consecutive_unwatered': 0, 'yield_units': 1, 'max_lifespan_step': 312, 'fertilized_until_day': -1}",0,0,NO_EFFECT
,121,WATER,(),"(4, 4)",MELON,994.0,994.0,"{'kind': 'PLANT', 'crop': 'MELON', 'planted_day': 0, 'watered_today': False, 'consecutive_unwatered': 0, 'yield_units': 1, 'max_lifespan_step': 312, 'fertilized_until_day': -1}","{'kind': 'PLANT', 'crop': 'MELON', 'planted_day': 0, 'watered_today': True, 'consecutive_unwatered': 0, 'yield_units': 1, 'max_lifespan_step': 312, 'fertilized_until_day': -1}",0,0,WATERED
,122,NORTH,(),"(4, 4)",MELON,994.0,994.0,"{'kind': 'PLANT', 'crop': 'MELON', 'planted_day': 0, 'watered_today': True, 'consecutive_unwatered': 0, 'yield_units': 1, 'max_lifespan_step': 312, 'fertilized_until_day': -1}","{'kind': 'PLANT', 'crop': 'MELON', 'planted_day': 0, 'watered_today': True, 'consecutive_unwatered': 0, 'yield_units': 1, 'max_lifespan_step': 312, 'fertilized_until_day': -1}",0,0,OBSERVED
,123,WATER,(),"(4, 3)",MELON,994.0,994.0,"{'kind': 'PLANT', 'crop': 'MELON', 'planted_day': 0, 'watered_today': False, 'consecutive_unwatered': 0, 'yield_units': 1, 'max_lifespan_step': 312, 'fertilized_until_day': -1}","{'kind': 'PLANT', 'crop': 'MELON', 'planted_day': 0, 'watered_today': True, 'consecutive_unwatered': 0, 'yield_units': 1, 'max_lifespan_step': 312, 'fertilized_until_day': -1}",0,0,WATERED
,124,NORTH,(),"(4, 3)",MELON,994.0,994.0,"{'kind': 'PLANT', 'crop': 'MELON', 'planted_day': 0, 'watered_today': True, 'consecutive_unwatered': 0, 'yield_units': 1, 'max_lifespan_step': 312, 'fertilized_until_day': -1}","{'kind': 'PLANT', 'crop': 'MELON', 'planted_day': 0, 'watered_today': True, 'consecutive_unwatered': 0, 'yield_units': 1, 'max_lifespan_step': 312, 'fertilized_until_day': -1}",0,0,OBSERVED
,125,WATER,(),"(4, 2)",MELON,994.0,994.0,"{'kind': 'PLANT', 'crop': 'MELON', 'planted_day': 0, 'watered_today': False, 'consecutive_unwatered': 0, 'yield_units': 1, 'max_lifespan_step': 312, 'fertilized_until_day': -1}","{'kind': 'PLANT', 'crop': 'MELON', 'planted_day': 0, 'watered_today': True, 'consecutive_unwatered': 0, 'yield_units': 1, 'max_lifespan_step': 312, 'fertilized_until_day': -1}",0,0,WATERED
,126,NORTH,(),"(4, 2)",MELON,994.0,994.0,"{'kind': 'PLANT', 'crop': 'MELON', 'planted_day': 0, 'watered_today': True, 'consecutive_unwatered': 0, 'yield_units': 1, 'max_lifespan_step': 312, 'fertilized_until_day': -1}","{'kind': 'PLANT', 'crop': 'MELON', 'planted_day': 0, 'watered_today': True, 'consecutive_unwatered': 0, 'yield_units': 1, 'max_lifespan_step': 312, 'fertilized_until_day': -1}",0,0,OBSERVED
,127,WATER,(),"(4, 1)",MELON,994.0,994.0,"{'kind': 'PLANT', 'crop': 'MELON', 'planted_day': 0, 'watered_today': False, 'consecutive_unwatered': 0, 'yield_units': 1, 'max_lifespan_step': 312, 'fertilized_until_day': -1}","{'kind': 'PLANT', 'crop': 'MELON', 'planted_day': 0, 'watered_today': True, 'consecutive_unwatered': 0, 'yield_units': 1, 'max_lifespan_step': 312, 'fertilized_until_day': -1}",0,0,WATERED
,128,NORTH,(),"(4, 1)",MELON,994.0,994.0,"{'kind': 'PLANT', 'crop': 'MELON', 'planted_day': 0, 'watered_today': True, 'consecutive_unwatered': 0, 'yield_units': 1, 'max_lifespan_step': 312, 'fertilized_until_day': -1}","{'kind': 'PLANT', 'crop': 'MELON', 'planted_day': 0, 'watered_today': True, 'consecutive_unwatered': 0, 'yield_units': 1, 'max_lifespan_step': 312, 'fertilized_until_day': -1}",0,0,OBSERVED
,129,WATER,(),"(4, 0)",MELON,994.0,994.0,"{'kind': 'PLANT', 'crop': 'MELON', 'planted_day': 0, 'watered_today': False, 'consecutive_unwatered': 0, 'yield_units': 1, 'max_lifespan_step': 312, 'fertilized_until_day': -1}","{'kind': 'PLANT', 'crop': 'MELON', 'planted_day': 0, 'watered_today': True, 'consecutive_unwatered': 0, 'yield_units': 1, 'max_lifespan_step': 312, 'fertilized_until_day': -1}",0,0,WATERED
,130,WEST,(),"(4, 0)",MELON,994.0,994.0,"{'kind': 'PLANT', 'crop': 'MELON', 'planted_day': 0, 'watered_today': True, 'consecutive_unwatered': 0, 'yield_units': 1, 'max_lifespan_step': 312, 'fertilized_until_day': -1}","{'kind': 'PLANT', 'crop': 'MELON', 'planted_day': 0, 'watered_today': True, 'consecutive_unwatered': 0, 'yield_units': 1, 'max_lifespan_step': 312, 'fertilized_until_day': -1}",0,0,OBSERVED
,131,WATER,(),"(3, 0)",MELON,994.0,994.0,"{'kind': 'PLANT', 'crop': 'MELON', 'planted_day': 0, 'watered_today': False, 'consecutive_unwatered': 0, 'yield_units': 1, 'max_lifespan_step': 312, 'fertilized_until_day': -1}","{'kind': 'PLANT', 'crop': 'MELON', 'planted_day': 0, 'watered_today': True, 'consecutive_unwatered': 0, 'yield_units': 1, 'max_lifespan_step': 312, 'fertilized_until_day': -1}",0,0,WATERED
,132,WEST,(),"(3, 0)",MELON,994.0,994.0,"{'kind': 'PLANT', 'crop': 'MELON', 'planted_day': 0, 'watered_today': True, 'consecutive_unwatered': 0, 'yield_units': 1, 'max_lifespan_step': 312, 'fertilized_until_day': -1}","{'kind': 'PLANT', 'crop': 'MELON', 'planted_day': 0, 'watered_today': True, 'consecutive_unwatered': 0, 'yield_units': 1, 'max_lifespan_step': 312, 'fertilized_until_day': -1}",0,0,OBSERVED
,133,WATER,(),"(2, 0)",MELON,994.0,994.0,"{'kind': 'PLANT', 'crop': 'MELON', 'planted_day': 0, 'watered_today': False, 'consecutive_unwatered': 0, 'yield_units': 1, 'max_lifespan_step': 312, 'fertilized_until_day': -1}","{'kind': 'PLANT', 'crop': 'MELON', 'planted_day': 0, 'watered_today': True, 'consecutive_unwatered': 0, 'yield_units': 1, 'max_lifespan_step': 312, 'fertilized_until_day': -1}",0,0,WATERED
,134,WEST,(),"(2, 0)",MELON,994.0,994.0,"{'kind': 'PLANT', 'crop': 'MELON', 'planted_day': 0, 'watered_today': True, 'consecutive_unwatered': 0, 'yield_units': 1, 'max_lifespan_step': 312, 'fertilized_until_day': -1}","{'kind': 'PLANT', 'crop': 'MELON', 'planted_day': 0, 'watered_today': True, 'consecutive_unwatered': 0, 'yield_units': 1, 'max_lifespan_step': 312, 'fertilized_until_day': -1}",0,0,OBSERVED
,135,WATER,(),"(1, 0)",MELON,994.0,994.0,"{'kind': 'PLANT', 'crop': 'MELON', 'planted_day': 0, 'watered_today': False, 'consecutive_unwatered': 0, 'yield_units': 1, 'max_lifespan_step': 312, 'fertilized_until_day': -1}","{'kind': 'PLANT', 'crop': 'MELON', 'planted_day': 0, 'watered_today': True, 'consecutive_unwatered': 0, 'yield_units': 1, 'max_lifespan_step': 312, 'fertilized_until_day': -1}",0,0,WATERED
,136,WEST,(),"(1, 0)",MELON,994.0,994.0,"{'kind': 'PLANT', 'crop': 'MELON', 'planted_day': 0, 'watered_today': True, 'consecutive_unwatered': 0, 'yield_units': 1, 'max_lifespan_step': 312, 'fertilized_until_day': -1}","{'kind': 'PLANT', 'crop': 'MELON', 'planted_day': 0, 'watered_today': True, 'consecutive_unwatered': 0, 'yield_units': 1, 'max_lifespan_step': 312, 'fertilized_until_day': -1}",0,0,OBSERVED
,137,WATER,(),"(0, 0)",MELON,994.0,994.0,"{'kind': 'PLANT', 'crop': 'MELON', 'planted_day': 0, 'watered_today': False, 'consecutive_unwatered': 0, 'yield_units': 1, 'max_lifespan_step': 312, 'fertilized_until_day': -1}","{'kind': 'PLANT', 'crop': 'MELON', 'planted_day': 0, 'watered_today': True, 'consecutive_unwatered': 0, 'yield_units': 1, 'max_lifespan_step': 312, 'fertilized_until_day': -1}",0,0,WATERED
,138,SOUTH,(),"(0, 0)",MELON,994.0,994.0,"{'kind': 'PLANT', 'crop': 'MELON', 'planted_day': 0, 'watered_today': True, 'consecutive_unwatered': 0, 'yield_units': 1, 'max_lifespan_step': 312, 'fertilized_until_day': -1}","{'kind': 'PLANT', 'crop': 'MELON', 'planted_day': 0, 'watered_today': True, 'consecutive_unwatered': 0, 'yield_units': 1, 'max_lifespan_step': 312, 'fertilized_until_day': -1}",0,0,OBSERVED
,139,WATER,(),"(0, 1)",MELON,994.0,994.0,"{'kind': 'PLANT', 'crop': 'MELON', 'planted_day': 1, 'watered_today': False, 'consecutive_unwatered': 0, 'yield_units': 1, 'max_lifespan_step': 336, 'fertilized_until_day': -1}","{'kind': 'PLANT', 'crop': 'MELON', 'planted_day': 1, 'watered_today': True, 'consecutive_unwatered': 0, 'yield_units': 1, 'max_lifespan_step': 336, 'fertilized_until_day': -1}",0,0,WATERED
,140,EAST,(),"(0, 1)",MELON,994.0,994.0,"{'kind': 'PLANT', 'crop': 'MELON', 'planted_day': 1, 'watered_today': True, 'consecutive_unwatered': 0, 'yield_units': 1, 'max_lifespan_step': 336, 'fertilized_until_day': -1}","{'kind': 'PLANT', 'crop': 'MELON', 'planted_day': 1, 'watered_today': True, 'consecutive_unwatered': 0, 'yield_units': 1, 'max_lifespan_step': 336, 'fertilized_until_day': -1}",0,0,OBSERVED
,141,WATER,(),"(1, 1)",MELON,994.0,994.0,"{'kind': 'PLANT', 'crop': 'MELON', 'planted_day': 1, 'watered_today': False, 'consecutive_unwatered': 0, 'yield_units': 1, 'max_lifespan_step': 336, 'fertilized_until_day': -1}","{'kind': 'PLANT', 'crop': 'MELON', 'planted_day': 1, 'watered_today': True, 'consecutive_unwatered': 0, 'yield_units': 1, 'max_lifespan_step': 336, 'fertilized_until_day': -1}",0,0,WATERED
,142,EAST,(),"(1, 1)",MELON,994.0,994.0,"{'kind': 'PLANT', 'crop': 'MELON', 'planted_day': 1, 'watered_today': True, 'consecutive_unwatered': 0, 'yield_units': 1, 'max_lifespan_step': 336, 'fertilized_until_day': -1}","{'kind': 'PLANT', 'crop': 'MELON', 'planted_day': 1, 'watered_today': True, 'consecutive_unwatered': 0, 'yield_units': 1, 'max_lifespan_step': 336, 'fertilized_until_day': -1}",0,0,OBSERVED
,143,NORTH,(),"(2, 1)",,994.0,994.0,{'kind': 'WEED'},{'kind': 'WEED'},,,OBSERVED
,144,HARVEST,(),"(4, 4)",MELON,994.0,993.0,"{'kind': 'PLANT', 'crop': 'MELON', 'planted_day': 0, 'watered_today': False, 'consecutive_unwatered': 0, 'yield_units': 1, 'max_lifespan_step': 312, 'fertilized_until_day': -1}","{'kind': 'PLANT', 'crop': 'MELON', 'planted_day': 0, 'watered_today': False, 'consecutive_unwatered': 0, 'yield_units': 1, 'max_lifespan_step': 312, 'fertilized_until_day': -1}",0,0,NO_EFFECT
,145,WATER,(),"(4, 4)",MELON,993.0,993.0,"{'kind': 'PLANT', 'crop': 'MELON', 'planted_day': 0, 'watered_today': False, 'consecutive_unwatered': 0, 'yield_units': 1, 'max_lifespan_step': 312, 'fertilized_until_day': -1}","{'kind': 'PLANT', 'crop': 'MELON', 'planted_day': 0, 'watered_today': True, 'consecutive_unwatered': 0, 'yield_units': 2, 'max_lifespan_step': 312, 'fertilized_until_day': -1}",0,0,WATERED
,146,NORTH,(),"(4, 4)",MELON,993.0,993.0,"{'kind': 'PLANT', 'crop': 'MELON', 'planted_day': 0, 'watered_today': True, 'consecutive_unwatered': 0, 'yield_units': 2, 'max_lifespan_step': 312, 'fertilized_until_day': -1}","{'kind': 'PLANT', 'crop': 'MELON', 'planted_day': 0, 'watered_today': True, 'consecutive_unwatered': 0, 'yield_units': 2, 'max_lifespan_step': 312, 'fertilized_until_day': -1}",0,0,OBSERVED
,147,WATER,(),"(4, 3)",MELON,993.0,993.0,"{'kind': 'PLANT', 'crop': 'MELON', 'planted_day': 0, 'watered_today': False, 'consecutive_unwatered': 0, 'yield_units': 1, 'max_lifespan_step': 312, 'fertilized_until_day': -1}","{'kind': 'PLANT', 'crop': 'MELON', 'planted_day': 0, 'watered_today': True, 'consecutive_unwatered': 0, 'yield_units': 2, 'max_lifespan_step': 312, 'fertilized_until_day': -1}",0,0,WATERED
,148,NORTH,(),"(4, 3)",MELON,993.0,993.0,"{'kind': 'PLANT', 'crop': 'MELON', 'planted_day': 0, 'watered_today': True, 'consecutive_unwatered': 0, 'yield_units': 2, 'max_lifespan_step': 312, 'fertilized_until_day': -1}","{'kind': 'PLANT', 'crop': 'MELON', 'planted_day': 0, 'watered_today': True, 'consecutive_unwatered': 0, 'yield_units': 2, 'max_lifespan_step': 312, 'fertilized_until_day': -1}",0,0,OBSERVED
,149,WATER,(),"(4, 2)",MELON,993.0,993.0,"{'kind': 'PLANT', 'crop': 'MELON', 'planted_day': 0, 'watered_today': False, 'consecutive_unwatered': 0, 'yield_units': 1, 'max_lifespan_step': 312, 'fertilized_until_day': -1}","{'kind': 'PLANT', 'crop': 'MELON', 'planted_day': 0, 'watered_today': True, 'consecutive_unwatered': 0, 'yield_units': 2, 'max_lifespan_step': 312, 'fertilized_until_day': -1}",0,0,WATERED
,150,NORTH,(),"(4, 2)",MELON,993.0,993.0,"{'kind': 'PLANT', 'crop': 'MELON', 'planted_day': 0, 'watered_today': True, 'consecutive_unwatered': 0, 'yield_units': 2, 'max_lifespan_step': 312, 'fertilized_until_day': -1}","{'kind': 'PLANT', 'crop': 'MELON', 'planted_day': 0, 'watered_today': True, 'consecutive_unwatered': 0, 'yield_units': 2, 'max_lifespan_step': 312, 'fertilized_until_day': -1}",0,0,OBSERVED
,151,WATER,(),"(4, 1)",MELON,993.0,993.0,"{'kind': 'PLANT', 'crop': 'MELON', 'planted_day': 0, 'watered_today': False, 'consecutive_unwatered': 0, 'yield_units': 1, 'max_lifespan_step': 312, 'fertilized_until_day': -1}","{'kind': 'PLANT', 'crop': 'MELON', 'planted_day': 0, 'watered_today': True, 'consecutive_unwatered': 0, 'yield_units': 2, 'max_lifespan_step': 312, 'fertilized_until_day': -1}",0,0,WATERED
,152,NORTH,(),"(4, 1)",MELON,993.0,993.0,"{'kind': 'PLANT', 'crop': 'MELON', 'planted_day': 0, 'watered_today': True, 'consecutive_unwatered': 0, 'yield_units': 2, 'max_lifespan_step': 312, 'fertilized_until_day': -1}","{'kind': 'PLANT', 'crop': 'MELON', 'planted_day': 0, 'watered_today': True, 'consecutive_unwatered': 0, 'yield_units': 2, 'max_lifespan_step': 312, 'fertilized_until_day': -1}",0,0,OBSERVED
,153,WATER,(),"(4, 0)",MELON,993.0,993.0,"{'kind': 'PLANT', 'crop': 'MELON', 'planted_day': 0, 'watered_today': False, 'consecutive_unwatered': 0, 'yield_units': 1, 'max_lifespan_step': 312, 'fertilized_until_day': -1}","{'kind': 'PLANT', 'crop': 'MELON', 'planted_day': 0, 'watered_today': True, 'consecutive_unwatered': 0, 'yield_units': 2, 'max_lifespan_step': 312, 'fertilized_until_day': -1}",0,0,WATERED
,154,WEST,(),"(4, 0)",MELON,993.0,993.0,"{'kind': 'PLANT', 'crop': 'MELON', 'planted_day': 0, 'watered_today': True, 'consecutive_unwatered': 0, 'yield_units': 2, 'max_lifespan_step': 312, 'fertilized_until_day': -1}","{'kind': 'PLANT', 'crop': 'MELON', 'planted_day': 0, 'watered_today': True, 'consecutive_unwatered': 0, 'yield_units': 2, 'max_lifespan_step': 312, 'fertilized_until_day': -1}",0,0,OBSERVED
,155,WATER,(),"(3, 0)",MELON,993.0,993.0,"{'kind': 'PLANT', 'crop': 'MELON', 'planted_day': 0, 'watered_today': False, 'consecutive_unwatered': 0, 'yield_units': 1, 'max_lifespan_step': 312, 'fertilized_until_day': -1}","{'kind': 'PLANT', 'crop': 'MELON', 'planted_day': 0, 'watered_today': True, 'consecutive_unwatered': 0, 'yield_units': 2, 'max_lifespan_step': 312, 'fertilized_until_day': -1}",0,0,WATERED
,156,WEST,(),"(3, 0)",MELON,993.0,993.0,"{'kind': 'PLANT', 'crop': 'MELON', 'planted_day': 0, 'watered_today': True, 'consecutive_unwatered': 0, 'yield_units': 2, 'max_lifespan_step': 312, 'fertilized_until_day': -1}","{'kind': 'PLANT', 'crop': 'MELON', 'planted_day': 0, 'watered_today': True, 'consecutive_unwatered': 0, 'yield_units': 2, 'max_lifespan_step': 312, 'fertilized_until_day': -1}",0,0,OBSERVED
,157,WATER,(),"(2, 0)",MELON,993.0,993.0,"{'kind': 'PLANT', 'crop': 'MELON', 'planted_day': 0, 'watered_today': False, 'consecutive_unwatered': 0, 'yield_units': 1, 'max_lifespan_step': 312, 'fertilized_until_day': -1}","{'kind': 'PLANT', 'crop': 'MELON', 'planted_day': 0, 'watered_today': True, 'consecutive_unwatered': 0, 'yield_units': 2, 'max_lifespan_step': 312, 'fertilized_until_day': -1}",0,0,WATERED
,158,WEST,(),"(2, 0)",MELON,993.0,993.0,"{'kind': 'PLANT', 'crop': 'MELON', 'planted_day': 0, 'watered_today': True, 'consecutive_unwatered': 0, 'yield_units': 2, 'max_lifespan_step': 312, 'fertilized_until_day': -1}","{'kind': 'PLANT', 'crop': 'MELON', 'planted_day': 0, 'watered_today': True, 'consecutive_unwatered': 0, 'yield_units': 2, 'max_lifespan_step': 312, 'fertilized_until_day': -1}",0,0,OBSERVED
,159,WATER,(),"(1, 0)",MELON,993.0,993.0,"{'kind': 'PLANT', 'crop': 'MELON', 'planted_day': 0, 'watered_today': False, 'consecutive_unwatered': 0, 'yield_units': 1, 'max_lifespan_step': 312, 'fertilized_until_day': -1}","{'kind': 'PLANT', 'crop': 'MELON', 'planted_day': 0, 'watered_today': True, 'consecutive_unwatered': 0, 'yield_units': 2, 'max_lifespan_step': 312, 'fertilized_until_day': -1}",0,0,WATERED
,160,WEST,(),"(1, 0)",MELON,993.0,993.0,"{'kind': 'PLANT', 'crop': 'MELON', 'planted_day': 0, 'watered_today': True, 'consecutive_unwatered': 0, 'yield_units': 2, 'max_lifespan_step': 312, 'fertilized_until_day': -1}","{'kind': 'PLANT', 'crop': 'MELON', 'planted_day': 0, 'watered_today': True, 'consecutive_unwatered': 0, 'yield_units': 2, 'max_lifespan_step': 312, 'fertilized_until_day': -1}",0,0,OBSERVED
,161,WATER,(),"(0, 0)",MELON,993.0,993.0,"{'kind': 'PLANT', 'crop': 'MELON', 'planted_day': 0, 'watered_today': False, 'consecutive_unwatered': 0, 'yield_units': 1, 'max_lifespan_step': 312, 'fertilized_until_day': -1}","{'kind': 'PLANT', 'crop': 'MELON', 'planted_day': 0, 'watered_today': True, 'consecutive_unwatered': 0, 'yield_units': 2, 'max_lifespan_step': 312, 'fertilized_until_day': -1}",0,0,WATERED
,162,SOUTH,(),"(0, 0)",MELON,993.0,993.0,"{'kind': 'PLANT', 'crop': 'MELON', 'planted_day': 0, 'watered_today': True, 'consecutive_unwatered': 0, 'yield_units': 2, 'max_lifespan_step': 312, 'fertilized_until_day': -1}","{'kind': 'PLANT', 'crop': 'MELON', 'planted_day': 0, 'watered_today': True, 'consecutive_unwatered': 0, 'yield_units': 2, 'max_lifespan_step': 312, 'fertilized_until_day': -1}",0,0,OBSERVED
,163,WATER,(),"(0, 1)",MELON,993.0,993.0,"{'kind': 'PLANT', 'crop': 'MELON', 'planted_day': 1, 'watered_today': False, 'consecutive_unwatered': 0, 'yield_units': 1, 'max_lifespan_step': 336, 'fertilized_until_day': -1}","{'kind': 'PLANT', 'crop': 'MELON', 'planted_day': 1, 'watered_today': True, 'consecutive_unwatered': 0, 'yield_units': 1, 'max_lifespan_step': 336, 'fertilized_until_day': -1}",0,0,WATERED
,164,EAST,(),"(0, 1)",MELON,993.0,993.0,"{'kind': 'PLANT', 'crop': 'MELON', 'planted_day': 1, 'watered_today': True, 'consecutive_unwatered': 0, 'yield_units': 1, 'max_lifespan_step': 336, 'fertilized_until_day': -1}","{'kind': 'PLANT', 'crop': 'MELON', 'planted_day': 1, 'watered_today': True, 'consecutive_unwatered': 0, 'yield_units': 1, 'max_lifespan_step': 336, 'fertilized_until_day': -1}",0,0,OBSERVED
,165,WATER,(),"(1, 1)",MELON,993.0,993.0,"{'kind': 'PLANT', 'crop': 'MELON', 'planted_day': 1, 'watered_today': False, 'consecutive_unwatered': 0, 'yield_units': 1, 'max_lifespan_step': 336, 'fertilized_until_day': -1}","{'kind': 'PLANT', 'crop': 'MELON', 'planted_day': 1, 'watered_today': True, 'consecutive_unwatered': 0, 'yield_units': 1, 'max_lifespan_step': 336, 'fertilized_until_day': -1}",0,0,WATERED
,166,EAST,(),"(1, 1)",MELON,993.0,993.0,"{'kind': 'PLANT', 'crop': 'MELON', 'planted_day': 1, 'watered_today': True, 'consecutive_unwatered': 0, 'yield_units': 1, 'max_lifespan_step': 336, 'fertilized_until_day': -1}","{'kind': 'PLANT', 'crop': 'MELON', 'planted_day': 1, 'watered_today': True, 'consecutive_unwatered': 0, 'yield_units': 1, 'max_lifespan_step': 336, 'fertilized_until_day': -1}",0,0,OBSERVED
,167,NORTH,(),"(2, 1)",,993.0,993.0,{'kind': 'WEED'},{'kind': 'WEED'},,,OBSERVED
,168,HARVEST,(),"(4, 4)",MELON,993.0,992.0,"{'kind': 'PLANT', 'crop': 'MELON', 'planted_day': 0, 'watered_today': False, 'consecutive_unwatered': 0, 'yield_units': 2, 'max_lifespan_step': 312, 'fertilized_until_day': -1}","{'kind': 'PLANT', 'crop': 'MELON', 'planted_day': 0, 'watered_today': False, 'consecutive_unwatered': 0, 'yield_units': 2, 'max_lifespan_step': 312, 'fertilized_until_day': -1}",0,0,NO_EFFECT
,169,WATER,(),"(4, 4)",MELON,992.0,992.0,"{'kind': 'PLANT', 'crop': 'MELON', 'planted_day': 0, 'watered_today': False, 'consecutive_unwatered': 0, 'yield_units': 2, 'max_lifespan_step': 312, 'fertilized_until_day': -1}","{'kind': 'PLANT', 'crop': 'MELON', 'planted_day': 0, 'watered_today': True, 'consecutive_unwatered': 0, 'yield_units': 3, 'max_lifespan_step': 312, 'fertilized_until_day': -1}",0,0,WATERED
,170,NORTH,(),"(4, 4)",MELON,992.0,992.0,"{'kind': 'PLANT', 'crop': 'MELON', 'planted_day': 0, 'watered_today': True, 'consecutive_unwatered': 0, 'yield_units': 3, 'max_lifespan_step': 312, 'fertilized_until_day': -1}","{'kind': 'PLANT', 'crop': 'MELON', 'planted_day': 0, 'watered_today': True, 'consecutive_unwatered': 0, 'yield_units': 3, 'max_lifespan_step': 312, 'fertilized_until_day': -1}",0,0,OBSERVED
,171,WATER,(),"(4, 3)",MELON,992.0,992.0,"{'kind': 'PLANT', 'crop': 'MELON', 'planted_day': 0, 'watered_today': False, 'consecutive_unwatered': 0, 'yield_units': 2, 'max_lifespan_step': 312, 'fertilized_until_day': -1}","{'kind': 'PLANT', 'crop': 'MELON', 'planted_day': 0, 'watered_today': True, 'consecutive_unwatered': 0, 'yield_units': 3, 'max_lifespan_step': 312, 'fertilized_until_day': -1}",0,0,WATERED
,172,NORTH,(),"(4, 3)",MELON,992.0,992.0,"{'kind': 'PLANT', 'crop': 'MELON', 'planted_day': 0, 'watered_today': True, 'consecutive_unwatered': 0, 'yield_units': 3, 'max_lifespan_step': 312, 'fertilized_until_day': -1}","{'kind': 'PLANT', 'crop': 'MELON', 'planted_day': 0, 'watered_today': True, 'consecutive_unwatered': 0, 'yield_units': 3, 'max_lifespan_step': 312, 'fertilized_until_day': -1}",0,0,OBSERVED
,173,WATER,(),"(4, 2)",MELON,992.0,992.0,"{'kind': 'PLANT', 'crop': 'MELON', 'planted_day': 0, 'watered_today': False, 'consecutive_unwatered': 0, 'yield_units': 2, 'max_lifespan_step': 312, 'fertilized_until_day': -1}","{'kind': 'PLANT', 'crop': 'MELON', 'planted_day': 0, 'watered_today': True, 'consecutive_unwatered': 0, 'yield_units': 3, 'max_lifespan_step': 312, 'fertilized_until_day': -1}",0,0,WATERED
,174,NORTH,(),"(4, 2)",MELON,992.0,992.0,"{'kind': 'PLANT', 'crop': 'MELON', 'planted_day': 0, 'watered_today': True, 'consecutive_unwatered': 0, 'yield_units': 3, 'max_lifespan_step': 312, 'fertilized_until_day': -1}","{'kind': 'PLANT', 'crop': 'MELON', 'planted_day': 0, 'watered_today': True, 'consecutive_unwatered': 0, 'yield_units': 3, 'max_lifespan_step': 312, 'fertilized_until_day': -1}",0,0,OBSERVED
,175,WATER,(),"(4, 1)",MELON,992.0,992.0,"{'kind': 'PLANT', 'crop': 'MELON', 'planted_day': 0, 'watered_today': False, 'consecutive_unwatered': 0, 'yield_units': 2, 'max_lifespan_step': 312, 'fertilized_until_day': -1}","{'kind': 'PLANT', 'crop': 'MELON', 'planted_day': 0, 'watered_today': True, 'consecutive_unwatered': 0, 'yield_units': 3, 'max_lifespan_step': 312, 'fertilized_until_day': -1}",0,0,WATERED
,176,NORTH,(),"(4, 1)",MELON,992.0,992.0,"{'kind': 'PLANT', 'crop': 'MELON', 'planted_day': 0, 'watered_today': True, 'consecutive_unwatered': 0, 'yield_units': 3, 'max_lifespan_step': 312, 'fertilized_until_day': -1}","{'kind': 'PLANT', 'crop': 'MELON', 'planted_day': 0, 'watered_today': True, 'consecutive_unwatered': 0, 'yield_units': 3, 'max_lifespan_step': 312, 'fertilized_until_day': -1}",0,0,OBSERVED
,177,WATER,(),"(4, 0)",MELON,992.0,992.0,"{'kind': 'PLANT', 'crop': 'MELON', 'planted_day': 0, 'watered_today': False, 'consecutive_unwatered': 0, 'yield_units': 2, 'max_lifespan_step': 312, 'fertilized_until_day': -1}","{'kind': 'PLANT', 'crop': 'MELON', 'planted_day': 0, 'watered_today': True, 'consecutive_unwatered': 0, 'yield_units': 3, 'max_lifespan_step': 312, 'fertilized_until_day': -1}",0,0,WATERED
,178,WEST,(),"(4, 0)",MELON,992.0,992.0,"{'kind': 'PLANT', 'crop': 'MELON', 'planted_day': 0, 'watered_today': True, 'consecutive_unwatered': 0, 'yield_units': 3, 'max_lifespan_step': 312, 'fertilized_until_day': -1}","{'kind': 'PLANT', 'crop': 'MELON', 'planted_day': 0, 'watered_today': True, 'consecutive_unwatered': 0, 'yield_units': 3, 'max_lifespan_step': 312, 'fertilized_until_day': -1}",0,0,OBSERVED
,179,WATER,(),"(3, 0)",MELON,992.0,992.0,"{'kind': 'PLANT', 'crop': 'MELON', 'planted_day': 0, 'watered_today': False, 'consecutive_unwatered': 0, 'yield_units': 2, 'max_lifespan_step': 312, 'fertilized_until_day': -1}","{'kind': 'PLANT', 'crop': 'MELON', 'planted_day': 0, 'watered_today': True, 'consecutive_unwatered': 0, 'yield_units': 3, 'max_lifespan_step': 312, 'fertilized_until_day': -1}",0,0,WATERED
,180,WEST,(),"(3, 0)",MELON,992.0,992.0,"{'kind': 'PLANT', 'crop': 'MELON', 'planted_day': 0, 'watered_today': True, 'consecutive_unwatered': 0, 'yield_units': 3, 'max_lifespan_step': 312, 'fertilized_until_day': -1}","{'kind': 'PLANT', 'crop': 'MELON', 'planted_day': 0, 'watered_today': True, 'consecutive_unwatered': 0, 'yield_units': 3, 'max_lifespan_step': 312, 'fertilized_until_day': -1}",0,0,OBSERVED
,181,WATER,(),"(2, 0)",MELON,992.0,992.0,"{'kind': 'PLANT', 'crop': 'MELON', 'planted_day': 0, 'watered_today': False, 'consecutive_unwatered': 0, 'yield_units': 2, 'max_lifespan_step': 312, 'fertilized_until_day': -1}","{'kind': 'PLANT', 'crop': 'MELON', 'planted_day': 0, 'watered_today': True, 'consecutive_unwatered': 0, 'yield_units': 3, 'max_lifespan_step': 312, 'fertilized_until_day': -1}",0,0,WATERED
,182,WEST,(),"(2, 0)",MELON,992.0,992.0,"{'kind': 'PLANT', 'crop': 'MELON', 'planted_day': 0, 'watered_today': True, 'consecutive_unwatered': 0, 'yield_units': 3, 'max_lifespan_step': 312, 'fertilized_until_day': -1}","{'kind': 'PLANT', 'crop': 'MELON', 'planted_day': 0, 'watered_today': True, 'consecutive_unwatered': 0, 'yield_units': 3, 'max_lifespan_step': 312, 'fertilized_until_day': -1}",0,0,OBSERVED
,183,WATER,(),"(1, 0)",MELON,992.0,992.0,"{'kind': 'PLANT', 'crop': 'MELON', 'planted_day': 0, 'watered_today': False, 'consecutive_unwatered': 0, 'yield_units': 2, 'max_lifespan_step': 312, 'fertilized_until_day': -1}","{'kind': 'PLANT', 'crop': 'MELON', 'planted_day': 0, 'watered_today': True, 'consecutive_unwatered': 0, 'yield_units': 3, 'max_lifespan_step': 312, 'fertilized_until_day': -1}",0,0,WATERED
,184,WEST,(),"(1, 0)",MELON,992.0,992.0,"{'kind': 'PLANT', 'crop': 'MELON', 'planted_day': 0, 'watered_today': True, 'consecutive_unwatered': 0, 'yield_units': 3, 'max_lifespan_step': 312, 'fertilized_until_day': -1}","{'kind': 'PLANT', 'crop': 'MELON', 'planted_day': 0, 'watered_today': True, 'consecutive_unwatered': 0, 'yield_units': 3, 'max_lifespan_step': 312, 'fertilized_until_day': -1}",0,0,OBSERVED
,185,WATER,(),"(0, 0)",MELON,992.0,992.0,"{'kind': 'PLANT', 'crop': 'MELON', 'planted_day': 0, 'watered_today': False, 'consecutive_unwatered': 0, 'yield_units': 2, 'max_lifespan_step': 312, 'fertilized_until_day': -1}","{'kind': 'PLANT', 'crop': 'MELON', 'planted_day': 0, 'watered_today': True, 'consecutive_unwatered': 0, 'yield_units': 3, 'max_lifespan_step': 312, 'fertilized_until_day': -1}",0,0,WATERED
,186,SOUTH,(),"(0, 0)",MELON,992.0,992.0,"{'kind': 'PLANT', 'crop': 'MELON', 'planted_day': 0, 'watered_today': True, 'consecutive_unwatered': 0, 'yield_units': 3, 'max_lifespan_step': 312, 'fertilized_until_day': -1}","{'kind': 'PLANT', 'crop': 'MELON', 'planted_day': 0, 'watered_today': True, 'consecutive_unwatered': 0, 'yield_units': 3, 'max_lifespan_step': 312, 'fertilized_until_day': -1}",0,0,OBSERVED
,187,WATER,(),"(0, 1)",MELON,992.0,992.0,"{'kind': 'PLANT', 'crop': 'MELON', 'planted_day': 1, 'watered_today': False, 'consecutive_unwatered': 0, 'yield_units': 1, 'max_lifespan_step': 336, 'fertilized_until_day': -1}","{'kind': 'PLANT', 'crop': 'MELON', 'planted_day': 1, 'watered_today': True, 'consecutive_unwatered': 0, 'yield_units': 2, 'max_lifespan_step': 336, 'fertilized_until_day': -1}",0,0,WATERED
,188,EAST,(),"(0, 1)",MELON,992.0,992.0,"{'kind': 'PLANT', 'crop': 'MELON', 'planted_day': 1, 'watered_today': True, 'consecutive_unwatered': 0, 'yield_units': 2, 'max_lifespan_step': 336, 'fertilized_until_day': -1}","{'kind': 'PLANT', 'crop': 'MELON', 'planted_day': 1, 'watered_today': True, 'consecutive_unwatered': 0, 'yield_units': 2, 'max_lifespan_step': 336, 'fertilized_until_day': -1}",0,0,OBSERVED
,189,WATER,(),"(1, 1)",MELON,992.0,992.0,"{'kind': 'PLANT', 'crop': 'MELON', 'planted_day': 1, 'watered_today': False, 'consecutive_unwatered': 0, 'yield_units': 1, 'max_lifespan_step': 336, 'fertilized_until_day': -1}","{'kind': 'PLANT', 'crop': 'MELON', 'planted_day': 1, 'watered_today': True, 'consecutive_unwatered': 0, 'yield_units': 2, 'max_lifespan_step': 336, 'fertilized_until_day': -1}",0,0,WATERED
,190,EAST,(),"(1, 1)",MELON,992.0,992.0,"{'kind': 'PLANT', 'crop': 'MELON', 'planted_day': 1, 'watered_today': True, 'consecutive_unwatered': 0, 'yield_units': 2, 'max_lifespan_step': 336, 'fertilized_until_day': -1}","{'kind': 'PLANT', 'crop': 'MELON', 'planted_day': 1, 'watered_today': True, 'consecutive_unwatered': 0, 'yield_units': 2, 'max_lifespan_step': 336, 'fertilized_until_day': -1}",0,0,OBSERVED
,191,NORTH,(),"(2, 1)",,992.0,992.0,{'kind': 'WEED'},{'kind': 'WEED'},,,OBSERVED
,192,HARVEST,(),"(4, 4)",MELON,992.0,991.0,"{'kind': 'PLANT', 'crop': 'MELON', 'planted_day': 0, 'watered_today': False, 'consecutive_unwatered': 0, 'yield_units': 3, 'max_lifespan_step': 312, 'fertilized_until_day': -1}","{'kind': 'PLANT', 'crop': 'MELON', 'planted_day': 0, 'watered_today': False, 'consecutive_unwatered': 0, 'yield_units': 3, 'max_lifespan_step': 312, 'fertilized_until_day': -1}",0,0,NO_EFFECT
,193,WATER,(),"(4, 4)",MELON,991.0,991.0,"{'kind': 'PLANT', 'crop': 'MELON', 'planted_day': 0, 'watered_today': False, 'consecutive_unwatered': 0, 'yield_units': 3, 'max_lifespan_step': 312, 'fertilized_until_day': -1}","{'kind': 'PLANT', 'crop': 'MELON', 'planted_day': 0, 'watered_today': True, 'consecutive_unwatered': 0, 'yield_units': 4, 'max_lifespan_step': 312, 'fertilized_until_day': -1}",0,0,WATERED
,194,NORTH,(),"(4, 4)",MELON,991.0,991.0,"{'kind': 'PLANT', 'crop': 'MELON', 'planted_day': 0, 'watered_today': True, 'consecutive_unwatered': 0, 'yield_units': 4, 'max_lifespan_step': 312, 'fertilized_until_day': -1}","{'kind': 'PLANT', 'crop': 'MELON', 'planted_day': 0, 'watered_today': True, 'consecutive_unwatered': 0, 'yield_units': 4, 'max_lifespan_step': 312, 'fertilized_until_day': -1}",0,0,OBSERVED
,195,WATER,(),"(4, 3)",MELON,991.0,991.0,"{'kind': 'PLANT', 'crop': 'MELON', 'planted_day': 0, 'watered_today': False, 'consecutive_unwatered': 0, 'yield_units': 3, 'max_lifespan_step': 312, 'fertilized_until_day': -1}","{'kind': 'PLANT', 'crop': 'MELON', 'planted_day': 0, 'watered_today': True, 'consecutive_unwatered': 0, 'yield_units': 4, 'max_lifespan_step': 312, 'fertilized_until_day': -1}",0,0,WATERED
,196,NORTH,(),"(4, 3)",MELON,991.0,991.0,"{'kind': 'PLANT', 'crop': 'MELON', 'planted_day': 0, 'watered_today': True, 'consecutive_unwatered': 0, 'yield_units': 4, 'max_lifespan_step': 312, 'fertilized_until_day': -1}","{'kind': 'PLANT', 'crop': 'MELON', 'planted_day': 0, 'watered_today': True, 'consecutive_unwatered': 0, 'yield_units': 4, 'max_lifespan_step': 312, 'fertilized_until_day': -1}",0,0,OBSERVED
,197,WATER,(),"(4, 2)",MELON,991.0,991.0,"{'kind': 'PLANT', 'crop': 'MELON', 'planted_day': 0, 'watered_today': False, 'consecutive_unwatered': 0, 'yield_units': 3, 'max_lifespan_step': 312, 'fertilized_until_day': -1}","{'kind': 'PLANT', 'crop': 'MELON', 'planted_day': 0, 'watered_today': True, 'consecutive_unwatered': 0, 'yield_units': 4, 'max_lifespan_step': 312, 'fertilized_until_day': -1}",0,0,WATERED
,198,NORTH,(),"(4, 2)",MELON,991.0,991.0,"{'kind': 'PLANT', 'crop': 'MELON', 'planted_day': 0, 'watered_today': True, 'consecutive_unwatered': 0, 'yield_units': 4, 'max_lifespan_step': 312, 'fertilized_until_day': -1}","{'kind': 'PLANT', 'crop': 'MELON', 'planted_day': 0, 'watered_today': True, 'consecutive_unwatered': 0, 'yield_units': 4, 'max_lifespan_step': 312, 'fertilized_until_day': -1}",0,0,OBSERVED
,199,WATER,(),"(4, 1)",MELON,991.0,991.0,"{'kind': 'PLANT', 'crop': 'MELON', 'planted_day': 0, 'watered_today': False, 'consecutive_unwatered': 0, 'yield_units': 3, 'max_lifespan_step': 312, 'fertilized_until_day': -1}","{'kind': 'PLANT', 'crop': 'MELON', 'planted_day': 0, 'watered_today': True, 'consecutive_unwatered': 0, 'yield_units': 4, 'max_lifespan_step': 312, 'fertilized_until_day': -1}",0,0,WATERED
,200,NORTH,(),"(4, 1)",MELON,991.0,991.0,"{'kind': 'PLANT', 'crop': 'MELON', 'planted_day': 0, 'watered_today': True, 'consecutive_unwatered': 0, 'yield_units': 4, 'max_lifespan_step': 312, 'fertilized_until_day': -1}","{'kind': 'PLANT', 'crop': 'MELON', 'planted_day': 0, 'watered_today': True, 'consecutive_unwatered': 0, 'yield_units': 4, 'max_lifespan_step': 312, 'fertilized_until_day': -1}",0,0,OBSERVED
,201,WATER,(),"(4, 0)",MELON,991.0,991.0,"{'kind': 'PLANT', 'crop': 'MELON', 'planted_day': 0, 'watered_today': False, 'consecutive_unwatered': 0, 'yield_units': 3, 'max_lifespan_step': 312, 'fertilized_until_day': -1}","{'kind': 'PLANT', 'crop': 'MELON', 'planted_day': 0, 'watered_today': True, 'consecutive_unwatered': 0, 'yield_units': 4, 'max_lifespan_step': 312, 'fertilized_until_day': -1}",0,0,WATERED
,202,WEST,(),"(4, 0)",MELON,991.0,991.0,"{'kind': 'PLANT', 'crop': 'MELON', 'planted_day': 0, 'watered_today': True, 'consecutive_unwatered': 0, 'yield_units': 4, 'max_lifespan_step': 312, 'fertilized_until_day': -1}","{'kind': 'PLANT', 'crop': 'MELON', 'planted_day': 0, 'watered_today': True, 'consecutive_unwatered': 0, 'yield_units': 4, 'max_lifespan_step': 312, 'fertilized_until_day': -1}",0,0,OBSERVED
,203,WATER,(),"(3, 0)",MELON,991.0,991.0,"{'kind': 'PLANT', 'crop': 'MELON', 'planted_day': 0, 'watered_today': False, 'consecutive_unwatered': 0, 'yield_units': 3, 'max_lifespan_step': 312, 'fertilized_until_day': -1}","{'kind': 'PLANT', 'crop': 'MELON', 'planted_day': 0, 'watered_today': True, 'consecutive_unwatered': 0, 'yield_units': 4, 'max_lifespan_step': 312, 'fertilized_until_day': -1}",0,0,WATERED
,204,WEST,(),"(3, 0)",MELON,991.0,991.0,"{'kind': 'PLANT', 'crop': 'MELON', 'planted_day': 0, 'watered_today': True, 'consecutive_unwatered': 0, 'yield_units': 4, 'max_lifespan_step': 312, 'fertilized_until_day': -1}","{'kind': 'PLANT', 'crop': 'MELON', 'planted_day': 0, 'watered_today': True, 'consecutive_unwatered': 0, 'yield_units': 4, 'max_lifespan_step': 312, 'fertilized_until_day': -1}",0,0,OBSERVED
,205,WATER,(),"(2, 0)",MELON,991.0,991.0,"{'kind': 'PLANT', 'crop': 'MELON', 'planted_day': 0, 'watered_today': False, 'consecutive_unwatered': 0, 'yield_units': 3, 'max_lifespan_step': 312, 'fertilized_until_day': -1}","{'kind': 'PLANT', 'crop': 'MELON', 'planted_day': 0, 'watered_today': True, 'consecutive_unwatered': 0, 'yield_units': 4, 'max_lifespan_step': 312, 'fertilized_until_day': -1}",0,0,WATERED
,206,WEST,(),"(2, 0)",MELON,991.0,991.0,"{'kind': 'PLANT', 'crop': 'MELON', 'planted_day': 0, 'watered_today': True, 'consecutive_unwatered': 0, 'yield_units': 4, 'max_lifespan_step': 312, 'fertilized_until_day': -1}","{'kind': 'PLANT', 'crop': 'MELON', 'planted_day': 0, 'watered_today': True, 'consecutive_unwatered': 0, 'yield_units': 4, 'max_lifespan_step': 312, 'fertilized_until_day': -1}",0,0,OBSERVED
,207,WATER,(),"(1, 0)",MELON,991.0,991.0,"{'kind': 'PLANT', 'crop': 'MELON', 'planted_day': 0, 'watered_today': False, 'consecutive_unwatered': 0, 'yield_units': 3, 'max_lifespan_step': 312, 'fertilized_until_day': -1}","{'kind': 'PLANT', 'crop': 'MELON', 'planted_day': 0, 'watered_today': True, 'consecutive_unwatered': 0, 'yield_units': 4, 'max_lifespan_step': 312, 'fertilized_until_day': -1}",0,0,WATERED
,208,WEST,(),"(1, 0)",MELON,991.0,991.0,"{'kind': 'PLANT', 'crop': 'MELON', 'planted_day': 0, 'watered_today': True, 'consecutive_unwatered': 0, 'yield_units': 4, 'max_lifespan_step': 312, 'fertilized_until_day': -1}","{'kind': 'PLANT', 'crop': 'MELON', 'planted_day': 0, 'watered_today': True, 'consecutive_unwatered': 0, 'yield_units': 4, 'max_lifespan_step': 312, 'fertilized_until_day': -1}",0,0,OBSERVED
,209,WATER,(),"(0, 0)",MELON,991.0,991.0,"{'kind': 'PLANT', 'crop': 'MELON', 'planted_day': 0, 'watered_today': False, 'consecutive_unwatered': 0, 'yield_units': 3, 'max_lifespan_step': 312, 'fertilized_until_day': -1}","{'kind': 'PLANT', 'crop': 'MELON', 'planted_day': 0, 'watered_today': True, 'consecutive_unwatered': 0, 'yield_units': 4, 'max_lifespan_step': 312, 'fertilized_until_day': -1}",0,0,WATERED
,210,SOUTH,(),"(0, 0)",MELON,991.0,991.0,"{'kind': 'PLANT', 'crop': 'MELON', 'planted_day': 0, 'watered_today': True, 'consecutive_unwatered': 0, 'yield_units': 4, 'max_lifespan_step': 312, 'fertilized_until_day': -1}","{'kind': 'PLANT', 'crop': 'MELON', 'planted_day': 0, 'watered_today': True, 'consecutive_unwatered': 0, 'yield_units': 4, 'max_lifespan_step': 312, 'fertilized_until_day': -1}",0,0,OBSERVED
,211,WATER,(),"(0, 1)",MELON,991.0,991.0,"{'kind': 'PLANT', 'crop': 'MELON', 'planted_day': 1, 'watered_today': False, 'consecutive_unwatered': 0, 'yield_units': 2, 'max_lifespan_step': 336, 'fertilized_until_day': -1}","{'kind': 'PLANT', 'crop': 'MELON', 'planted_day': 1, 'watered_today': True, 'consecutive_unwatered': 0, 'yield_units': 3, 'max_lifespan_step': 336, 'fertilized_until_day': -1}",0,0,WATERED
,212,EAST,(),"(0, 1)",MELON,991.0,991.0,"{'kind': 'PLANT', 'crop': 'MELON', 'planted_day': 1, 'watered_today': True, 'consecutive_unwatered': 0, 'yield_units': 3, 'max_lifespan_step': 336, 'fertilized_until_day': -1}","{'kind': 'PLANT', 'crop': 'MELON', 'planted_day': 1, 'watered_today': True, 'consecutive_unwatered': 0, 'yield_units': 3, 'max_lifespan_step': 336, 'fertilized_until_day': -1}",0,0,OBSERVED
,213,WATER,(),"(1, 1)",MELON,991.0,991.0,"{'kind': 'PLANT', 'crop': 'MELON', 'planted_day': 1, 'watered_today': False, 'consecutive_unwatered': 0, 'yield_units': 2, 'max_lifespan_step': 336, 'fertilized_until_day': -1}","{'kind': 'PLANT', 'crop': 'MELON', 'planted_day': 1, 'watered_today': True, 'consecutive_unwatered': 0, 'yield_units': 3, 'max_lifespan_step': 336, 'fertilized_until_day': -1}",0,0,WATERED
,214,EAST,(),"(1, 1)",MELON,991.0,991.0,"{'kind': 'PLANT', 'crop': 'MELON', 'planted_day': 1, 'watered_today': True, 'consecutive_unwatered': 0, 'yield_units': 3, 'max_lifespan_step': 336, 'fertilized_until_day': -1}","{'kind': 'PLANT', 'crop': 'MELON', 'planted_day': 1, 'watered_today': True, 'consecutive_unwatered': 0, 'yield_units': 3, 'max_lifespan_step': 336, 'fertilized_until_day': -1}",0,0,OBSERVED
,215,NORTH,(),"(2, 1)",,991.0,991.0,{'kind': 'WEED'},{'kind': 'WEED'},,,OBSERVED
,216,HARVEST,(),"(4, 4)",MELON,991.0,990.0,"{'kind': 'PLANT', 'crop': 'MELON', 'planted_day': 0, 'watered_today': False, 'consecutive_unwatered': 0, 'yield_units': 4, 'max_lifespan_step': 312, 'fertilized_until_day': -1}","{'kind': 'PLANT', 'crop': 'MELON', 'planted_day': 0, 'watered_today': False, 'consecutive_unwatered': 0, 'yield_units': 4, 'max_lifespan_step': 312, 'fertilized_until_day': -1}",0,0,NO_EFFECT
,217,WATER,(),"(4, 4)",MELON,990.0,990.0,"{'kind': 'PLANT', 'crop': 'MELON', 'planted_day': 0, 'watered_today': False, 'consecutive_unwatered': 0, 'yield_units': 4, 'max_lifespan_step': 312, 'fertilized_until_day': -1}","{'kind': 'PLANT', 'crop': 'MELON', 'planted_day': 0, 'watered_today': True, 'consecutive_unwatered': 0, 'yield_units': 5, 'max_lifespan_step': 312, 'fertilized_until_day': -1}",0,0,WATERED
,218,NORTH,(),"(4, 4)",MELON,990.0,990.0,"{'kind': 'PLANT', 'crop': 'MELON', 'planted_day': 0, 'watered_today': True, 'consecutive_unwatered': 0, 'yield_units': 5, 'max_lifespan_step': 312, 'fertilized_until_day': -1}","{'kind': 'PLANT', 'crop': 'MELON', 'planted_day': 0, 'watered_today': True, 'consecutive_unwatered': 0, 'yield_units': 5, 'max_lifespan_step': 312, 'fertilized_until_day': -1}",0,0,OBSERVED
,219,WATER,(),"(4, 3)",MELON,990.0,990.0,"{'kind': 'PLANT', 'crop': 'MELON', 'planted_day': 0, 'watered_today': False, 'consecutive_unwatered': 0, 'yield_units': 4, 'max_lifespan_step': 312, 'fertilized_until_day': -1}","{'kind': 'PLANT', 'crop': 'MELON', 'planted_day': 0, 'watered_today': True, 'consecutive_unwatered': 0, 'yield_units': 5, 'max_lifespan_step': 312, 'fertilized_until_day': -1}",0,0,WATERED
,220,NORTH,(),"(4, 3)",MELON,990.0,990.0,"{'kind': 'PLANT', 'crop': 'MELON', 'planted_day': 0, 'watered_today': True, 'consecutive_unwatered': 0, 'yield_units': 5, 'max_lifespan_step': 312, 'fertilized_until_day': -1}","{'kind': 'PLANT', 'crop': 'MELON', 'planted_day': 0, 'watered_today': True, 'consecutive_unwatered': 0, 'yield_units': 5, 'max_lifespan_step': 312, 'fertilized_until_day': -1}",0,0,OBSERVED
,221,WATER,(),"(4, 2)",MELON,990.0,990.0,"{'kind': 'PLANT', 'crop': 'MELON', 'planted_day': 0, 'watered_today': False, 'consecutive_unwatered': 0, 'yield_units': 4, 'max_lifespan_step': 312, 'fertilized_until_day': -1}","{'kind': 'PLANT', 'crop': 'MELON', 'planted_day': 0, 'watered_today': True, 'consecutive_unwatered': 0, 'yield_units': 5, 'max_lifespan_step': 312, 'fertilized_until_day': -1}",0,0,WATERED
,222,NORTH,(),"(4, 2)",MELON,990.0,990.0,"{'kind': 'PLANT', 'crop': 'MELON', 'planted_day': 0, 'watered_today': True, 'consecutive_unwatered': 0, 'yield_units': 5, 'max_lifespan_step': 312, 'fertilized_until_day': -1}","{'kind': 'PLANT', 'crop': 'MELON', 'planted_day': 0, 'watered_today': True, 'consecutive_unwatered': 0, 'yield_units': 5, 'max_lifespan_step': 312, 'fertilized_until_day': -1}",0,0,OBSERVED
,223,WATER,(),"(4, 1)",MELON,990.0,990.0,"{'kind': 'PLANT', 'crop': 'MELON', 'planted_day': 0, 'watered_today': False, 'consecutive_unwatered': 0, 'yield_units': 4, 'max_lifespan_step': 312, 'fertilized_until_day': -1}","{'kind': 'PLANT', 'crop': 'MELON', 'planted_day': 0, 'watered_today': True, 'consecutive_unwatered': 0, 'yield_units': 5, 'max_lifespan_step': 312, 'fertilized_until_day': -1}",0,0,WATERED
,224,NORTH,(),"(4, 1)",MELON,990.0,990.0,"{'kind': 'PLANT', 'crop': 'MELON', 'planted_day': 0, 'watered_today': True, 'consecutive_unwatered': 0, 'yield_units': 5, 'max_lifespan_step': 312, 'fertilized_until_day': -1}","{'kind': 'PLANT', 'crop': 'MELON', 'planted_day': 0, 'watered_today': True, 'consecutive_unwatered': 0, 'yield_units': 5, 'max_lifespan_step': 312, 'fertilized_until_day': -1}",0,0,OBSERVED
,225,WATER,(),"(4, 0)",MELON,990.0,990.0,"{'kind': 'PLANT', 'crop': 'MELON', 'planted_day': 0, 'watered_today': False, 'consecutive_unwatered': 0, 'yield_units': 4, 'max_lifespan_step': 312, 'fertilized_until_day': -1}","{'kind': 'PLANT', 'crop': 'MELON', 'planted_day': 0, 'watered_today': True, 'consecutive_unwatered': 0, 'yield_units': 5, 'max_lifespan_step': 312, 'fertilized_until_day': -1}",0,0,WATERED
,226,WEST,(),"(4, 0)",MELON,990.0,990.0,"{'kind': 'PLANT', 'crop': 'MELON', 'planted_day': 0, 'watered_today': True, 'consecutive_unwatered': 0, 'yield_units': 5, 'max_lifespan_step': 312, 'fertilized_until_day': -1}","{'kind': 'PLANT', 'crop': 'MELON', 'planted_day': 0, 'watered_today': True, 'consecutive_unwatered': 0, 'yield_units': 5, 'max_lifespan_step': 312, 'fertilized_until_day': -1}",0,0,OBSERVED
,227,WATER,(),"(3, 0)",MELON,990.0,990.0,"{'kind': 'PLANT', 'crop': 'MELON', 'planted_day': 0, 'watered_today': False, 'consecutive_unwatered': 0, 'yield_units': 4, 'max_lifespan_step': 312, 'fertilized_until_day': -1}","{'kind': 'PLANT', 'crop': 'MELON', 'planted_day': 0, 'watered_today': True, 'consecutive_unwatered': 0, 'yield_units': 5, 'max_lifespan_step': 312, 'fertilized_until_day': -1}",0,0,WATERED
,228,WEST,(),"(3, 0)",MELON,990.0,990.0,"{'kind': 'PLANT', 'crop': 'MELON', 'planted_day': 0, 'watered_today': True, 'consecutive_unwatered': 0, 'yield_units': 5, 'max_lifespan_step': 312, 'fertilized_until_day': -1}","{'kind': 'PLANT', 'crop': 'MELON', 'planted_day': 0, 'watered_today': True, 'consecutive_unwatered': 0, 'yield_units': 5, 'max_lifespan_step': 312, 'fertilized_until_day': -1}",0,0,OBSERVED
,229,WATER,(),"(2, 0)",MELON,990.0,990.0,"{'kind': 'PLANT', 'crop': 'MELON', 'planted_day': 0, 'watered_today': False, 'consecutive_unwatered': 0, 'yield_units': 4, 'max_lifespan_step': 312, 'fertilized_until_day': -1}","{'kind': 'PLANT', 'crop': 'MELON', 'planted_day': 0, 'watered_today': True, 'consecutive_unwatered': 0, 'yield_units': 5, 'max_lifespan_step': 312, 'fertilized_until_day': -1}",0,0,WATERED
,230,WEST,(),"(2, 0)",MELON,990.0,990.0,"{'kind': 'PLANT', 'crop': 'MELON', 'planted_day': 0, 'watered_today': True, 'consecutive_unwatered': 0, 'yield_units': 5, 'max_lifespan_step': 312, 'fertilized_until_day': -1}","{'kind': 'PLANT', 'crop': 'MELON', 'planted_day': 0, 'watered_today': True, 'consecutive_unwatered': 0, 'yield_units': 5, 'max_lifespan_step': 312, 'fertilized_until_day': -1}",0,0,OBSERVED
,231,WATER,(),"(1, 0)",MELON,990.0,990.0,"{'kind': 'PLANT', 'crop': 'MELON', 'planted_day': 0, 'watered_today': False, 'consecutive_unwatered': 0, 'yield_units': 4, 'max_lifespan_step': 312, 'fertilized_until_day': -1}","{'kind': 'PLANT', 'crop': 'MELON', 'planted_day': 0, 'watered_today': True, 'consecutive_unwatered': 0, 'yield_units': 5, 'max_lifespan_step': 312, 'fertilized_until_day': -1}",0,0,WATERED
,232,WEST,(),"(1, 0)",MELON,990.0,990.0,"{'kind': 'PLANT', 'crop': 'MELON', 'planted_day': 0, 'watered_today': True, 'consecutive_unwatered': 0, 'yield_units': 5, 'max_lifespan_step': 312, 'fertilized_until_day': -1}","{'kind': 'PLANT', 'crop': 'MELON', 'planted_day': 0, 'watered_today': True, 'consecutive_unwatered': 0, 'yield_units': 5, 'max_lifespan_step': 312, 'fertilized_until_day': -1}",0,0,OBSERVED
,233,WATER,(),"(0, 0)",MELON,990.0,990.0,"{'kind': 'PLANT', 'crop': 'MELON', 'planted_day': 0, 'watered_today': False, 'consecutive_unwatered': 0, 'yield_units': 4, 'max_lifespan_step': 312, 'fertilized_until_day': -1}","{'kind': 'PLANT', 'crop': 'MELON', 'planted_day': 0, 'watered_today': True, 'consecutive_unwatered': 0, 'yield_units': 5, 'max_lifespan_step': 312, 'fertilized_until_day': -1}",0,0,WATERED
,234,SOUTH,(),"(0, 0)",MELON,990.0,990.0,"{'kind': 'PLANT', 'crop': 'MELON', 'planted_day': 0, 'watered_today': True, 'consecutive_unwatered': 0, 'yield_units': 5, 'max_lifespan_step': 312, 'fertilized_until_day': -1}","{'kind': 'PLANT', 'crop': 'MELON', 'planted_day': 0, 'watered_today': True, 'consecutive_unwatered': 0, 'yield_units': 5, 'max_lifespan_step': 312, 'fertilized_until_day': -1}",0,0,OBSERVED
,235,WATER,(),"(0, 1)",MELON,990.0,990.0,"{'kind': 'PLANT', 'crop': 'MELON', 'planted_day': 1, 'watered_today': False, 'consecutive_unwatered': 0, 'yield_units': 3, 'max_lifespan_step': 336, 'fertilized_until_day': -1}","{'kind': 'PLANT', 'crop': 'MELON', 'planted_day': 1, 'watered_today': True, 'consecutive_unwatered': 0, 'yield_units': 4, 'max_lifespan_step': 336, 'fertilized_until_day': -1}",0,0,WATERED
,236,EAST,(),"(0, 1)",MELON,990.0,990.0,"{'kind': 'PLANT', 'crop': 'MELON', 'planted_day': 1, 'watered_today': True, 'consecutive_unwatered': 0, 'yield_units': 4, 'max_lifespan_step': 336, 'fertilized_until_day': -1}","{'kind': 'PLANT', 'crop': 'MELON', 'planted_day': 1, 'watered_today': True, 'consecutive_unwatered': 0, 'yield_units': 4, 'max_lifespan_step': 336, 'fertilized_until_day': -1}",0,0,OBSERVED
,237,WATER,(),"(1, 1)",MELON,990.0,990.0,"{'kind': 'PLANT', 'crop': 'MELON', 'planted_day': 1, 'watered_today': False, 'consecutive_unwatered': 0, 'yield_units': 3, 'max_lifespan_step': 336, 'fertilized_until_day': -1}","{'kind': 'PLANT', 'crop': 'MELON', 'planted_day': 1, 'watered_today': True, 'consecutive_unwatered': 0, 'yield_units': 4, 'max_lifespan_step': 336, 'fertilized_until_day': -1}",0,0,WATERED
,238,EAST,(),"(1, 1)",MELON,990.0,990.0,"{'kind': 'PLANT', 'crop': 'MELON', 'planted_day': 1, 'watered_today': True, 'consecutive_unwatered': 0, 'yield_units': 4, 'max_lifespan_step': 336, 'fertilized_until_day': -1}","{'kind': 'PLANT', 'crop': 'MELON', 'planted_day': 1, 'watered_today': True, 'consecutive_unwatered': 0, 'yield_units': 4, 'max_lifespan_step': 336, 'fertilized_until_day': -1}",0,0,OBSERVED
,239,NORTH,(),"(2, 1)",,990.0,990.0,{'kind': 'WEED'},{'kind': 'WEED'},,,OBSERVED
,240,HARVEST,(),"(4, 4)",MELON,990.0,989.0,"{'kind': 'PLANT', 'crop': 'MELON', 'planted_day': 0, 'watered_today': False, 'consecutive_unwatered': 0, 'yield_units': 5, 'max_lifespan_step': 312, 'fertilized_until_day': -1}",,0,0,TILE_CHANGED_NO_SHED_CHANGE
,241,NORTH,(),"(4, 4)",,989.0,829.0,,,,,OBSERVED
,242,WATER,(),"(4, 3)",MELON,829.0,829.0,"{'kind': 'PLANT', 'crop': 'MELON', 'planted_day': 0, 'watered_today': False, 'consecutive_unwatered': 0, 'yield_units': 5, 'max_lifespan_step': 312, 'fertilized_until_day': -1}","{'kind': 'PLANT', 'crop': 'MELON', 'planted_day': 0, 'watered_today': True, 'consecutive_unwatered': 0, 'yield_units': 6, 'max_lifespan_step': 312, 'fertilized_until_day': -1}",0,0,WATERED
,243,NORTH,(),"(4, 3)",MELON,829.0,829.0,"{'kind': 'PLANT', 'crop': 'MELON', 'planted_day': 0, 'watered_today': True, 'consecutive_unwatered': 0, 'yield_units': 6, 'max_lifespan_step': 312, 'fertilized_until_day': -1}","{'kind': 'PLANT', 'crop': 'MELON', 'planted_day': 0, 'watered_today': True, 'consecutive_unwatered': 0, 'yield_units': 6, 'max_lifespan_step': 312, 'fertilized_until_day': -1}",0,0,OBSERVED
,244,WATER,(),"(4, 2)",MELON,829.0,829.0,"{'kind': 'PLANT', 'crop': 'MELON', 'planted_day': 0, 'watered_today': False, 'consecutive_unwatered': 0, 'yield_units': 5, 'max_lifespan_step': 312, 'fertilized_until_day': -1}","{'kind': 'PLANT', 'crop': 'MELON', 'planted_day': 0, 'watered_today': True, 'consecutive_unwatered': 0, 'yield_units': 6, 'max_lifespan_step': 312, 'fertilized_until_day': -1}",0,0,WATERED
,245,NORTH,(),"(4, 2)",MELON,829.0,829.0,"{'kind': 'PLANT', 'crop': 'MELON', 'planted_day': 0, 'watered_today': True, 'consecutive_unwatered': 0, 'yield_units': 6, 'max_lifespan_step': 312, 'fertilized_until_day': -1}","{'kind': 'PLANT', 'crop': 'MELON', 'planted_day': 0, 'watered_today': True, 'consecutive_unwatered': 0, 'yield_units': 6, 'max_lifespan_step': 312, 'fertilized_until_day': -1}",0,0,OBSERVED
,246,WATER,(),"(4, 1)",MELON,829.0,829.0,"{'kind': 'PLANT', 'crop': 'MELON', 'planted_day': 0, 'watered_today': False, 'consecutive_unwatered': 0, 'yield_units': 5, 'max_lifespan_step': 312, 'fertilized_until_day': -1}","{'kind': 'PLANT', 'crop': 'MELON', 'planted_day': 0, 'watered_today': True, 'consecutive_unwatered': 0, 'yield_units': 6, 'max_lifespan_step': 312, 'fertilized_until_day': -1}",0,0,WATERED
,247,NORTH,(),"(4, 1)",MELON,829.0,829.0,"{'kind': 'PLANT', 'crop': 'MELON', 'planted_day': 0, 'watered_today': True, 'consecutive_unwatered': 0, 'yield_units': 6, 'max_lifespan_step': 312, 'fertilized_until_day': -1}","{'kind': 'PLANT', 'crop': 'MELON', 'planted_day': 0, 'watered_today': True, 'consecutive_unwatered': 0, 'yield_units': 6, 'max_lifespan_step': 312, 'fertilized_until_day': -1}",0,0,OBSERVED
,248,WATER,(),"(4, 0)",MELON,829.0,829.0,"{'kind': 'PLANT', 'crop': 'MELON', 'planted_day': 0, 'watered_today': False, 'consecutive_unwatered': 0, 'yield_units': 5, 'max_lifespan_step': 312, 'fertilized_until_day': -1}","{'kind': 'PLANT', 'crop': 'MELON', 'planted_day': 0, 'watered_today': True, 'consecutive_unwatered': 0, 'yield_units': 6, 'max_lifespan_step': 312, 'fertilized_until_day': -1}",0,0,WATERED
,249,WEST,(),"(4, 0)",MELON,829.0,829.0,"{'kind': 'PLANT', 'crop': 'MELON', 'planted_day': 0, 'watered_today': True, 'consecutive_unwatered': 0, 'yield_units': 6, 'max_lifespan_step': 312, 'fertilized_until_day': -1}","{'kind': 'PLANT', 'crop': 'MELON', 'planted_day': 0, 'watered_today': True, 'consecutive_unwatered': 0, 'yield_units': 6, 'max_lifespan_step': 312, 'fertilized_until_day': -1}",0,0,OBSERVED
,250,WATER,(),"(3, 0)",MELON,829.0,829.0,"{'kind': 'PLANT', 'crop': 'MELON', 'planted_day': 0, 'watered_today': False, 'consecutive_unwatered': 0, 'yield_units': 5, 'max_lifespan_step': 312, 'fertilized_until_day': -1}","{'kind': 'PLANT', 'crop': 'MELON', 'planted_day': 0, 'watered_today': True, 'consecutive_unwatered': 0, 'yield_units': 6, 'max_lifespan_step': 312, 'fertilized_until_day': -1}",0,0,WATERED
,251,WEST,(),"(3, 0)",MELON,829.0,829.0,"{'kind': 'PLANT', 'crop': 'MELON', 'planted_day': 0, 'watered_today': True, 'consecutive_unwatered': 0, 'yield_units': 6, 'max_lifespan_step': 312, 'fertilized_until_day': -1}","{'kind': 'PLANT', 'crop': 'MELON', 'planted_day': 0, 'watered_today': True, 'consecutive_unwatered': 0, 'yield_units': 6, 'max_lifespan_step': 312, 'fertilized_until_day': -1}",0,0,OBSERVED
,252,WATER,(),"(2, 0)",MELON,829.0,829.0,"{'kind': 'PLANT', 'crop': 'MELON', 'planted_day': 0, 'watered_today': False, 'consecutive_unwatered': 0, 'yield_units': 5, 'max_lifespan_step': 312, 'fertilized_until_day': -1}","{'kind': 'PLANT', 'crop': 'MELON', 'planted_day': 0, 'watered_today': True, 'consecutive_unwatered': 0, 'yield_units': 6, 'max_lifespan_step': 312, 'fertilized_until_day': -1}",0,0,WATERED
,253,WEST,(),"(2, 0)",MELON,829.0,829.0,"{'kind': 'PLANT', 'crop': 'MELON', 'planted_day': 0, 'watered_today': True, 'consecutive_unwatered': 0, 'yield_units': 6, 'max_lifespan_step': 312, 'fertilized_until_day': -1}","{'kind': 'PLANT', 'crop': 'MELON', 'planted_day': 0, 'watered_today': True, 'consecutive_unwatered': 0, 'yield_units': 6, 'max_lifespan_step': 312, 'fertilized_until_day': -1}",0,0,OBSERVED
,254,WATER,(),"(1, 0)",MELON,829.0,829.0,"{'kind': 'PLANT', 'crop': 'MELON', 'planted_day': 0, 'watered_today': False, 'consecutive_unwatered': 0, 'yield_units': 5, 'max_lifespan_step': 312, 'fertilized_until_day': -1}","{'kind': 'PLANT', 'crop': 'MELON', 'planted_day': 0, 'watered_today': True, 'consecutive_unwatered': 0, 'yield_units': 6, 'max_lifespan_step': 312, 'fertilized_until_day': -1}",0,0,WATERED
,255,WEST,(),"(1, 0)",MELON,829.0,829.0,"{'kind': 'PLANT', 'crop': 'MELON', 'planted_day': 0, 'watered_today': True, 'consecutive_unwatered': 0, 'yield_units': 6, 'max_lifespan_step': 312, 'fertilized_until_day': -1}","{'kind': 'PLANT', 'crop': 'MELON', 'planted_day': 0, 'watered_today': True, 'consecutive_unwatered': 0, 'yield_units': 6, 'max_lifespan_step': 312, 'fertilized_until_day': -1}",0,0,OBSERVED
,256,WATER,(),"(0, 0)",MELON,829.0,829.0,"{'kind': 'PLANT', 'crop': 'MELON', 'planted_day': 0, 'watered_today': False, 'consecutive_unwatered': 0, 'yield_units': 5, 'max_lifespan_step': 312, 'fertilized_until_day': -1}","{'kind': 'PLANT', 'crop': 'MELON', 'planted_day': 0, 'watered_today': True, 'consecutive_unwatered': 0, 'yield_units': 6, 'max_lifespan_step': 312, 'fertilized_until_day': -1}",0,0,WATERED
,257,SOUTH,(),"(0, 0)",MELON,829.0,829.0,"{'kind': 'PLANT', 'crop': 'MELON', 'planted_day': 0, 'watered_today': True, 'consecutive_unwatered': 0, 'yield_units': 6, 'max_lifespan_step': 312, 'fertilized_until_day': -1}","{'kind': 'PLANT', 'crop': 'MELON', 'planted_day': 0, 'watered_today': True, 'consecutive_unwatered': 0, 'yield_units': 6, 'max_lifespan_step': 312, 'fertilized_until_day': -1}",0,0,OBSERVED
,258,WATER,(),"(0, 1)",MELON,829.0,829.0,"{'kind': 'PLANT', 'crop': 'MELON', 'planted_day': 1, 'watered_today': False, 'consecutive_unwatered': 0, 'yield_units': 4, 'max_lifespan_step': 336, 'fertilized_until_day': -1}","{'kind': 'PLANT', 'crop': 'MELON', 'planted_day': 1, 'watered_today': True, 'consecutive_unwatered': 0, 'yield_units': 5, 'max_lifespan_step': 336, 'fertilized_until_day': -1}",0,0,WATERED
,259,EAST,(),"(0, 1)",MELON,829.0,829.0,"{'kind': 'PLANT', 'crop': 'MELON', 'planted_day': 1, 'watered_today': True, 'consecutive_unwatered': 0, 'yield_units': 5, 'max_lifespan_step': 336, 'fertilized_until_day': -1}","{'kind': 'PLANT', 'crop': 'MELON', 'planted_day': 1, 'watered_today': True, 'consecutive_unwatered': 0, 'yield_units': 5, 'max_lifespan_step': 336, 'fertilized_until_day': -1}",0,0,OBSERVED
,260,WATER,(),"(1, 1)",MELON,829.0,829.0,"{'kind': 'PLANT', 'crop': 'MELON', 'planted_day': 1, 'watered_today': False, 'consecutive_unwatered': 0, 'yield_units': 4, 'max_lifespan_step': 336, 'fertilized_until_day': -1}","{'kind': 'PLANT', 'crop': 'MELON', 'planted_day': 1, 'watered_today': True, 'consecutive_unwatered': 0, 'yield_units': 5, 'max_lifespan_step': 336, 'fertilized_until_day': -1}",0,0,WATERED
,261,EAST,(),"(1, 1)",MELON,829.0,829.0,"{'kind': 'PLANT', 'crop': 'MELON', 'planted_day': 1, 'watered_today': True, 'consecutive_unwatered': 0, 'yield_units': 5, 'max_lifespan_step': 336, 'fertilized_until_day': -1}","{'kind': 'PLANT', 'crop': 'MELON', 'planted_day': 1, 'watered_today': True, 'consecutive_unwatered': 0, 'yield_units': 5, 'max_lifespan_step': 336, 'fertilized_until_day': -1}",0,0,OBSERVED
,262,NORTH,(),"(2, 1)",,829.0,829.0,{'kind': 'WEED'},{'kind': 'WEED'},,,OBSERVED
,263,EAST,(),"(2, 0)",MELON,829.0,829.0,"{'kind': 'PLANT', 'crop': 'MELON', 'planted_day': 0, 'watered_today': True, 'consecutive_unwatered': 0, 'yield_units': 6, 'max_lifespan_step': 312, 'fertilized_until_day': -1}","{'kind': 'PLANT', 'crop': 'MELON', 'planted_day': 0, 'watered_today': False, 'consecutive_unwatered': 0, 'yield_units': 6, 'max_lifespan_step': 312, 'fertilized_until_day': -1}",0,5,OBSERVED
,264,NORTH,(),"(4, 4)",,829.0,2178.0,{'kind': 'WEED'},{'kind': 'WEED'},,,OBSERVED
,265,WATER,(),"(4, 3)",MELON,2178.0,2178.0,"{'kind': 'PLANT', 'crop': 'MELON', 'planted_day': 0, 'watered_today': False, 'consecutive_unwatered': 0, 'yield_units': 6, 'max_lifespan_step': 312, 'fertilized_until_day': -1}","{'kind': 'PLANT', 'crop': 'MELON', 'planted_day': 0, 'watered_today': True, 'consecutive_unwatered': 0, 'yield_units': 6, 'max_lifespan_step': 312, 'fertilized_until_day': -1}",0,0,WATERED
,266,NORTH,(),"(4, 3)",MELON,2178.0,2178.0,"{'kind': 'PLANT', 'crop': 'MELON', 'planted_day': 0, 'watered_today': True, 'consecutive_unwatered': 0, 'yield_units': 6, 'max_lifespan_step': 312, 'fertilized_until_day': -1}","{'kind': 'PLANT', 'crop': 'MELON', 'planted_day': 0, 'watered_today': True, 'consecutive_unwatered': 0, 'yield_units': 6, 'max_lifespan_step': 312, 'fertilized_until_day': -1}",0,0,OBSERVED
,267,WATER,(),"(4, 2)",MELON,2178.0,2178.0,"{'kind': 'PLANT', 'crop': 'MELON', 'planted_day': 0, 'watered_today': False, 'consecutive_unwatered': 0, 'yield_units': 6, 'max_lifespan_step': 312, 'fertilized_until_day': -1}","{'kind': 'PLANT', 'crop': 'MELON', 'planted_day': 0, 'watered_today': True, 'consecutive_unwatered': 0, 'yield_units': 6, 'max_lifespan_step': 312, 'fertilized_until_day': -1}",0,0,WATERED
,268,NORTH,(),"(4, 2)",MELON,2178.0,2178.0,"{'kind': 'PLANT', 'crop': 'MELON', 'planted_day': 0, 'watered_today': True, 'consecutive_unwatered': 0, 'yield_units': 6, 'max_lifespan_step': 312, 'fertilized_until_day': -1}","{'kind': 'PLANT', 'crop': 'MELON', 'planted_day': 0, 'watered_today': True, 'consecutive_unwatered': 0, 'yield_units': 6, 'max_lifespan_step': 312, 'fertilized_until_day': -1}",0,0,OBSERVED
,269,WATER,(),"(4, 1)",MELON,2178.0,2178.0,"{'kind': 'PLANT', 'crop': 'MELON', 'planted_day': 0, 'watered_today': False, 'consecutive_unwatered': 0, 'yield_units': 6, 'max_lifespan_step': 312, 'fertilized_until_day': -1}","{'kind': 'PLANT', 'crop': 'MELON', 'planted_day': 0, 'watered_today': True, 'consecutive_unwatered': 0, 'yield_units': 6, 'max_lifespan_step': 312, 'fertilized_until_day': -1}",0,0,WATERED
,270,NORTH,(),"(4, 1)",MELON,2178.0,2178.0,"{'kind': 'PLANT', 'crop': 'MELON', 'planted_day': 0, 'watered_today': True, 'consecutive_unwatered': 0, 'yield_units': 6, 'max_lifespan_step': 312, 'fertilized_until_day': -1}","{'kind': 'PLANT', 'crop': 'MELON', 'planted_day': 0, 'watered_today': True, 'consecutive_unwatered': 0, 'yield_units': 6, 'max_lifespan_step': 312, 'fertilized_until_day': -1}",0,0,OBSERVED
,271,WATER,(),"(4, 0)",MELON,2178.0,2178.0,"{'kind': 'PLANT', 'crop': 'MELON', 'planted_day': 0, 'watered_today': False, 'consecutive_unwatered': 0, 'yield_units': 6, 'max_lifespan_step': 312, 'fertilized_until_day': -1}","{'kind': 'PLANT', 'crop': 'MELON', 'planted_day': 0, 'watered_today': True, 'consecutive_unwatered': 0, 'yield_units': 6, 'max_lifespan_step': 312, 'fertilized_until_day': -1}",0,0,WATERED
,272,WEST,(),"(4, 0)",MELON,2178.0,2178.0,"{'kind': 'PLANT', 'crop': 'MELON', 'planted_day': 0, 'watered_today': True, 'consecutive_unwatered': 0, 'yield_units': 6, 'max_lifespan_step': 312, 'fertilized_until_day': -1}","{'kind': 'PLANT', 'crop': 'MELON', 'planted_day': 0, 'watered_today': True, 'consecutive_unwatered': 0, 'yield_units': 6, 'max_lifespan_step': 312, 'fertilized_until_day': -1}",0,0,OBSERVED
,273,WATER,(),"(3, 0)",MELON,2178.0,2178.0,"{'kind': 'PLANT', 'crop': 'MELON', 'planted_day': 0, 'watered_today': False, 'consecutive_unwatered': 0, 'yield_units': 6, 'max_lifespan_step': 312, 'fertilized_until_day': -1}","{'kind': 'PLANT', 'crop': 'MELON', 'planted_day': 0, 'watered_today': True, 'consecutive_unwatered': 0, 'yield_units': 6, 'max_lifespan_step': 312, 'fertilized_until_day': -1}",0,0,WATERED
,274,WEST,(),"(3, 0)",MELON,2178.0,2178.0,"{'kind': 'PLANT', 'crop': 'MELON', 'planted_day': 0, 'watered_today': True, 'consecutive_unwatered': 0, 'yield_units': 6, 'max_lifespan_step': 312, 'fertilized_until_day': -1}","{'kind': 'PLANT', 'crop': 'MELON', 'planted_day': 0, 'watered_today': True, 'consecutive_unwatered': 0, 'yield_units': 6, 'max_lifespan_step': 312, 'fertilized_until_day': -1}",0,0,OBSERVED
,275,WATER,(),"(2, 0)",MELON,2178.0,2178.0,"{'kind': 'PLANT', 'crop': 'MELON', 'planted_day': 0, 'watered_today': False, 'consecutive_unwatered': 0, 'yield_units': 6, 'max_lifespan_step': 312, 'fertilized_until_day': -1}","{'kind': 'PLANT', 'crop': 'MELON', 'planted_day': 0, 'watered_today': True, 'consecutive_unwatered': 0, 'yield_units': 6, 'max_lifespan_step': 312, 'fertilized_until_day': -1}",0,0,WATERED
,276,WEST,(),"(2, 0)",MELON,2178.0,2178.0,"{'kind': 'PLANT', 'crop': 'MELON', 'planted_day': 0, 'watered_today': True, 'consecutive_unwatered': 0, 'yield_units': 6, 'max_lifespan_step': 312, 'fertilized_until_day': -1}","{'kind': 'PLANT', 'crop': 'MELON', 'planted_day': 0, 'watered_today': True, 'consecutive_unwatered': 0, 'yield_units': 6, 'max_lifespan_step': 312, 'fertilized_until_day': -1}",0,0,OBSERVED
,277,WATER,(),"(1, 0)",MELON,2178.0,2178.0,"{'kind': 'PLANT', 'crop': 'MELON', 'planted_day': 0, 'watered_today': False, 'consecutive_unwatered': 0, 'yield_units': 6, 'max_lifespan_step': 312, 'fertilized_until_day': -1}","{'kind': 'PLANT', 'crop': 'MELON', 'planted_day': 0, 'watered_today': True, 'consecutive_unwatered': 0, 'yield_units': 6, 'max_lifespan_step': 312, 'fertilized_until_day': -1}",0,0,WATERED
,278,WEST,(),"(1, 0)",MELON,2178.0,2178.0,"{'kind': 'PLANT', 'crop': 'MELON', 'planted_day': 0, 'watered_today': True, 'consecutive_unwatered': 0, 'yield_units': 6, 'max_lifespan_step': 312, 'fertilized_until_day': -1}","{'kind': 'PLANT', 'crop': 'MELON', 'planted_day': 0, 'watered_today': True, 'consecutive_unwatered': 0, 'yield_units': 6, 'max_lifespan_step': 312, 'fertilized_until_day': -1}",0,0,OBSERVED
,279,WATER,(),"(0, 0)",MELON,2178.0,2178.0,"{'kind': 'PLANT', 'crop': 'MELON', 'planted_day': 0, 'watered_today': False, 'consecutive_unwatered': 0, 'yield_units': 6, 'max_lifespan_step': 312, 'fertilized_until_day': -1}","{'kind': 'PLANT', 'crop': 'MELON', 'planted_day': 0, 'watered_today': True, 'consecutive_unwatered': 0, 'yield_units': 6, 'max_lifespan_step': 312, 'fertilized_until_day': -1}",0,0,WATERED
,280,SOUTH,(),"(0, 0)",MELON,2178.0,2178.0,"{'kind': 'PLANT', 'crop': 'MELON', 'planted_day': 0, 'watered_today': True, 'consecutive_unwatered': 0, 'yield_units': 6, 'max_lifespan_step': 312, 'fertilized_until_day': -1}","{'kind': 'PLANT', 'crop': 'MELON', 'planted_day': 0, 'watered_today': True, 'consecutive_unwatered': 0, 'yield_units': 6, 'max_lifespan_step': 312, 'fertilized_until_day': -1}",0,0,OBSERVED
,281,WATER,(),"(0, 1)",MELON,2178.0,2178.0,"{'kind': 'PLANT', 'crop': 'MELON', 'planted_day': 1, 'watered_today': False, 'consecutive_unwatered': 0, 'yield_units': 5, 'max_lifespan_step': 336, 'fertilized_until_day': -1}","{'kind': 'PLANT', 'crop': 'MELON', 'planted_day': 1, 'watered_today': True, 'consecutive_unwatered': 0, 'yield_units': 6, 'max_lifespan_step': 336, 'fertilized_until_day': -1}",0,0,WATERED
,282,EAST,(),"(0, 1)",MELON,2178.0,2178.0,"{'kind': 'PLANT', 'crop': 'MELON', 'planted_day': 1, 'watered_today': True, 'consecutive_unwatered': 0, 'yield_units': 6, 'max_lifespan_step': 336, 'fertilized_until_day': -1}","{'kind': 'PLANT', 'crop': 'MELON', 'planted_day': 1, 'watered_today': True, 'consecutive_unwatered': 0, 'yield_units': 6, 'max_lifespan_step': 336, 'fertilized_until_day': -1}",0,0,OBSERVED
,283,WATER,(),"(1, 1)",MELON,2178.0,2178.0,"{'kind': 'PLANT', 'crop': 'MELON', 'planted_day': 1, 'watered_today': False, 'consecutive_unwatered': 0, 'yield_units': 5, 'max_lifespan_step': 336, 'fertilized_until_day': -1}","{'kind': 'PLANT', 'crop': 'MELON', 'planted_day': 1, 'watered_today': True, 'consecutive_unwatered': 0, 'yield_units': 6, 'max_lifespan_step': 336, 'fertilized_until_day': -1}",0,0,WATERED
,284,EAST,(),"(1, 1)",MELON,2178.0,2178.0,"{'kind': 'PLANT', 'crop': 'MELON', 'planted_day': 1, 'watered_today': True, 'consecutive_unwatered': 0, 'yield_units': 6, 'max_lifespan_step': 336, 'fertilized_until_day': -1}","{'kind': 'PLANT', 'crop': 'MELON', 'planted_day': 1, 'watered_today': True, 'consecutive_unwatered': 0, 'yield_units': 6, 'max_lifespan_step': 336, 'fertilized_until_day': -1}",0,0,OBSERVED
,285,NORTH,(),"(2, 1)",,2178.0,2178.0,{'kind': 'WEED'},{'kind': 'WEED'},,,OBSERVED
,286,EAST,(),"(2, 0)",MELON,2178.0,2178.0,"{'kind': 'PLANT', 'crop': 'MELON', 'planted_day': 0, 'watered_today': True, 'consecutive_unwatered': 0, 'yield_units': 6, 'max_lifespan_step': 312, 'fertilized_until_day': -1}","{'kind': 'PLANT', 'crop': 'MELON', 'planted_day': 0, 'watered_today': True, 'consecutive_unwatered': 0, 'yield_units': 6, 'max_lifespan_step': 312, 'fertilized_until_day': -1}",0,0,OBSERVED
,287,EAST,(),"(3, 0)",MELON,2178.0,2178.0,"{'kind': 'PLANT', 'crop': 'MELON', 'planted_day': 0, 'watered_today': True, 'consecutive_unwatered': 0, 'yield_units': 6, 'max_lifespan_step': 312, 'fertilized_until_day': -1}","{'kind': 'PLANT', 'crop': 'MELON', 'planted_day': 0, 'watered_today': False, 'consecutive_unwatered': 0, 'yield_units': 6, 'max_lifespan_step': 312, 'fertilized_until_day': -1}",0,0,OBSERVED
,288,NORTH,(),"(4, 4)",,2178.0,2177.0,{'kind': 'WEED'},{'kind': 'WEED'},,,OBSERVED
,289,WATER,(),"(4, 3)",MELON,2177.0,2177.0,"{'kind': 'PLANT', 'crop': 'MELON', 'planted_day': 0, 'watered_today': False, 'consecutive_unwatered': 0, 'yield_units': 6, 'max_lifespan_step': 312, 'fertilized_until_day': -1}","{'kind': 'PLANT', 'crop': 'MELON', 'planted_day': 0, 'watered_today': True, 'consecutive_unwatered': 0, 'yield_units': 6, 'max_lifespan_step': 312, 'fertilized_until_day': -1}",0,0,WATERED
,290,NORTH,(),"(4, 3)",MELON,2177.0,2177.0,"{'kind': 'PLANT', 'crop': 'MELON', 'planted_day': 0, 'watered_today': True, 'consecutive_unwatered': 0, 'yield_units': 6, 'max_lifespan_step': 312, 'fertilized_until_day': -1}","{'kind': 'PLANT', 'crop': 'MELON', 'planted_day': 0, 'watered_today': True, 'consecutive_unwatered': 0, 'yield_units': 6, 'max_lifespan_step': 312, 'fertilized_until_day': -1}",0,0,OBSERVED
,291,WATER,(),"(4, 2)",MELON,2177.0,2177.0,"{'kind': 'PLANT', 'crop': 'MELON', 'planted_day': 0, 'watered_today': False, 'consecutive_unwatered': 0, 'yield_units': 6, 'max_lifespan_step': 312, 'fertilized_until_day': -1}","{'kind': 'PLANT', 'crop': 'MELON', 'planted_day': 0, 'watered_today': True, 'consecutive_unwatered': 0, 'yield_units': 6, 'max_lifespan_step': 312, 'fertilized_until_day': -1}",0,0,WATERED
,292,NORTH,(),"(4, 2)",MELON,2177.0,2177.0,"{'kind': 'PLANT', 'crop': 'MELON', 'planted_day': 0, 'watered_today': True, 'consecutive_unwatered': 0, 'yield_units': 6, 'max_lifespan_step': 312, 'fertilized_until_day': -1}","{'kind': 'PLANT', 'crop': 'MELON', 'planted_day': 0, 'watered_today': True, 'consecutive_unwatered': 0, 'yield_units': 6, 'max_lifespan_step': 312, 'fertilized_until_day': -1}",0,0,OBSERVED
,293,WATER,(),"(4, 1)",MELON,2177.0,2177.0,"{'kind': 'PLANT', 'crop': 'MELON', 'planted_day': 0, 'watered_today': False, 'consecutive_unwatered': 0, 'yield_units': 6, 'max_lifespan_step': 312, 'fertilized_until_day': -1}","{'kind': 'PLANT', 'crop': 'MELON', 'planted_day': 0, 'watered_today': True, 'consecutive_unwatered': 0, 'yield_units': 6, 'max_lifespan_step': 312, 'fertilized_until_day': -1}",0,0,WATERED
,294,NORTH,(),"(4, 1)",MELON,2177.0,2177.0,"{'kind': 'PLANT', 'crop': 'MELON', 'planted_day': 0, 'watered_today': True, 'consecutive_unwatered': 0, 'yield_units': 6, 'max_lifespan_step': 312, 'fertilized_until_day': -1}","{'kind': 'PLANT', 'crop': 'MELON', 'planted_day': 0, 'watered_today': True, 'consecutive_unwatered': 0, 'yield_units': 6, 'max_lifespan_step': 312, 'fertilized_until_day': -1}",0,0,OBSERVED
,295,WATER,(),"(4, 0)",MELON,2177.0,2177.0,"{'kind': 'PLANT', 'crop': 'MELON', 'planted_day': 0, 'watered_today': False, 'consecutive_unwatered': 0, 'yield_units': 6, 'max_lifespan_step': 312, 'fertilized_until_day': -1}","{'kind': 'PLANT', 'crop': 'MELON', 'planted_day': 0, 'watered_today': True, 'consecutive_unwatered': 0, 'yield_units': 6, 'max_lifespan_step': 312, 'fertilized_until_day': -1}",0,0,WATERED
,296,WEST,(),"(4, 0)",MELON,2177.0,2177.0,"{'kind': 'PLANT', 'crop': 'MELON', 'planted_day': 0, 'watered_today': True, 'consecutive_unwatered': 0, 'yield_units': 6, 'max_lifespan_step': 312, 'fertilized_until_day': -1}","{'kind': 'PLANT', 'crop': 'MELON', 'planted_day': 0, 'watered_today': True, 'consecutive_unwatered': 0, 'yield_units': 6, 'max_lifespan_step': 312, 'fertilized_until_day': -1}",0,0,OBSERVED
,297,WATER,(),"(3, 0)",MELON,2177.0,2177.0,"{'kind': 'PLANT', 'crop': 'MELON', 'planted_day': 0, 'watered_today': False, 'consecutive_unwatered': 0, 'yield_units': 6, 'max_lifespan_step': 312, 'fertilized_until_day': -1}","{'kind': 'PLANT', 'crop': 'MELON', 'planted_day': 0, 'watered_today': True, 'consecutive_unwatered': 0, 'yield_units': 6, 'max_lifespan_step': 312, 'fertilized_until_day': -1}",0,0,WATERED
,298,WEST,(),"(3, 0)",MELON,2177.0,2177.0,"{'kind': 'PLANT', 'crop': 'MELON', 'planted_day': 0, 'watered_today': True, 'consecutive_unwatered': 0, 'yield_units': 6, 'max_lifespan_step': 312, 'fertilized_until_day': -1}","{'kind': 'PLANT', 'crop': 'MELON', 'planted_day': 0, 'watered_today': True, 'consecutive_unwatered': 0, 'yield_units': 6, 'max_lifespan_step': 312, 'fertilized_until_day': -1}",0,0,OBSERVED
,299,WATER,(),"(2, 0)",MELON,2177.0,2177.0,"{'kind': 'PLANT', 'crop': 'MELON', 'planted_day': 0, 'watered_today': False, 'consecutive_unwatered': 0, 'yield_units': 6, 'max_lifespan_step': 312, 'fertilized_until_day': -1}","{'kind': 'PLANT', 'crop': 'MELON', 'planted_day': 0, 'watered_today': True, 'consecutive_unwatered': 0, 'yield_units': 6, 'max_lifespan_step': 312, 'fertilized_until_day': -1}",0,0,WATERED
,300,WEST,(),"(2, 0)",MELON,2177.0,2177.0,"{'kind': 'PLANT', 'crop': 'MELON', 'planted_day': 0, 'watered_today': True, 'consecutive_unwatered': 0, 'yield_units': 6, 'max_lifespan_step': 312, 'fertilized_until_day': -1}","{'kind': 'PLANT', 'crop': 'MELON', 'planted_day': 0, 'watered_today': True, 'consecutive_unwatered': 0, 'yield_units': 6, 'max_lifespan_step': 312, 'fertilized_until_day': -1}",0,0,OBSERVED
,301,WATER,(),"(1, 0)",MELON,2177.0,2177.0,"{'kind': 'PLANT', 'crop': 'MELON', 'planted_day': 0, 'watered_today': False, 'consecutive_unwatered': 0, 'yield_units': 6, 'max_lifespan_step': 312, 'fertilized_until_day': -1}","{'kind': 'PLANT', 'crop': 'MELON', 'planted_day': 0, 'watered_today': True, 'consecutive_unwatered': 0, 'yield_units': 6, 'max_lifespan_step': 312, 'fertilized_until_day': -1}",0,0,WATERED
,302,WEST,(),"(1, 0)",MELON,2177.0,2177.0,"{'kind': 'PLANT', 'crop': 'MELON', 'planted_day': 0, 'watered_today': True, 'consecutive_unwatered': 0, 'yield_units': 6, 'max_lifespan_step': 312, 'fertilized_until_day': -1}","{'kind': 'PLANT', 'crop': 'MELON', 'planted_day': 0, 'watered_today': True, 'consecutive_unwatered': 0, 'yield_units': 6, 'max_lifespan_step': 312, 'fertilized_until_day': -1}",0,0,OBSERVED
,303,WATER,(),"(0, 0)",MELON,2177.0,2177.0,"{'kind': 'PLANT', 'crop': 'MELON', 'planted_day': 0, 'watered_today': False, 'consecutive_unwatered': 0, 'yield_units': 6, 'max_lifespan_step': 312, 'fertilized_until_day': -1}","{'kind': 'PLANT', 'crop': 'MELON', 'planted_day': 0, 'watered_today': True, 'consecutive_unwatered': 0, 'yield_units': 6, 'max_lifespan_step': 312, 'fertilized_until_day': -1}",0,0,WATERED
,304,SOUTH,(),"(0, 0)",MELON,2177.0,2177.0,"{'kind': 'PLANT', 'crop': 'MELON', 'planted_day': 0, 'watered_today': True, 'consecutive_unwatered': 0, 'yield_units': 6, 'max_lifespan_step': 312, 'fertilized_until_day': -1}","{'kind': 'PLANT', 'crop': 'MELON', 'planted_day': 0, 'watered_today': True, 'consecutive_unwatered': 0, 'yield_units': 6, 'max_lifespan_step': 312, 'fertilized_until_day': -1}",0,0,OBSERVED
,305,WATER,(),"(0, 1)",MELON,2177.0,2177.0,"{'kind': 'PLANT', 'crop': 'MELON', 'planted_day': 1, 'watered_today': False, 'consecutive_unwatered': 0, 'yield_units': 6, 'max_lifespan_step': 336, 'fertilized_until_day': -1}","{'kind': 'PLANT', 'crop': 'MELON', 'planted_day': 1, 'watered_today': True, 'consecutive_unwatered': 0, 'yield_units': 6, 'max_lifespan_step': 336, 'fertilized_until_day': -1}",0,0,WATERED
,306,EAST,(),"(0, 1)",MELON,2177.0,2177.0,"{'kind': 'PLANT', 'crop': 'MELON', 'planted_day': 1, 'watered_today': True, 'consecutive_unwatered': 0, 'yield_units': 6, 'max_lifespan_step': 336, 'fertilized_until_day': -1}","{'kind': 'PLANT', 'crop': 'MELON', 'planted_day': 1, 'watered_today': True, 'consecutive_unwatered': 0, 'yield_units': 6, 'max_lifespan_step': 336, 'fertilized_until_day': -1}",0,0,OBSERVED
,307,WATER,(),"(1, 1)",MELON,2177.0,2177.0,"{'kind': 'PLANT', 'crop': 'MELON', 'planted_day': 1, 'watered_today': False, 'consecutive_unwatered': 0, 'yield_units': 6, 'max_lifespan_step': 336, 'fertilized_until_day': -1}","{'kind': 'PLANT', 'crop': 'MELON', 'planted_day': 1, 'watered_today': True, 'consecutive_unwatered': 0, 'yield_units': 6, 'max_lifespan_step': 336, 'fertilized_until_day': -1}",0,0,WATERED
,308,EAST,(),"(1, 1)",MELON,2177.0,2177.0,"{'kind': 'PLANT', 'crop': 'MELON', 'planted_day': 1, 'watered_today': True, 'consecutive_unwatered': 0, 'yield_units': 6, 'max_lifespan_step': 336, 'fertilized_until_day': -1}","{'kind': 'PLANT', 'crop': 'MELON', 'planted_day': 1, 'watered_today': True, 'consecutive_unwatered': 0, 'yield_units': 6, 'max_lifespan_step': 336, 'fertilized_until_day': -1}",0,0,OBSERVED
,309,NORTH,(),"(2, 1)",,2177.0,2177.0,{'kind': 'WEED'},{'kind': 'WEED'},,,OBSERVED
,310,EAST,(),"(2, 0)",MELON,2177.0,2177.0,"{'kind': 'PLANT', 'crop': 'MELON', 'planted_day': 0, 'watered_today': True, 'consecutive_unwatered': 0, 'yield_units': 6, 'max_lifespan_step': 312, 'fertilized_until_day': -1}","{'kind': 'PLANT', 'crop': 'MELON', 'planted_day': 0, 'watered_today': True, 'consecutive_unwatered': 0, 'yield_units': 6, 'max_lifespan_step': 312, 'fertilized_until_day': -1}",0,0,OBSERVED
,311,EAST,(),"(3, 0)",MELON,2177.0,2177.0,"{'kind': 'PLANT', 'crop': 'MELON', 'planted_day': 0, 'watered_today': True, 'consecutive_unwatered': 0, 'yield_units': 6, 'max_lifespan_step': 312, 'fertilized_until_day': -1}","{'kind': 'PLANT', 'crop': 'MELON', 'planted_day': 0, 'watered_today': False, 'consecutive_unwatered': 0, 'yield_units': 6, 'max_lifespan_step': 312, 'fertilized_until_day': -1}",0,0,OBSERVED
,312,NORTH,(),"(4, 4)",,2177.0,2176.0,{'kind': 'WEED'},{'kind': 'WEED'},,,OBSERVED
,313,WATER,(),"(4, 3)",MELON,2176.0,2176.0,"{'kind': 'PLANT', 'crop': 'MELON', 'planted_day': 0, 'watered_today': False, 'consecutive_unwatered': 0, 'yield_units': 5, 'max_lifespan_step': 312, 'fertilized_until_day': -1}","{'kind': 'PLANT', 'crop': 'MELON', 'planted_day': 0, 'watered_today': True, 'consecutive_unwatered': 0, 'yield_units': 5, 'max_lifespan_step': 312, 'fertilized_until_day': -1}",0,0,WATERED
,314,NORTH,(),"(4, 3)",MELON,2176.0,2176.0,"{'kind': 'PLANT', 'crop': 'MELON', 'planted_day': 0, 'watered_today': True, 'consecutive_unwatered': 0, 'yield_units': 5, 'max_lifespan_step': 312, 'fertilized_until_day': -1}","{'kind': 'PLANT', 'crop': 'MELON', 'planted_day': 0, 'watered_today': True, 'consecutive_unwatered': 0, 'yield_units': 4, 'max_lifespan_step': 312, 'fertilized_until_day': -1}",0,0,OBSERVED
,315,WATER,(),"(4, 2)",MELON,2176.0,2176.0,"{'kind': 'PLANT', 'crop': 'MELON', 'planted_day': 0, 'watered_today': False, 'consecutive_unwatered': 0, 'yield_units': 4, 'max_lifespan_step': 312, 'fertilized_until_day': -1}","{'kind': 'PLANT', 'crop': 'MELON', 'planted_day': 0, 'watered_today': True, 'consecutive_unwatered': 0, 'yield_units': 4, 'max_lifespan_step': 312, 'fertilized_until_day': -1}",0,0,WATERED
,316,NORTH,(),"(4, 2)",MELON,2176.0,2176.0,"{'kind': 'PLANT', 'crop': 'MELON', 'planted_day': 0, 'watered_today': True, 'consecutive_unwatered': 0, 'yield_units': 4, 'max_lifespan_step': 312, 'fertilized_until_day': -1}","{'kind': 'PLANT', 'crop': 'MELON', 'planted_day': 0, 'watered_today': True, 'consecutive_unwatered': 0, 'yield_units': 3, 'max_lifespan_step': 312, 'fertilized_until_day': -1}",0,0,OBSERVED
,317,WATER,(),"(4, 1)",MELON,2176.0,2176.0,"{'kind': 'PLANT', 'crop': 'MELON', 'planted_day': 0, 'watered_today': False, 'consecutive_unwatered': 0, 'yield_units': 3, 'max_lifespan_step': 312, 'fertilized_until_day': -1}","{'kind': 'PLANT', 'crop': 'MELON', 'planted_day': 0, 'watered_today': True, 'consecutive_unwatered': 0, 'yield_units': 3, 'max_lifespan_step': 312, 'fertilized_until_day': -1}",0,0,WATERED
,318,NORTH,(),"(4, 1)",MELON,2176.0,2176.0,"{'kind': 'PLANT', 'crop': 'MELON', 'planted_day': 0, 'watered_today': True, 'consecutive_unwatered': 0, 'yield_units': 3, 'max_lifespan_step': 312, 'fertilized_until_day': -1}","{'kind': 'PLANT', 'crop': 'MELON', 'planted_day': 0, 'watered_today': True, 'consecutive_unwatered': 0, 'yield_units': 2, 'max_lifespan_step': 312, 'fertilized_until_day': -1}",0,0,OBSERVED
,319,WATER,(),"(4, 0)",MELON,2176.0,2176.0,"{'kind': 'PLANT', 'crop': 'MELON', 'planted_day': 0, 'watered_today': False, 'consecutive_unwatered': 0, 'yield_units': 2, 'max_lifespan_step': 312, 'fertilized_until_day': -1}","{'kind': 'PLANT', 'crop': 'MELON', 'planted_day': 0, 'watered_today': True, 'consecutive_unwatered': 0, 'yield_units': 2, 'max_lifespan_step': 312, 'fertilized_until_day': -1}",0,0,WATERED
,320,WEST,(),"(4, 0)",MELON,2176.0,2176.0,"{'kind': 'PLANT', 'crop': 'MELON', 'planted_day': 0, 'watered_today': True, 'consecutive_unwatered': 0, 'yield_units': 2, 'max_lifespan_step': 312, 'fertilized_until_day': -1}","{'kind': 'PLANT', 'crop': 'MELON', 'planted_day': 0, 'watered_today': True, 'consecutive_unwatered': 0, 'yield_units': 1, 'max_lifespan_step': 312, 'fertilized_until_day': -1}",0,0,OBSERVED
,321,WATER,(),"(3, 0)",MELON,2176.0,2176.0,"{'kind': 'PLANT', 'crop': 'MELON', 'planted_day': 0, 'watered_today': False, 'consecutive_unwatered': 0, 'yield_units': 1, 'max_lifespan_step': 312, 'fertilized_until_day': -1}","{'kind': 'PLANT', 'crop': 'MELON', 'planted_day': 0, 'watered_today': True, 'consecutive_unwatered': 0, 'yield_units': 1, 'max_lifespan_step': 312, 'fertilized_until_day': -1}",0,0,WATERED
,322,WEST,(),"(3, 0)",MELON,2176.0,2176.0,"{'kind': 'PLANT', 'crop': 'MELON', 'planted_day': 0, 'watered_today': True, 'consecutive_unwatered': 0, 'yield_units': 1, 'max_lifespan_step': 312, 'fertilized_until_day': -1}",{'kind': 'WEED'},0,0,OBSERVED
,323,WEST,(),"(2, 0)",,2176.0,2176.0,{'kind': 'WEED'},{'kind': 'WEED'},,,OBSERVED
,324,SOUTH,(),"(1, 0)",,2176.0,2176.0,{'kind': 'WEED'},{'kind': 'WEED'},,,OBSERVED
,325,WATER,(),"(1, 1)",MELON,2176.0,2176.0,"{'kind': 'PLANT', 'crop': 'MELON', 'planted_day': 1, 'watered_today': False, 'consecutive_unwatered': 0, 'yield_units': 6, 'max_lifespan_step': 336, 'fertilized_until_day': -1}","{'kind': 'PLANT', 'crop': 'MELON', 'planted_day': 1, 'watered_today': True, 'consecutive_unwatered': 0, 'yield_units': 6, 'max_lifespan_step': 336, 'fertilized_until_day': -1}",0,0,WATERED
,326,WEST,(),"(1, 1)",MELON,2176.0,2176.0,"{'kind': 'PLANT', 'crop': 'MELON', 'planted_day': 1, 'watered_today': True, 'consecutive_unwatered': 0, 'yield_units': 6, 'max_lifespan_step': 336, 'fertilized_until_day': -1}","{'kind': 'PLANT', 'crop': 'MELON', 'planted_day': 1, 'watered_today': True, 'consecutive_unwatered': 0, 'yield_units': 6, 'max_lifespan_step': 336, 'fertilized_until_day': -1}",0,0,OBSERVED
,327,WATER,(),"(0, 1)",MELON,2176.0,2176.0,"{'kind': 'PLANT', 'crop': 'MELON', 'planted_day': 1, 'watered_today': False, 'consecutive_unwatered': 0, 'yield_units': 6, 'max_lifespan_step': 336, 'fertilized_until_day': -1}","{'kind': 'PLANT', 'crop': 'MELON', 'planted_day': 1, 'watered_today': True, 'consecutive_unwatered': 0, 'yield_units': 6, 'max_lifespan_step': 336, 'fertilized_until_day': -1}",0,0,WATERED
,328,EAST,(),"(0, 1)",MELON,2176.0,2176.0,"{'kind': 'PLANT', 'crop': 'MELON', 'planted_day': 1, 'watered_today': True, 'consecutive_unwatered': 0, 'yield_units': 6, 'max_lifespan_step': 336, 'fertilized_until_day': -1}","{'kind': 'PLANT', 'crop': 'MELON', 'planted_day': 1, 'watered_today': True, 'consecutive_unwatered': 0, 'yield_units': 6, 'max_lifespan_step': 336, 'fertilized_until_day': -1}",0,0,OBSERVED
,329,EAST,(),"(1, 1)",MELON,2176.0,2176.0,"{'kind': 'PLANT', 'crop': 'MELON', 'planted_day': 1, 'watered_today': True, 'consecutive_unwatered': 0, 'yield_units': 6, 'max_lifespan_step': 336, 'fertilized_until_day': -1}","{'kind': 'PLANT', 'crop': 'MELON', 'planted_day': 1, 'watered_today': True, 'consecutive_unwatered': 0, 'yield_units': 6, 'max_lifespan_step': 336, 'fertilized_until_day': -1}",0,0,OBSERVED
,330,WEST,(),"(2, 1)",,2176.0,2176.0,{'kind': 'WEED'},{'kind': 'WEED'},,,OBSERVED
,331,EAST,(),"(1, 1)",MELON,2176.0,2176.0,"{'kind': 'PLANT', 'crop': 'MELON', 'planted_day': 1, 'watered_today': True, 'consecutive_unwatered': 0, 'yield_units': 6, 'max_lifespan_step': 336, 'fertilized_until_day': -1}","{'kind': 'PLANT', 'crop': 'MELON', 'planted_day': 1, 'watered_today': True, 'consecutive_unwatered': 0, 'yield_units': 6, 'max_lifespan_step': 336, 'fertilized_until_day': -1}",0,0,OBSERVED
,332,WEST,(),"(2, 1)",,2176.0,2176.0,{'kind': 'WEED'},{'kind': 'WEED'},,,OBSERVED
,333,EAST,(),"(1, 1)",MELON,2176.0,2176.0,"{'kind': 'PLANT', 'crop': 'MELON', 'planted_day': 1, 'watered_today': True, 'consecutive_unwatered': 0, 'yield_units': 6, 'max_lifespan_step': 336, 'fertilized_until_day': -1}","{'kind': 'PLANT', 'crop': 'MELON', 'planted_day': 1, 'watered_today': True, 'consecutive_unwatered': 0, 'yield_units': 6, 'max_lifespan_step': 336, 'fertilized_until_day': -1}",0,0,OBSERVED
,334,WEST,(),"(2, 1)",,2176.0,2176.0,{'kind': 'WEED'},{'kind': 'WEED'},,,OBSERVED
,335,EAST,(),"(1, 1)",MELON,2176.0,2176.0,"{'kind': 'PLANT', 'crop': 'MELON', 'planted_day': 1, 'watered_today': True, 'consecutive_unwatered': 0, 'yield_units': 6, 'max_lifespan_step': 336, 'fertilized_until_day': -1}","{'kind': 'PLANT', 'crop': 'MELON', 'planted_day': 1, 'watered_today': False, 'consecutive_unwatered': 0, 'yield_units': 6, 'max_lifespan_step': 336, 'fertilized_until_day': -1}",0,0,OBSERVED
,336,WEST,(),"(4, 4)",,2176.0,2175.0,{'kind': 'WEED'},{'kind': 'WEED'},,,OBSERVED
,337,WEST,(),"(3, 4)",,2175.0,2175.0,{'kind': 'WEED'},{'kind': 'WEED'},,,OBSERVED
,338,WEST,(),"(2, 4)",,2175.0,2175.0,{'kind': 'WEED'},{'kind': 'WEED'},,,OBSERVED
,339,NORTH,(),"(1, 4)",,2175.0,2175.0,{'kind': 'WEED'},{'kind': 'WEED'},,,OBSERVED
,340,NORTH,(),"(1, 3)",,2175.0,2175.0,{'kind': 'WEED'},{'kind': 'WEED'},,,OBSERVED
,341,NORTH,(),"(1, 2)",,2175.0,2175.0,{'kind': 'WEED'},{'kind': 'WEED'},,,OBSERVED
,342,WATER,(),"(1, 1)",MELON,2175.0,2175.0,"{'kind': 'PLANT', 'crop': 'MELON', 'planted_day': 1, 'watered_today': False, 'consecutive_unwatered': 0, 'yield_units': 3, 'max_lifespan_step': 336, 'fertilized_until_day': -1}","{'kind': 'PLANT', 'crop': 'MELON', 'planted_day': 1, 'watered_today': True, 'consecutive_unwatered': 0, 'yield_units': 2, 'max_lifespan_step': 336, 'fertilized_until_day': -1}",0,0,WATERED
,343,WEST,(),"(1, 1)",MELON,2175.0,2175.0,"{'kind': 'PLANT', 'crop': 'MELON', 'planted_day': 1, 'watered_today': True, 'consecutive_unwatered': 0, 'yield_units': 2, 'max_lifespan_step': 336, 'fertilized_until_day': -1}","{'kind': 'PLANT', 'crop': 'MELON', 'planted_day': 1, 'watered_today': True, 'consecutive_unwatered': 0, 'yield_units': 2, 'max_lifespan_step': 336, 'fertilized_until_day': -1}",0,0,OBSERVED
,344,WATER,(),"(0, 1)",MELON,2175.0,2175.0,"{'kind': 'PLANT', 'crop': 'MELON', 'planted_day': 1, 'watered_today': False, 'consecutive_unwatered': 0, 'yield_units': 2, 'max_lifespan_step': 336, 'fertilized_until_day': -1}","{'kind': 'PLANT', 'crop': 'MELON', 'planted_day': 1, 'watered_today': True, 'consecutive_unwatered': 0, 'yield_units': 1, 'max_lifespan_step': 336, 'fertilized_until_day': -1}",0,0,WATERED
,345,EAST,(),"(0, 1)",MELON,2175.0,2175.0,"{'kind': 'PLANT', 'crop': 'MELON', 'planted_day': 1, 'watered_today': True, 'consecutive_unwatered': 0, 'yield_units': 1, 'max_lifespan_step': 336, 'fertilized_until_day': -1}","{'kind': 'PLANT', 'crop': 'MELON', 'planted_day': 1, 'watered_today': True, 'consecutive_unwatered': 0, 'yield_units': 1, 'max_lifespan_step': 336, 'fertilized_until_day': -1}",0,0,OBSERVED
,346,EAST,(),"(1, 1)",MELON,2175.0,2175.0,"{'kind': 'PLANT', 'crop': 'MELON', 'planted_day': 1, 'watered_today': True, 'consecutive_unwatered': 0, 'yield_units': 1, 'max_lifespan_step': 336, 'fertilized_until_day': -1}",{'kind': 'WEED'},0,0,OBSERVED
,347,EAST,(),"(2, 1)",,2175.0,2175.0,{'kind': 'WEED'},{'kind': 'WEED'},,,OBSERVED
,348,EAST,(),"(3, 1)",,2175.0,2175.0,{'kind': 'WEED'},{'kind': 'WEED'},,,OBSERVED
,349,SOUTH,(),"(4, 1)",,2175.0,2175.0,{'kind': 'WEED'},{'kind': 'WEED'},,,OBSERVED
,350,SOUTH,(),"(4, 2)",,2175.0,2175.0,{'kind': 'WEED'},{'kind': 'WEED'},,,OBSERVED
,351,SOUTH,(),"(4, 3)",,2175.0,2175.0,{'kind': 'WEED'},{'kind': 'WEED'},,,OBSERVED
,352,PASS,(),"(4, 4)",,2175.0,2175.0,{'kind': 'WEED'},{'kind': 'WEED'},,,OBSERVED
,353,PASS,(),"(4, 4)",,2175.0,2175.0,{'kind': 'WEED'},{'kind': 'WEED'},,,OBSERVED
,354,PASS,(),"(4, 4)",,2175.0,2175.0,{'kind': 'WEED'},{'kind': 'WEED'},,,OBSERVED
,355,PASS,(),"(4, 4)",,2175.0,2175.0,{'kind': 'WEED'},{'kind': 'WEED'},,,OBSERVED
,356,PASS,(),"(4, 4)",,2175.0,2175.0,{'kind': 'WEED'},{'kind': 'WEED'},,,OBSERVED
,357,PASS,(),"(4, 4)",,2175.0,2175.0,{'kind': 'WEED'},{'kind': 'WEED'},,,OBSERVED
,358,PASS,(),"(4, 4)",,2175.0,2175.0,{'kind': 'WEED'},{'kind': 'WEED'},,,OBSERVED
,359,PASS,(),"(4, 4)",,2175.0,2175.0,{'kind': 'WEED'},{'kind': 'WEED'},,,OBSERVED
,360,PASS,(),"(4, 4)",,2175.0,2174.0,{'kind': 'WEED'},{'kind': 'WEED'},,,OBSERVED
,361,PASS,(),"(4, 4)",,2174.0,2174.0,{'kind': 'WEED'},{'kind': 'WEED'},,,OBSERVED
,362,PASS,(),"(4, 4)",,2174.0,2174.0,{'kind': 'WEED'},{'kind': 'WEED'},,,OBSERVED
,363,PASS,(),"(4, 4)",,2174.0,2174.0,{'kind': 'WEED'},{'kind': 'WEED'},,,OBSERVED
,364,PASS,(),"(4, 4)",,2174.0,2174.0,{'kind': 'WEED'},{'kind': 'WEED'},,,OBSERVED
,365,PASS,(),"(4, 4)",,2174.0,2174.0,{'kind': 'WEED'},{'kind': 'WEED'},,,OBSERVED
,366,PASS,(),"(4, 4)",,2174.0,2174.0,{'kind': 'WEED'},{'kind': 'WEED'},,,OBSERVED
,367,PASS,(),"(4, 4)",,2174.0,2174.0,{'kind': 'WEED'},{'kind': 'WEED'},,,OBSERVED
,368,PASS,(),"(4, 4)",,2174.0,2174.0,{'kind': 'WEED'},{'kind': 'WEED'},,,OBSERVED
,369,PASS,(),"(4, 4)",,2174.0,2174.0,{'kind': 'WEED'},{'kind': 'WEED'},,,OBSERVED
,370,PASS,(),"(4, 4)",,2174.0,2174.0,{'kind': 'WEED'},{'kind': 'WEED'},,,OBSERVED
,371,PASS,(),"(4, 4)",,2174.0,2174.0,{'kind': 'WEED'},{'kind': 'WEED'},,,OBSERVED
,372,PASS,(),"(4, 4)",,2174.0,2174.0,{'kind': 'WEED'},{'kind': 'WEED'},,,OBSERVED
,373,PASS,(),"(4, 4)",,2174.0,2174.0,{'kind': 'WEED'},{'kind': 'WEED'},,,OBSERVED
,374,PASS,(),"(4, 4)",,2174.0,2174.0,{'kind': 'WEED'},{'kind': 'WEED'},,,OBSERVED
,375,PASS,(),"(4, 4)",,2174.0,2174.0,{'kind': 'WEED'},{'kind': 'WEED'},,,OBSERVED
,376,PASS,(),"(4, 4)",,2174.0,2174.0,{'kind': 'WEED'},{'kind': 'WEED'},,,OBSERVED
,377,PASS,(),"(4, 4)",,2174.0,2174.0,{'kind': 'WEED'},{'kind': 'WEED'},,,OBSERVED
,378,PASS,(),"(4, 4)",,2174.0,2174.0,{'kind': 'WEED'},{'kind': 'WEED'},,,OBSERVED
,379,PASS,(),"(4, 4)",,2174.0,2174.0,{'kind': 'WEED'},{'kind': 'WEED'},,,OBSERVED
,380,PASS,(),"(4, 4)",,2174.0,2174.0,{'kind': 'WEED'},{'kind': 'WEED'},,,OBSERVED
,381,PASS,(),"(4, 4)",,2174.0,2174.0,{'kind': 'WEED'},{'kind': 'WEED'},,,OBSERVED
,382,PASS,(),"(4, 4)",,2174.0,2174.0,{'kind': 'WEED'},{'kind': 'WEED'},,,OBSERVED
,383,PASS,(),"(4, 4)",,2174.0,2174.0,{'kind': 'WEED'},{'kind': 'WEED'},,,OBSERVED
,384,PASS,(),"(4, 4)",,2174.0,2173.0,{'kind': 'WEED'},{'kind': 'WEED'},,,OBSERVED
,385,PASS,(),"(4, 4)",,2173.0,2173.0,{'kind': 'WEED'},{'kind': 'WEED'},,,OBSERVED
,386,PASS,(),"(4, 4)",,2173.0,2173.0,{'kind': 'WEED'},{'kind': 'WEED'},,,OBSERVED
,387,PASS,(),"(4, 4)",,2173.0,2173.0,{'kind': 'WEED'},{'kind': 'WEED'},,,OBSERVED
,388,PASS,(),"(4, 4)",,2173.0,2173.0,{'kind': 'WEED'},{'kind': 'WEED'},,,OBSERVED
,389,PASS,(),"(4, 4)",,2173.0,2173.0,{'kind': 'WEED'},{'kind': 'WEED'},,,OBSERVED
,390,PASS,(),"(4, 4)",,2173.0,2173.0,{'kind': 'WEED'},{'kind': 'WEED'},,,OBSERVED
,391,PASS,(),"(4, 4)",,2173.0,2173.0,{'kind': 'WEED'},{'kind': 'WEED'},,,OBSERVED
,392,PASS,(),"(4, 4)",,2173.0,2173.0,{'kind': 'WEED'},{'kind': 'WEED'},,,OBSERVED
,393,PASS,(),"(4, 4)",,2173.0,2173.0,{'kind': 'WEED'},{'kind': 'WEED'},,,OBSERVED
,394,PASS,(),"(4, 4)",,2173.0,2173.0,{'kind': 'WEED'},{'kind': 'WEED'},,,OBSERVED
,395,PASS,(),"(4, 4)",,2173.0,2173.0,{'kind': 'WEED'},{'kind': 'WEED'},,,OBSERVED
,396,PASS,(),"(4, 4)",,2173.0,2173.0,{'kind': 'WEED'},{'kind': 'WEED'},,,OBSERVED
,397,PASS,(),"(4, 4)",,2173.0,2173.0,{'kind': 'WEED'},{'kind': 'WEED'},,,OBSERVED
,398,PASS,(),"(4, 4)",,2173.0,2173.0,{'kind': 'WEED'},{'kind': 'WEED'},,,OBSERVED
,399,PASS,(),"(4, 4)",,2173.0,2173.0,{'kind': 'WEED'},{'kind': 'WEED'},,,OBSERVED
,400,PASS,(),"(4, 4)",,2173.0,2173.0,{'kind': 'WEED'},{'kind': 'WEED'},,,OBSERVED
,401,PASS,(),"(4, 4)",,2173.0,2173.0,{'kind': 'WEED'},{'kind': 'WEED'},,,OBSERVED
,402,PASS,(),"(4, 4)",,2173.0,2173.0,{'kind': 'WEED'},{'kind': 'WEED'},,,OBSERVED
,403,PASS,(),"(4, 4)",,2173.0,2173.0,{'kind': 'WEED'},{'kind': 'WEED'},,,OBSERVED
,404,PASS,(),"(4, 4)",,2173.0,2173.0,{'kind': 'WEED'},{'kind': 'WEED'},,,OBSERVED
,405,PASS,(),"(4, 4)",,2173.0,2173.0,{'kind': 'WEED'},{'kind': 'WEED'},,,OBSERVED
,406,PASS,(),"(4, 4)",,2173.0,2173.0,{'kind': 'WEED'},{'kind': 'WEED'},,,OBSERVED
,407,PASS,(),"(4, 4)",,2173.0,2173.0,{'kind': 'WEED'},{'kind': 'WEED'},,,OBSERVED
,408,PASS,(),"(4, 4)",,2173.0,2172.0,{'kind': 'WEED'},{'kind': 'WEED'},,,OBSERVED
,409,PASS,(),"(4, 4)",,2172.0,2172.0,{'kind': 'WEED'},{'kind': 'WEED'},,,OBSERVED
,410,PASS,(),"(4, 4)",,2172.0,2172.0,{'kind': 'WEED'},{'kind': 'WEED'},,,OBSERVED
,411,PASS,(),"(4, 4)",,2172.0,2172.0,{'kind': 'WEED'},{'kind': 'WEED'},,,OBSERVED
,412,PASS,(),"(4, 4)",,2172.0,2172.0,{'kind': 'WEED'},{'kind': 'WEED'},,,OBSERVED
,413,PASS,(),"(4, 4)",,2172.0,2172.0,{'kind': 'WEED'},{'kind': 'WEED'},,,OBSERVED
,414,PASS,(),"(4, 4)",,2172.0,2172.0,{'kind': 'WEED'},{'kind': 'WEED'},,,OBSERVED
,415,PASS,(),"(4, 4)",,2172.0,2172.0,{'kind': 'WEED'},{'kind': 'WEED'},,,OBSERVED
,416,PASS,(),"(4, 4)",,2172.0,2172.0,{'kind': 'WEED'},{'kind': 'WEED'},,,OBSERVED
,417,PASS,(),"(4, 4)",,2172.0,2172.0,{'kind': 'WEED'},{'kind': 'WEED'},,,OBSERVED
,418,PASS,(),"(4, 4)",,2172.0,2172.0,{'kind': 'WEED'},{'kind': 'WEED'},,,OBSERVED
,419,PASS,(),"(4, 4)",,2172.0,2172.0,{'kind': 'WEED'},{'kind': 'WEED'},,,OBSERVED
,420,PASS,(),"(4, 4)",,2172.0,2172.0,{'kind': 'WEED'},{'kind': 'WEED'},,,OBSERVED
,421,PASS,(),"(4, 4)",,2172.0,2172.0,{'kind': 'WEED'},{'kind': 'WEED'},,,OBSERVED
,422,PASS,(),"(4, 4)",,2172.0,2172.0,{'kind': 'WEED'},{'kind': 'WEED'},,,OBSERVED
,423,PASS,(),"(4, 4)",,2172.0,2172.0,{'kind': 'WEED'},{'kind': 'WEED'},,,OBSERVED
,424,PASS,(),"(4, 4)",,2172.0,2172.0,{'kind': 'WEED'},{'kind': 'WEED'},,,OBSERVED
,425,PASS,(),"(4, 4)",,2172.0,2172.0,{'kind': 'WEED'},{'kind': 'WEED'},,,OBSERVED
,426,PASS,(),"(4, 4)",,2172.0,2172.0,{'kind': 'WEED'},{'kind': 'WEED'},,,OBSERVED
,427,PASS,(),"(4, 4)",,2172.0,2172.0,{'kind': 'WEED'},{'kind': 'WEED'},,,OBSERVED
,428,PASS,(),"(4, 4)",,2172.0,2172.0,{'kind': 'WEED'},{'kind': 'WEED'},,,OBSERVED
,429,PASS,(),"(4, 4)",,2172.0,2172.0,{'kind': 'WEED'},{'kind': 'WEED'},,,OBSERVED
,430,PASS,(),"(4, 4)",,2172.0,2172.0,{'kind': 'WEED'},{'kind': 'WEED'},,,OBSERVED
,431,PASS,(),"(4, 4)",,2172.0,2172.0,{'kind': 'WEED'},{'kind': 'WEED'},,,OBSERVED
,432,PASS,(),"(4, 4)",,2172.0,2171.0,{'kind': 'WEED'},{'kind': 'WEED'},,,OBSERVED
,433,PASS,(),"(4, 4)",,2171.0,2171.0,{'kind': 'WEED'},{'kind': 'WEED'},,,OBSERVED
,434,PASS,(),"(4, 4)",,2171.0,2171.0,{'kind': 'WEED'},{'kind': 'WEED'},,,OBSERVED
,435,PASS,(),"(4, 4)",,2171.0,2171.0,{'kind': 'WEED'},{'kind': 'WEED'},,,OBSERVED
,436,PASS,(),"(4, 4)",,2171.0,2171.0,{'kind': 'WEED'},{'kind': 'WEED'},,,OBSERVED
,437,PASS,(),"(4, 4)",,2171.0,2171.0,{'kind': 'WEED'},{'kind': 'WEED'},,,OBSERVED
,438,PASS,(),"(4, 4)",,2171.0,2171.0,{'kind': 'WEED'},{'kind': 'WEED'},,,OBSERVED
,439,PASS,(),"(4, 4)",,2171.0,2171.0,{'kind': 'WEED'},{'kind': 'WEED'},,,OBSERVED
,440,PASS,(),"(4, 4)",,2171.0,2171.0,{'kind': 'WEED'},{'kind': 'WEED'},,,OBSERVED
,441,PASS,(),"(4, 4)",,2171.0,2171.0,{'kind': 'WEED'},{'kind': 'WEED'},,,OBSERVED
,442,PASS,(),"(4, 4)",,2171.0,2171.0,{'kind': 'WEED'},{'kind': 'WEED'},,,OBSERVED
,443,PASS,(),"(4, 4)",,2171.0,2171.0,{'kind': 'WEED'},{'kind': 'WEED'},,,OBSERVED
,444,PASS,(),"(4, 4)",,2171.0,2171.0,{'kind': 'WEED'},{'kind': 'WEED'},,,OBSERVED
,445,PASS,(),"(4, 4)",,2171.0,2171.0,{'kind': 'WEED'},{'kind': 'WEED'},,,OBSERVED
,446,PASS,(),"(4, 4)",,2171.0,2171.0,{'kind': 'WEED'},{'kind': 'WEED'},,,OBSERVED
,447,PASS,(),"(4, 4)",,2171.0,2171.0,{'kind': 'WEED'},{'kind': 'WEED'},,,OBSERVED
,448,PASS,(),"(4, 4)",,2171.0,2171.0,{'kind': 'WEED'},{'kind': 'WEED'},,,OBSERVED
,449,PASS,(),"(4, 4)",,2171.0,2171.0,{'kind': 'WEED'},{'kind': 'WEED'},,,OBSERVED
,450,PASS,(),"(4, 4)",,2171.0,2171.0,{'kind': 'WEED'},{'kind': 'WEED'},,,OBSERVED
,451,PASS,(),"(4, 4)",,2171.0,2171.0,{'kind': 'WEED'},{'kind': 'WEED'},,,OBSERVED
,452,PASS,(),"(4, 4)",,2171.0,2171.0,{'kind': 'WEED'},{'kind': 'WEED'},,,OBSERVED
,453,PASS,(),"(4, 4)",,2171.0,2171.0,{'kind': 'WEED'},{'kind': 'WEED'},,,OBSERVED
,454,PASS,(),"(4, 4)",,2171.0,2171.0,{'kind': 'WEED'},{'kind': 'WEED'},,,OBSERVED
,455,PASS,(),"(4, 4)",,2171.0,2171.0,{'kind': 'WEED'},{'kind': 'WEED'},,,OBSERVED
,456,PASS,(),"(4, 4)",,2171.0,2170.0,{'kind': 'WEED'},{'kind': 'WEED'},,,OBSERVED
,457,PASS,(),"(4, 4)",,2170.0,2170.0,{'kind': 'WEED'},{'kind': 'WEED'},,,OBSERVED
,458,PASS,(),"(4, 4)",,2170.0,2170.0,{'kind': 'WEED'},{'kind': 'WEED'},,,OBSERVED
,459,PASS,(),"(4, 4)",,2170.0,2170.0,{'kind': 'WEED'},{'kind': 'WEED'},,,OBSERVED
,460,PASS,(),"(4, 4)",,2170.0,2170.0,{'kind': 'WEED'},{'kind': 'WEED'},,,OBSERVED
,461,PASS,(),"(4, 4)",,2170.0,2170.0,{'kind': 'WEED'},{'kind': 'WEED'},,,OBSERVED
,462,PASS,(),"(4, 4)",,2170.0,2170.0,{'kind': 'WEED'},{'kind': 'WEED'},,,OBSERVED
,463,PASS,(),"(4, 4)",,2170.0,2170.0,{'kind': 'WEED'},{'kind': 'WEED'},,,OBSERVED
,464,PASS,(),"(4, 4)",,2170.0,2170.0,{'kind': 'WEED'},{'kind': 'WEED'},,,OBSERVED
,465,PASS,(),"(4, 4)",,2170.0,2170.0,{'kind': 'WEED'},{'kind': 'WEED'},,,OBSERVED
,466,PASS,(),"(4, 4)",,2170.0,2170.0,{'kind': 'WEED'},{'kind': 'WEED'},,,OBSERVED
,467,PASS,(),"(4, 4)",,2170.0,2170.0,{'kind': 'WEED'},{'kind': 'WEED'},,,OBSERVED
,468,PASS,(),"(4, 4)",,2170.0,2170.0,{'kind': 'WEED'},{'kind': 'WEED'},,,OBSERVED
,469,PASS,(),"(4, 4)",,2170.0,2170.0,{'kind': 'WEED'},{'kind': 'WEED'},,,OBSERVED
,470,PASS,(),"(4, 4)",,2170.0,2170.0,{'kind': 'WEED'},{'kind': 'WEED'},,,OBSERVED
,471,PASS,(),"(4, 4)",,2170.0,2170.0,{'kind': 'WEED'},{'kind': 'WEED'},,,OBSERVED
,472,PASS,(),"(4, 4)",,2170.0,2170.0,{'kind': 'WEED'},{'kind': 'WEED'},,,OBSERVED
,473,PASS,(),"(4, 4)",,2170.0,2170.0,{'kind': 'WEED'},{'kind': 'WEED'},,,OBSERVED
,474,PASS,(),"(4, 4)",,2170.0,2170.0,{'kind': 'WEED'},{'kind': 'WEED'},,,OBSERVED
,475,PASS,(),"(4, 4)",,2170.0,2170.0,{'kind': 'WEED'},{'kind': 'WEED'},,,OBSERVED
,476,PASS,(),"(4, 4)",,2170.0,2170.0,{'kind': 'WEED'},{'kind': 'WEED'},,,OBSERVED
,477,PASS,(),"(4, 4)",,2170.0,2170.0,{'kind': 'WEED'},{'kind': 'WEED'},,,OBSERVED
,478,PASS,(),"(4, 4)",,2170.0,2170.0,{'kind': 'WEED'},{'kind': 'WEED'},,,OBSERVED
,479,PASS,(),"(4, 4)",,2170.0,2170.0,{'kind': 'WEED'},{'kind': 'WEED'},,,OBSERVED
,480,PASS,(),"(4, 4)",,2170.0,2169.0,{'kind': 'WEED'},{'kind': 'WEED'},,,OBSERVED
,481,PASS,(),"(4, 4)",,2169.0,2169.0,{'kind': 'WEED'},{'kind': 'WEED'},,,OBSERVED
,482,PASS,(),"(4, 4)",,2169.0,2169.0,{'kind': 'WEED'},{'kind': 'WEED'},,,OBSERVED
,483,PASS,(),"(4, 4)",,2169.0,2169.0,{'kind': 'WEED'},{'kind': 'WEED'},,,OBSERVED
,484,PASS,(),"(4, 4)",,2169.0,2169.0,{'kind': 'WEED'},{'kind': 'WEED'},,,OBSERVED
,485,PASS,(),"(4, 4)",,2169.0,2169.0,{'kind': 'WEED'},{'kind': 'WEED'},,,OBSERVED
,486,PASS,(),"(4, 4)",,2169.0,2169.0,{'kind': 'WEED'},{'kind': 'WEED'},,,OBSERVED
,487,PASS,(),"(4, 4)",,2169.0,2169.0,{'kind': 'WEED'},{'kind': 'WEED'},,,OBSERVED
,488,PASS,(),"(4, 4)",,2169.0,2169.0,{'kind': 'WEED'},{'kind': 'WEED'},,,OBSERVED
,489,PASS,(),"(4, 4)",,2169.0,2169.0,{'kind': 'WEED'},{'kind': 'WEED'},,,OBSERVED
,490,PASS,(),"(4, 4)",,2169.0,2169.0,{'kind': 'WEED'},{'kind': 'WEED'},,,OBSERVED
,491,PASS,(),"(4, 4)",,2169.0,2169.0,{'kind': 'WEED'},{'kind': 'WEED'},,,OBSERVED
,492,PASS,(),"(4, 4)",,2169.0,2169.0,{'kind': 'WEED'},{'kind': 'WEED'},,,OBSERVED
,493,PASS,(),"(4, 4)",,2169.0,2169.0,{'kind': 'WEED'},{'kind': 'WEED'},,,OBSERVED
,494,PASS,(),"(4, 4)",,2169.0,2169.0,{'kind': 'WEED'},{'kind': 'WEED'},,,OBSERVED
,495,PASS,(),"(4, 4)",,2169.0,2169.0,{'kind': 'WEED'},{'kind': 'WEED'},,,OBSERVED
,496,PASS,(),"(4, 4)",,2169.0,2169.0,{'kind': 'WEED'},{'kind': 'WEED'},,,OBSERVED
,497,PASS,(),"(4, 4)",,2169.0,2169.0,{'kind': 'WEED'},{'kind': 'WEED'},,,OBSERVED
,498,PASS,(),"(4, 4)",,2169.0,2169.0,{'kind': 'WEED'},{'kind': 'WEED'},,,OBSERVED
,499,PASS,(),"(4, 4)",,2169.0,2169.0,{'kind': 'WEED'},{'kind': 'WEED'},,,OBSERVED
,500,PASS,(),"(4, 4)",,2169.0,2169.0,{'kind': 'WEED'},{'kind': 'WEED'},,,OBSERVED
,501,PASS,(),"(4, 4)",,2169.0,2169.0,{'kind': 'WEED'},{'kind': 'WEED'},,,OBSERVED
,502,PASS,(),"(4, 4)",,2169.0,2169.0,{'kind': 'WEED'},{'kind': 'WEED'},,,OBSERVED
,503,PASS,(),"(4, 4)",,2169.0,2169.0,{'kind': 'WEED'},{'kind': 'WEED'},,,OBSERVED
,504,PASS,(),"(4, 4)",,2169.0,2168.0,{'kind': 'WEED'},{'kind': 'WEED'},,,OBSERVED
,505,PASS,(),"(4, 4)",,2168.0,2168.0,{'kind': 'WEED'},{'kind': 'WEED'},,,OBSERVED
,506,PASS,(),"(4, 4)",,2168.0,2168.0,{'kind': 'WEED'},{'kind': 'WEED'},,,OBSERVED
,507,PASS,(),"(4, 4)",,2168.0,2168.0,{'kind': 'WEED'},{'kind': 'WEED'},,,OBSERVED
,508,PASS,(),"(4, 4)",,2168.0,2168.0,{'kind': 'WEED'},{'kind': 'WEED'},,,OBSERVED
,509,PASS,(),"(4, 4)",,2168.0,2168.0,{'kind': 'WEED'},{'kind': 'WEED'},,,OBSERVED
,510,PASS,(),"(4, 4)",,2168.0,2168.0,{'kind': 'WEED'},{'kind': 'WEED'},,,OBSERVED
,511,PASS,(),"(4, 4)",,2168.0,2168.0,{'kind': 'WEED'},{'kind': 'WEED'},,,OBSERVED
,512,PASS,(),"(4, 4)",,2168.0,2168.0,{'kind': 'WEED'},{'kind': 'WEED'},,,OBSERVED
,513,PASS,(),"(4, 4)",,2168.0,2168.0,{'kind': 'WEED'},{'kind': 'WEED'},,,OBSERVED
,514,PASS,(),"(4, 4)",,2168.0,2168.0,{'kind': 'WEED'},{'kind': 'WEED'},,,OBSERVED
,515,PASS,(),"(4, 4)",,2168.0,2168.0,{'kind': 'WEED'},{'kind': 'WEED'},,,OBSERVED
,516,PASS,(),"(4, 4)",,2168.0,2168.0,{'kind': 'WEED'},{'kind': 'WEED'},,,OBSERVED
,517,PASS,(),"(4, 4)",,2168.0,2168.0,{'kind': 'WEED'},{'kind': 'WEED'},,,OBSERVED
,518,PASS,(),"(4, 4)",,2168.0,2168.0,{'kind': 'WEED'},{'kind': 'WEED'},,,OBSERVED
,519,PASS,(),"(4, 4)",,2168.0,2168.0,{'kind': 'WEED'},{'kind': 'WEED'},,,OBSERVED
,520,PASS,(),"(4, 4)",,2168.0,2168.0,{'kind': 'WEED'},{'kind': 'WEED'},,,OBSERVED
,521,PASS,(),"(4, 4)",,2168.0,2168.0,{'kind': 'WEED'},{'kind': 'WEED'},,,OBSERVED
,522,PASS,(),"(4, 4)",,2168.0,2168.0,{'kind': 'WEED'},{'kind': 'WEED'},,,OBSERVED
,523,PASS,(),"(4, 4)",,2168.0,2168.0,{'kind': 'WEED'},{'kind': 'WEED'},,,OBSERVED
,524,PASS,(),"(4, 4)",,2168.0,2168.0,{'kind': 'WEED'},{'kind': 'WEED'},,,OBSERVED
,525,PASS,(),"(4, 4)",,2168.0,2168.0,{'kind': 'WEED'},{'kind': 'WEED'},,,OBSERVED
,526,PASS,(),"(4, 4)",,2168.0,2168.0,{'kind': 'WEED'},{'kind': 'WEED'},,,OBSERVED
,527,PASS,(),"(4, 4)",,2168.0,2168.0,{'kind': 'WEED'},{'kind': 'WEED'},,,OBSERVED
,528,PASS,(),"(4, 4)",,2168.0,2167.0,{'kind': 'WEED'},{'kind': 'WEED'},,,OBSERVED
,529,PASS,(),"(4, 4)",,2167.0,2167.0,{'kind': 'WEED'},{'kind': 'WEED'},,,OBSERVED
,530,PASS,(),"(4, 4)",,2167.0,2167.0,{'kind': 'WEED'},{'kind': 'WEED'},,,OBSERVED
,531,PASS,(),"(4, 4)",,2167.0,2167.0,{'kind': 'WEED'},{'kind': 'WEED'},,,OBSERVED
,532,PASS,(),"(4, 4)",,2167.0,2167.0,{'kind': 'WEED'},{'kind': 'WEED'},,,OBSERVED
,533,PASS,(),"(4, 4)",,2167.0,2167.0,{'kind': 'WEED'},{'kind': 'WEED'},,,OBSERVED
,534,PASS,(),"(4, 4)",,2167.0,2167.0,{'kind': 'WEED'},{'kind': 'WEED'},,,OBSERVED
,535,PASS,(),"(4, 4)",,2167.0,2167.0,{'kind': 'WEED'},{'kind': 'WEED'},,,OBSERVED
,536,PASS,(),"(4, 4)",,2167.0,2167.0,{'kind': 'WEED'},{'kind': 'WEED'},,,OBSERVED
,537,PASS,(),"(4, 4)",,2167.0,2167.0,{'kind': 'WEED'},{'kind': 'WEED'},,,OBSERVED
,538,PASS,(),"(4, 4)",,2167.0,2167.0,{'kind': 'WEED'},{'kind': 'WEED'},,,OBSERVED
,539,PASS,(),"(4, 4)",,2167.0,2167.0,{'kind': 'WEED'},{'kind': 'WEED'},,,OBSERVED
,540,PASS,(),"(4, 4)",,2167.0,2167.0,{'kind': 'WEED'},{'kind': 'WEED'},,,OBSERVED
,541,PASS,(),"(4, 4)",,2167.0,2167.0,{'kind': 'WEED'},{'kind': 'WEED'},,,OBSERVED
,542,PASS,(),"(4, 4)",,2167.0,2167.0,{'kind': 'WEED'},{'kind': 'WEED'},,,OBSERVED
,543,PASS,(),"(4, 4)",,2167.0,2167.0,{'kind': 'WEED'},{'kind': 'WEED'},,,OBSERVED
,544,PASS,(),"(4, 4)",,2167.0,2167.0,{'kind': 'WEED'},{'kind': 'WEED'},,,OBSERVED
,545,PASS,(),"(4, 4)",,2167.0,2167.0,{'kind': 'WEED'},{'kind': 'WEED'},,,OBSERVED
,546,PASS,(),"(4, 4)",,2167.0,2167.0,{'kind': 'WEED'},{'kind': 'WEED'},,,OBSERVED
,547,PASS,(),"(4, 4)",,2167.0,2167.0,{'kind': 'WEED'},{'kind': 'WEED'},,,OBSERVED
,548,PASS,(),"(4, 4)",,2167.0,2167.0,{'kind': 'WEED'},{'kind': 'WEED'},,,OBSERVED
,549,PASS,(),"(4, 4)",,2167.0,2167.0,{'kind': 'WEED'},{'kind': 'WEED'},,,OBSERVED
,550,PASS,(),"(4, 4)",,2167.0,2167.0,{'kind': 'WEED'},{'kind': 'WEED'},,,OBSERVED
,551,PASS,(),"(4, 4)",,2167.0,2167.0,{'kind': 'WEED'},{'kind': 'WEED'},,,OBSERVED
,552,PASS,(),"(4, 4)",,2167.0,2166.0,{'kind': 'WEED'},{'kind': 'WEED'},,,OBSERVED
,553,PASS,(),"(4, 4)",,2166.0,2166.0,{'kind': 'WEED'},{'kind': 'WEED'},,,OBSERVED
,554,PASS,(),"(4, 4)",,2166.0,2166.0,{'kind': 'WEED'},{'kind': 'WEED'},,,OBSERVED
,555,PASS,(),"(4, 4)",,2166.0,2166.0,{'kind': 'WEED'},{'kind': 'WEED'},,,OBSERVED
,556,PASS,(),"(4, 4)",,2166.0,2166.0,{'kind': 'WEED'},{'kind': 'WEED'},,,OBSERVED
,557,PASS,(),"(4, 4)",,2166.0,2166.0,{'kind': 'WEED'},{'kind': 'WEED'},,,OBSERVED
,558,PASS,(),"(4, 4)",,2166.0,2166.0,{'kind': 'WEED'},{'kind': 'WEED'},,,OBSERVED
,559,PASS,(),"(4, 4)",,2166.0,2166.0,{'kind': 'WEED'},{'kind': 'WEED'},,,OBSERVED
,560,PASS,(),"(4, 4)",,2166.0,2166.0,{'kind': 'WEED'},{'kind': 'WEED'},,,OBSERVED
,561,PASS,(),"(4, 4)",,2166.0,2166.0,{'kind': 'WEED'},{'kind': 'WEED'},,,OBSERVED
,562,PASS,(),"(4, 4)",,2166.0,2166.0,{'kind': 'WEED'},{'kind': 'WEED'},,,OBSERVED
,563,PASS,(),"(4, 4)",,2166.0,2166.0,{'kind': 'WEED'},{'kind': 'WEED'},,,OBSERVED
,564,PASS,(),"(4, 4)",,2166.0,2166.0,{'kind': 'WEED'},{'kind': 'WEED'},,,OBSERVED
,565,PASS,(),"(4, 4)",,2166.0,2166.0,{'kind': 'WEED'},{'kind': 'WEED'},,,OBSERVED
,566,PASS,(),"(4, 4)",,2166.0,2166.0,{'kind': 'WEED'},{'kind': 'WEED'},,,OBSERVED
,567,PASS,(),"(4, 4)",,2166.0,2166.0,{'kind': 'WEED'},{'kind': 'WEED'},,,OBSERVED
,568,PASS,(),"(4, 4)",,2166.0,2166.0,{'kind': 'WEED'},{'kind': 'WEED'},,,OBSERVED
,569,PASS,(),"(4, 4)",,2166.0,2166.0,{'kind': 'WEED'},{'kind': 'WEED'},,,OBSERVED
,570,PASS,(),"(4, 4)",,2166.0,2166.0,{'kind': 'WEED'},{'kind': 'WEED'},,,OBSERVED
,571,PASS,(),"(4, 4)",,2166.0,2166.0,{'kind': 'WEED'},{'kind': 'WEED'},,,OBSERVED
,572,PASS,(),"(4, 4)",,2166.0,2166.0,{'kind': 'WEED'},{'kind': 'WEED'},,,OBSERVED
,573,PASS,(),"(4, 4)",,2166.0,2166.0,{'kind': 'WEED'},{'kind': 'WEED'},,,OBSERVED
,574,PASS,(),"(4, 4)",,2166.0,2166.0,{'kind': 'WEED'},{'kind': 'WEED'},,,OBSERVED
,575,PASS,(),"(4, 4)",,2166.0,2166.0,{'kind': 'WEED'},{'kind': 'WEED'},,,OBSERVED
,576,PASS,(),"(4, 4)",,2166.0,2165.0,{'kind': 'WEED'},{'kind': 'WEED'},,,OBSERVED
,577,PASS,(),"(4, 4)",,2165.0,2165.0,{'kind': 'WEED'},{'kind': 'WEED'},,,OBSERVED
,578,PASS,(),"(4, 4)",,2165.0,2165.0,{'kind': 'WEED'},{'kind': 'WEED'},,,OBSERVED
,579,PASS,(),"(4, 4)",,2165.0,2165.0,{'kind': 'WEED'},{'kind': 'WEED'},,,OBSERVED
,580,PASS,(),"(4, 4)",,2165.0,2165.0,{'kind': 'WEED'},{'kind': 'WEED'},,,OBSERVED
,581,PASS,(),"(4, 4)",,2165.0,2165.0,{'kind': 'WEED'},{'kind': 'WEED'},,,OBSERVED
,582,PASS,(),"(4, 4)",,2165.0,2165.0,{'kind': 'WEED'},{'kind': 'WEED'},,,OBSERVED
,583,PASS,(),"(4, 4)",,2165.0,2165.0,{'kind': 'WEED'},{'kind': 'WEED'},,,OBSERVED
,584,PASS,(),"(4, 4)",,2165.0,2165.0,{'kind': 'WEED'},{'kind': 'WEED'},,,OBSERVED
,585,PASS,(),"(4, 4)",,2165.0,2165.0,{'kind': 'WEED'},{'kind': 'WEED'},,,OBSERVED
,586,PASS,(),"(4, 4)",,2165.0,2165.0,{'kind': 'WEED'},{'kind': 'WEED'},,,OBSERVED
,587,PASS,(),"(4, 4)",,2165.0,2165.0,{'kind': 'WEED'},{'kind': 'WEED'},,,OBSERVED
,588,PASS,(),"(4, 4)",,2165.0,2165.0,{'kind': 'WEED'},{'kind': 'WEED'},,,OBSERVED
,589,PASS,(),"(4, 4)",,2165.0,2165.0,{'kind': 'WEED'},{'kind': 'WEED'},,,OBSERVED
,590,PASS,(),"(4, 4)",,2165.0,2165.0,{'kind': 'WEED'},{'kind': 'WEED'},,,OBSERVED
,591,PASS,(),"(4, 4)",,2165.0,2165.0,{'kind': 'WEED'},{'kind': 'WEED'},,,OBSERVED
,592,PASS,(),"(4, 4)",,2165.0,2165.0,{'kind': 'WEED'},{'kind': 'WEED'},,,OBSERVED
,593,PASS,(),"(4, 4)",,2165.0,2165.0,{'kind': 'WEED'},{'kind': 'WEED'},,,OBSERVED
,594,PASS,(),"(4, 4)",,2165.0,2165.0,{'kind': 'WEED'},{'kind': 'WEED'},,,OBSERVED
,595,PASS,(),"(4, 4)",,2165.0,2165.0,{'kind': 'WEED'},{'kind': 'WEED'},,,OBSERVED
,596,PASS,(),"(4, 4)",,2165.0,2165.0,{'kind': 'WEED'},{'kind': 'WEED'},,,OBSERVED
,597,PASS,(),"(4, 4)",,2165.0,2165.0,{'kind': 'WEED'},{'kind': 'WEED'},,,OBSERVED
,598,PASS,(),"(4, 4)",,2165.0,2165.0,{'kind': 'WEED'},{'kind': 'WEED'},,,OBSERVED
,599,PASS,(),"(4, 4)",,2165.0,2165.0,{'kind': 'WEED'},{'kind': 'WEED'},,,OBSERVED
,600,PASS,(),"(4, 4)",,2165.0,2164.0,{'kind': 'WEED'},{'kind': 'WEED'},,,OBSERVED
,601,PASS,(),"(4, 4)",,2164.0,2164.0,{'kind': 'WEED'},{'kind': 'WEED'},,,OBSERVED
,602,PASS,(),"(4, 4)",,2164.0,2164.0,{'kind': 'WEED'},{'kind': 'WEED'},,,OBSERVED
,603,PASS,(),"(4, 4)",,2164.0,2164.0,{'kind': 'WEED'},{'kind': 'WEED'},,,OBSERVED
,604,PASS,(),"(4, 4)",,2164.0,2164.0,{'kind': 'WEED'},{'kind': 'WEED'},,,OBSERVED
,605,PASS,(),"(4, 4)",,2164.0,2164.0,{'kind': 'WEED'},{'kind': 'WEED'},,,OBSERVED
,606,PASS,(),"(4, 4)",,2164.0,2164.0,{'kind': 'WEED'},{'kind': 'WEED'},,,OBSERVED
,607,PASS,(),"(4, 4)",,2164.0,2164.0,{'kind': 'WEED'},{'kind': 'WEED'},,,OBSERVED
,608,PASS,(),"(4, 4)",,2164.0,2164.0,{'kind': 'WEED'},{'kind': 'WEED'},,,OBSERVED
,609,PASS,(),"(4, 4)",,2164.0,2164.0,{'kind': 'WEED'},{'kind': 'WEED'},,,OBSERVED
,610,PASS,(),"(4, 4)",,2164.0,2164.0,{'kind': 'WEED'},{'kind': 'WEED'},,,OBSERVED
,611,PASS,(),"(4, 4)",,2164.0,2164.0,{'kind': 'WEED'},{'kind': 'WEED'},,,OBSERVED
,612,PASS,(),"(4, 4)",,2164.0,2164.0,{'kind': 'WEED'},{'kind': 'WEED'},,,OBSERVED
,613,PASS,(),"(4, 4)",,2164.0,2164.0,{'kind': 'WEED'},{'kind': 'WEED'},,,OBSERVED
,614,PASS,(),"(4, 4)",,2164.0,2164.0,{'kind': 'WEED'},{'kind': 'WEED'},,,OBSERVED
,615,PASS,(),"(4, 4)",,2164.0,2164.0,{'kind': 'WEED'},{'kind': 'WEED'},,,OBSERVED
,616,PASS,(),"(4, 4)",,2164.0,2164.0,{'kind': 'WEED'},{'kind': 'WEED'},,,OBSERVED
,617,PASS,(),"(4, 4)",,2164.0,2164.0,{'kind': 'WEED'},{'kind': 'WEED'},,,OBSERVED
,618,PASS,(),"(4, 4)",,2164.0,2164.0,{'kind': 'WEED'},{'kind': 'WEED'},,,OBSERVED
,619,PASS,(),"(4, 4)",,2164.0,2164.0,{'kind': 'WEED'},{'kind': 'WEED'},,,OBSERVED
,620,PASS,(),"(4, 4)",,2164.0,2164.0,{'kind': 'WEED'},{'kind': 'WEED'},,,OBSERVED
,621,PASS,(),"(4, 4)",,2164.0,2164.0,{'kind': 'WEED'},{'kind': 'WEED'},,,OBSERVED
,622,PASS,(),"(4, 4)",,2164.0,2164.0,{'kind': 'WEED'},{'kind': 'WEED'},,,OBSERVED
,623,PASS,(),"(4, 4)",,2164.0,2164.0,{'kind': 'WEED'},{'kind': 'WEED'},,,OBSERVED
,624,PASS,(),"(4, 4)",,2164.0,2163.0,{'kind': 'WEED'},{'kind': 'WEED'},,,OBSERVED
,625,PASS,(),"(4, 4)",,2163.0,2163.0,{'kind': 'WEED'},{'kind': 'WEED'},,,OBSERVED
,626,PASS,(),"(4, 4)",,2163.0,2163.0,{'kind': 'WEED'},{'kind': 'WEED'},,,OBSERVED
,627,PASS,(),"(4, 4)",,2163.0,2163.0,{'kind': 'WEED'},{'kind': 'WEED'},,,OBSERVED
,628,PASS,(),"(4, 4)",,2163.0,2163.0,{'kind': 'WEED'},{'kind': 'WEED'},,,OBSERVED
,629,PASS,(),"(4, 4)",,2163.0,2163.0,{'kind': 'WEED'},{'kind': 'WEED'},,,OBSERVED
,630,PASS,(),"(4, 4)",,2163.0,2163.0,{'kind': 'WEED'},{'kind': 'WEED'},,,OBSERVED
,631,PASS,(),"(4, 4)",,2163.0,2163.0,{'kind': 'WEED'},{'kind': 'WEED'},,,OBSERVED
,632,PASS,(),"(4, 4)",,2163.0,2163.0,{'kind': 'WEED'},{'kind': 'WEED'},,,OBSERVED
,633,PASS,(),"(4, 4)",,2163.0,2163.0,{'kind': 'WEED'},{'kind': 'WEED'},,,OBSERVED
,634,PASS,(),"(4, 4)",,2163.0,2163.0,{'kind': 'WEED'},{'kind': 'WEED'},,,OBSERVED
,635,PASS,(),"(4, 4)",,2163.0,2163.0,{'kind': 'WEED'},{'kind': 'WEED'},,,OBSERVED
,636,PASS,(),"(4, 4)",,2163.0,2163.0,{'kind': 'WEED'},{'kind': 'WEED'},,,OBSERVED
,637,PASS,(),"(4, 4)",,2163.0,2163.0,{'kind': 'WEED'},{'kind': 'WEED'},,,OBSERVED
,638,PASS,(),"(4, 4)",,2163.0,2163.0,{'kind': 'WEED'},{'kind': 'WEED'},,,OBSERVED
,639,PASS,(),"(4, 4)",,2163.0,2163.0,{'kind': 'WEED'},{'kind': 'WEED'},,,OBSERVED
,640,PASS,(),"(4, 4)",,2163.0,2163.0,{'kind': 'WEED'},{'kind': 'WEED'},,,OBSERVED
,641,PASS,(),"(4, 4)",,2163.0,2163.0,{'kind': 'WEED'},{'kind': 'WEED'},,,OBSERVED
,642,PASS,(),"(4, 4)",,2163.0,2163.0,{'kind': 'WEED'},{'kind': 'WEED'},,,OBSERVED
,643,PASS,(),"(4, 4)",,2163.0,2163.0,{'kind': 'WEED'},{'kind': 'WEED'},,,OBSERVED
,644,PASS,(),"(4, 4)",,2163.0,2163.0,{'kind': 'WEED'},{'kind': 'WEED'},,,OBSERVED
,645,PASS,(),"(4, 4)",,2163.0,2163.0,{'kind': 'WEED'},{'kind': 'WEED'},,,OBSERVED
,646,PASS,(),"(4, 4)",,2163.0,2163.0,{'kind': 'WEED'},{'kind': 'WEED'},,,OBSERVED
,647,PASS,(),"(4, 4)",,2163.0,2163.0,{'kind': 'WEED'},{'kind': 'WEED'},,,OBSERVED
,648,PASS,(),"(4, 4)",,2163.0,2162.0,{'kind': 'WEED'},{'kind': 'WEED'},,,OBSERVED
,649,PASS,(),"(4, 4)",,2162.0,2162.0,{'kind': 'WEED'},{'kind': 'WEED'},,,OBSERVED
,650,PASS,(),"(4, 4)",,2162.0,2162.0,{'kind': 'WEED'},{'kind': 'WEED'},,,OBSERVED
,651,PASS,(),"(4, 4)",,2162.0,2162.0,{'kind': 'WEED'},{'kind': 'WEED'},,,OBSERVED
,652,PASS,(),"(4, 4)",,2162.0,2162.0,{'kind': 'WEED'},{'kind': 'WEED'},,,OBSERVED
,653,PASS,(),"(4, 4)",,2162.0,2162.0,{'kind': 'WEED'},{'kind': 'WEED'},,,OBSERVED
,654,PASS,(),"(4, 4)",,2162.0,2162.0,{'kind': 'WEED'},{'kind': 'WEED'},,,OBSERVED
,655,PASS,(),"(4, 4)",,2162.0,2162.0,{'kind': 'WEED'},{'kind': 'WEED'},,,OBSERVED
,656,PASS,(),"(4, 4)",,2162.0,2162.0,{'kind': 'WEED'},{'kind': 'WEED'},,,OBSERVED
,657,PASS,(),"(4, 4)",,2162.0,2162.0,{'kind': 'WEED'},{'kind': 'WEED'},,,OBSERVED
,658,PASS,(),"(4, 4)",,2162.0,2162.0,{'kind': 'WEED'},{'kind': 'WEED'},,,OBSERVED
,659,PASS,(),"(4, 4)",,2162.0,2162.0,{'kind': 'WEED'},{'kind': 'WEED'},,,OBSERVED
,660,PASS,(),"(4, 4)",,2162.0,2162.0,{'kind': 'WEED'},{'kind': 'WEED'},,,OBSERVED
,661,PASS,(),"(4, 4)",,2162.0,2162.0,{'kind': 'WEED'},{'kind': 'WEED'},,,OBSERVED
,662,PASS,(),"(4, 4)",,2162.0,2162.0,{'kind': 'WEED'},{'kind': 'WEED'},,,OBSERVED
,663,PASS,(),"(4, 4)",,2162.0,2162.0,{'kind': 'WEED'},{'kind': 'WEED'},,,OBSERVED
,664,PASS,(),"(4, 4)",,2162.0,2162.0,{'kind': 'WEED'},{'kind': 'WEED'},,,OBSERVED
,665,PASS,(),"(4, 4)",,2162.0,2162.0,{'kind': 'WEED'},{'kind': 'WEED'},,,OBSERVED
,666,PASS,(),"(4, 4)",,2162.0,2162.0,{'kind': 'WEED'},{'kind': 'WEED'},,,OBSERVED
,667,PASS,(),"(4, 4)",,2162.0,2162.0,{'kind': 'WEED'},{'kind': 'WEED'},,,OBSERVED
,668,PASS,(),"(4, 4)",,2162.0,2162.0,{'kind': 'WEED'},{'kind': 'WEED'},,,OBSERVED
,669,PASS,(),"(4, 4)",,2162.0,2162.0,{'kind': 'WEED'},{'kind': 'WEED'},,,OBSERVED
,670,PASS,(),"(4, 4)",,2162.0,2162.0,{'kind': 'WEED'},{'kind': 'WEED'},,,OBSERVED
,671,PASS,(),"(4, 4)",,2162.0,2162.0,{'kind': 'WEED'},{'kind': 'WEED'},,,OBSERVED
,672,PASS,(),"(4, 4)",,2162.0,2161.0,{'kind': 'WEED'},{'kind': 'WEED'},,,OBSERVED
,673,PASS,(),"(4, 4)",,2161.0,2161.0,{'kind': 'WEED'},{'kind': 'WEED'},,,OBSERVED
,674,PASS,(),"(4, 4)",,2161.0,2161.0,{'kind': 'WEED'},{'kind': 'WEED'},,,OBSERVED
,675,PASS,(),"(4, 4)",,2161.0,2161.0,{'kind': 'WEED'},{'kind': 'WEED'},,,OBSERVED
,676,PASS,(),"(4, 4)",,2161.0,2161.0,{'kind': 'WEED'},{'kind': 'WEED'},,,OBSERVED
,677,PASS,(),"(4, 4)",,2161.0,2161.0,{'kind': 'WEED'},{'kind': 'WEED'},,,OBSERVED
,678,PASS,(),"(4, 4)",,2161.0,2161.0,{'kind': 'WEED'},{'kind': 'WEED'},,,OBSERVED
,679,PASS,(),"(4, 4)",,2161.0,2161.0,{'kind': 'WEED'},{'kind': 'WEED'},,,OBSERVED
,680,PASS,(),"(4, 4)",,2161.0,2161.0,{'kind': 'WEED'},{'kind': 'WEED'},,,OBSERVED
,681,PASS,(),"(4, 4)",,2161.0,2161.0,{'kind': 'WEED'},{'kind': 'WEED'},,,OBSERVED
,682,PASS,(),"(4, 4)",,2161.0,2161.0,{'kind': 'WEED'},{'kind': 'WEED'},,,OBSERVED
,683,PASS,(),"(4, 4)",,2161.0,2161.0,{'kind': 'WEED'},{'kind': 'WEED'},,,OBSERVED
,684,PASS,(),"(4, 4)",,2161.0,2161.0,{'kind': 'WEED'},{'kind': 'WEED'},,,OBSERVED
,685,PASS,(),"(4, 4)",,2161.0,2161.0,{'kind': 'WEED'},{'kind': 'WEED'},,,OBSERVED
,686,PASS,(),"(4, 4)",,2161.0,2161.0,{'kind': 'WEED'},{'kind': 'WEED'},,,OBSERVED
,687,PASS,(),"(4, 4)",,2161.0,2161.0,{'kind': 'WEED'},{'kind': 'WEED'},,,OBSERVED
,688,PASS,(),"(4, 4)",,2161.0,2161.0,{'kind': 'WEED'},{'kind': 'WEED'},,,OBSERVED
,689,PASS,(),"(4, 4)",,2161.0,2161.0,{'kind': 'WEED'},{'kind': 'WEED'},,,OBSERVED
,690,PASS,(),"(4, 4)",,2161.0,2161.0,{'kind': 'WEED'},{'kind': 'WEED'},,,OBSERVED
,691,PASS,(),"(4, 4)",,2161.0,2161.0,{'kind': 'WEED'},{'kind': 'WEED'},,,OBSERVED
,692,PASS,(),"(4, 4)",,2161.0,2161.0,{'kind': 'WEED'},{'kind': 'WEED'},,,OBSERVED
,693,PASS,(),"(4, 4)",,2161.0,2161.0,{'kind': 'WEED'},{'kind': 'WEED'},,,OBSERVED
,694,PASS,(),"(4, 4)",,2161.0,2161.0,{'kind': 'WEED'},{'kind': 'WEED'},,,OBSERVED
,695,PASS,(),"(4, 4)",,2161.0,2161.0,{'kind': 'WEED'},{'kind': 'WEED'},,,OBSERVED
,696,PASS,(),"(4, 4)",,2161.0,2160.0,{'kind': 'WEED'},{'kind': 'WEED'},,,OBSERVED
,697,PASS,(),"(4, 4)",,2160.0,2160.0,{'kind': 'WEED'},{'kind': 'WEED'},,,OBSERVED
,698,PASS,(),"(4, 4)",,2160.0,2160.0,{'kind': 'WEED'},{'kind': 'WEED'},,,OBSERVED
,699,PASS,(),"(4, 4)",,2160.0,2160.0,{'kind': 'WEED'},{'kind': 'WEED'},,,OBSERVED
,700,PASS,(),"(4, 4)",,2160.0,2160.0,{'kind': 'WEED'},{'kind': 'WEED'},,,OBSERVED
,701,PASS,(),"(4, 4)",,2160.0,2160.0,{'kind': 'WEED'},{'kind': 'WEED'},,,OBSERVED
,702,PASS,(),"(4, 4)",,2160.0,2160.0,{'kind': 'WEED'},{'kind': 'WEED'},,,OBSERVED
,703,PASS,(),"(4, 4)",,2160.0,2160.0,{'kind': 'WEED'},{'kind': 'WEED'},,,OBSERVED
,704,PASS,(),"(4, 4)",,2160.0,2160.0,{'kind': 'WEED'},{'kind': 'WEED'},,,OBSERVED
,705,PASS,(),"(4, 4)",,2160.0,2160.0,{'kind': 'WEED'},{'kind': 'WEED'},,,OBSERVED
,706,PASS,(),"(4, 4)",,2160.0,2160.0,{'kind': 'WEED'},{'kind': 'WEED'},,,OBSERVED
,707,PASS,(),"(4, 4)",,2160.0,2160.0,{'kind': 'WEED'},{'kind': 'WEED'},,,OBSERVED
,708,PASS,(),"(4, 4)",,2160.0,2160.0,{'kind': 'WEED'},{'kind': 'WEED'},,,OBSERVED
,709,PASS,(),"(4, 4)",,2160.0,2160.0,{'kind': 'WEED'},{'kind': 'WEED'},,,OBSERVED
,710,PASS,(),"(4, 4)",,2160.0,2160.0,{'kind': 'WEED'},{'kind': 'WEED'},,,OBSERVED
,711,PASS,(),"(4, 4)",,2160.0,2160.0,{'kind': 'WEED'},{'kind': 'WEED'},,,OBSERVED
,712,PASS,(),"(4, 4)",,2160.0,2160.0,{'kind': 'WEED'},{'kind': 'WEED'},,,OBSERVED
,713,PASS,(),"(4, 4)",,2160.0,2160.0,{'kind': 'WEED'},{'kind': 'WEED'},,,OBSERVED
,714,PASS,(),"(4, 4)",,2160.0,2160.0,{'kind': 'WEED'},{'kind': 'WEED'},,,OBSERVED
,715,PASS,(),"(4, 4)",,2160.0,2160.0,{'kind': 'WEED'},{'kind': 'WEED'},,,OBSERVED
,716,PASS,(),"(4, 4)",,2160.0,2160.0,{'kind': 'WEED'},{'kind': 'WEED'},,,OBSERVED
,717,PASS,(),"(4, 4)",,2160.0,2160.0,{'kind': 'WEED'},{'kind': 'WEED'},,,OBSERVED
