step,resource,price,prev_price,inventory
0,WHEAT,25,,10000
0,CARROT,35,,10000
0,TOMATO,60,,10000
0,STRAWBERRY,120,,10000
0,MELON,250,,10000
0,EGG,50,,10000
0,MILK,160,,10000
0,WOOL,200,,10000
0,FERTILIZER,100,,10000
1,WHEAT,26,25,9999
1,CARROT,35,35,9999
1,TOMATO,60,60,9999
1,STRAWBERRY,128,120,9999
1,MELON,256,250,9999
1,EGG,50,50,9999
1,MILK,169,160,9999
1,WOOL,206,200,9999
1,FERTILIZER,100,100,10000
2,WHEAT,26,26,9999
2,CARROT,35,35,9999
2,TOMATO,60,60,9999
2,STRAWBERRY,128,128,9999
2,MELON,256,256,9999
2,EGG,50,50,9999
2,MILK,169,169,9999
2,WOOL,206,206,9999
2,FERTILIZER,100,100,10000
3,WHEAT,26,26,9999
3,CARROT,35,35,9999
3,TOMATO,60,60,9999
3,STRAWBERRY,128,128,9999
3,MELON,256,256,9999
3,EGG,50,50,9999
3,MILK,169,169,9999
3,WOOL,206,206,9999
3,FERTILIZER,100,100,10000
4,WHEAT,26,26,9999
4,CARROT,35,35,9999
4,TOMATO,60,60,9999
4,STRAWBERRY,128,128,9999
4,MELON,256,256,9999
4,EGG,50,50,9999
4,MILK,169,169,9999
4,WOOL,206,206,9999
4,FERTILIZER,100,100,10000
5,WHEAT,26,26,9999
5,CARROT,35,35,9999
5,TOMATO,60,60,9999
5,STRAWBERRY,128,128,9999
5,MELON,256,256,9999
5,EGG,50,50,9999
5,MILK,169,169,9999
5,WOOL,206,206,9999
5,FERTILIZER,100,100,10000
6,WHEAT,26,26,9999
6,CARROT,35,35,9999
6,TOMATO,60,60,9999
6,STRAWBERRY,128,128,9999
6,MELON,256,256,9999
6,EGG,50,50,9999
6,MILK,169,169,9999
6,WOOL,206,206,9999
6,FERTILIZER,100,100,10000
7,WHEAT,26,26,9999
7,CARROT,35,35,9999
7,TOMATO,60,60,9999
7,STRAWBERRY,128,128,9999
7,MELON,256,256,9999
7,EGG,50,50,9999
7,MILK,169,169,9999
7,WOOL,206,206,9999
7,FERTILIZER,100,100,10000
8,WHEAT,26,26,9999
8,CARROT,35,35,9999
8,TOMATO,60,60,9999
8,STRAWBERRY,128,128,9999
8,MELON,256,256,9999
8,EGG,50,50,9999
8,MILK,169,169,9999
8,WOOL,206,206,9999
8,FERTILIZER,100,100,10000
9,WHEAT,26,26,9999
9,CARROT,35,35,9999
9,TOMATO,60,60,9999
9,STRAWBERRY,128,128,9999
9,MELON,256,256,9999
9,EGG,50,50,9999
9,MILK,169,169,9999
9,WOOL,206,206,9999
9,FERTILIZER,100,100,10000
10,WHEAT,26,26,9999
10,CARROT,35,35,9999
10,TOMATO,60,60,9999
10,STRAWBERRY,128,128,9999
10,MELON,256,256,9999
10,EGG,50,50,9999
10,MILK,169,169,9999
10,WOOL,206,206,9999
10,FERTILIZER,100,100,10000
11,WHEAT,26,26,9999
11,CARROT,35,35,9999
11,TOMATO,60,60,9999
11,STRAWBERRY,128,128,9999
11,MELON,256,256,9999
11,EGG,50,50,9999
11,MILK,169,169,9999
11,WOOL,206,206,9999
11,FERTILIZER,100,100,10000
12,WHEAT,26,26,9999
12,CARROT,35,35,9999
12,TOMATO,60,60,9999
12,STRAWBERRY,128,128,9999
12,MELON,256,256,9999
12,EGG,50,50,9999
12,MILK,169,169,9999
12,WOOL,206,206,9999
12,FERTILIZER,100,100,10000
13,WHEAT,26,26,9999
13,CARROT,35,35,9999
13,TOMATO,60,60,9999
13,STRAWBERRY,128,128,9999
13,MELON,256,256,9999
13,EGG,50,50,9999
13,MILK,169,169,9999
13,WOOL,206,206,9999
13,FERTILIZER,100,100,10000
14,WHEAT,26,26,9999
14,CARROT,35,35,9999
14,TOMATO,60,60,9999
14,STRAWBERRY,128,128,9999
14,MELON,256,256,9999
14,EGG,50,50,9999
14,MILK,169,169,9999
14,WOOL,206,206,9999
14,FERTILIZER,100,100,10000
15,WHEAT,26,26,9999
15,CARROT,35,35,9999
15,TOMATO,60,60,9999
15,STRAWBERRY,128,128,9999
15,MELON,256,256,9999
15,EGG,50,50,9999
15,MILK,169,169,9999
15,WOOL,206,206,9999
15,FERTILIZER,100,100,10000
16,WHEAT,26,26,9999
16,CARROT,35,35,9999
16,TOMATO,60,60,9999
16,STRAWBERRY,128,128,9999
16,MELON,256,256,9999
16,EGG,50,50,9999
16,MILK,169,169,9999
16,WOOL,206,206,9999
16,FERTILIZER,100,100,10000
17,WHEAT,26,26,9999
17,CARROT,35,35,9999
17,TOMATO,60,60,9999
17,STRAWBERRY,128,128,9999
17,MELON,256,256,9999
17,EGG,50,50,9999
17,MILK,169,169,9999
17,WOOL,206,206,9999
17,FERTILIZER,100,100,10000
18,WHEAT,26,26,9999
18,CARROT,35,35,9999
18,TOMATO,60,60,9999
18,STRAWBERRY,128,128,9999
18,MELON,256,256,9999
18,EGG,50,50,9999
18,MILK,169,169,9999
18,WOOL,206,206,9999
18,FERTILIZER,100,100,10000
19,WHEAT,26,26,9999
19,CARROT,35,35,9999
19,TOMATO,60,60,9999
19,STRAWBERRY,128,128,9999
19,MELON,256,256,9999
19,EGG,50,50,9999
19,MILK,169,169,9999
19,WOOL,206,206,9999
19,FERTILIZER,100,100,10000
20,WHEAT,26,26,9999
20,CARROT,35,35,9999
20,TOMATO,60,60,9999
20,STRAWBERRY,128,128,9999
20,MELON,256,256,9999
20,EGG,50,50,9999
20,MILK,169,169,9999
20,WOOL,206,206,9999
20,FERTILIZER,100,100,10000
21,WHEAT,26,26,9999
21,CARROT,35,35,9999
21,TOMATO,60,60,9999
21,STRAWBERRY,128,128,9999
21,MELON,256,256,9999
21,EGG,50,50,9999
21,MILK,169,169,9999
21,WOOL,206,206,9999
21,FERTILIZER,100,100,10000
22,WHEAT,26,26,9999
22,CARROT,35,35,9999
22,TOMATO,60,60,9999
22,STRAWBERRY,128,128,9999
22,MELON,256,256,9999
22,EGG,50,50,9999
22,MILK,169,169,9999
22,WOOL,206,206,9999
22,FERTILIZER,100,100,10000
23,WHEAT,26,26,9999
23,CARROT,35,35,9999
23,TOMATO,60,60,9999
23,STRAWBERRY,128,128,9999
23,MELON,256,256,9999
23,EGG,50,50,9999
23,MILK,169,169,9999
23,WOOL,206,206,9999
23,FERTILIZER,100,100,10000
24,WHEAT,26,26,9999
24,CARROT,35,35,9999
24,TOMATO,60,60,9999
24,STRAWBERRY,128,128,9999
24,MELON,256,256,9999
24,EGG,50,50,9999
24,MILK,169,169,9999
24,WOOL,206,206,9999
24,FERTILIZER,100,100,10000
25,WHEAT,26,26,9998
25,CARROT,35,35,9998
25,TOMATO,60,60,9998
25,STRAWBERRY,132,128,9998
25,MELON,260,256,9998
25,EGG,50,50,9998
25,MILK,172,169,9998
25,WOOL,209,206,9998
25,FERTILIZER,100,100,10000
26,WHEAT,26,26,9998
26,CARROT,35,35,9998
26,TOMATO,60,60,9998
26,STRAWBERRY,132,132,9998
26,MELON,260,260,9998
26,EGG,50,50,9998
26,MILK,172,172,9998
26,WOOL,209,209,9998
26,FERTILIZER,100,100,10000
27,WHEAT,26,26,9998
27,CARROT,35,35,9998
27,TOMATO,60,60,9998
27,STRAWBERRY,132,132,9998
27,MELON,260,260,9998
27,EGG,50,50,9998
27,MILK,172,172,9998
27,WOOL,209,209,9998
27,FERTILIZER,100,100,10000
28,WHEAT,26,26,9998
28,CARROT,35,35,9998
28,TOMATO,60,60,9998
28,STRAWBERRY,132,132,9998
28,MELON,260,260,9998
28,EGG,50,50,9998
28,MILK,172,172,9998
28,WOOL,209,209,9998
28,FERTILIZER,100,100,10000
29,WHEAT,26,26,9998
29,CARROT,35,35,9998
29,TOMATO,60,60,9998
29,STRAWBERRY,132,132,9998
29,MELON,260,260,9998
29,EGG,50,50,9998
29,MILK,172,172,9998
29,WOOL,209,209,9998
29,FERTILIZER,100,100,10000
30,WHEAT,26,26,9998
30,CARROT,35,35,9998
30,TOMATO,60,60,9998
30,STRAWBERRY,132,132,9998
30,MELON,260,260,9998
30,EGG,50,50,9998
30,MILK,172,172,9998
30,WOOL,209,209,9998
30,FERTILIZER,100,100,10000
31,WHEAT,26,26,9998
31,CARROT,35,35,9998
31,TOMATO,60,60,9998
31,STRAWBERRY,132,132,9998
31,MELON,260,260,9998
31,EGG,50,50,9998
31,MILK,172,172,9998
31,WOOL,209,209,9998
31,FERTILIZER,100,100,10000
32,WHEAT,26,26,9998
32,CARROT,35,35,9998
32,TOMATO,60,60,9998
32,STRAWBERRY,132,132,9998
32,MELON,260,260,9998
32,EGG,50,50,9998
32,MILK,172,172,9998
32,WOOL,209,209,9998
32,FERTILIZER,100,100,10000
33,WHEAT,26,26,9998
33,CARROT,35,35,9998
33,TOMATO,60,60,9998
33,STRAWBERRY,132,132,9998
33,MELON,260,260,9998
33,EGG,50,50,9998
33,MILK,172,172,9998
33,WOOL,209,209,9998
33,FERTILIZER,100,100,10000
34,WHEAT,26,26,9998
34,CARROT,35,35,9998
34,TOMATO,60,60,9998
34,STRAWBERRY,132,132,9998
34,MELON,260,260,9998
34,EGG,50,50,9998
34,MILK,172,172,9998
34,WOOL,209,209,9998
34,FERTILIZER,100,100,10000
35,WHEAT,26,26,9998
35,CARROT,35,35,9998
35,TOMATO,60,60,9998
35,STRAWBERRY,132,132,9998
35,MELON,260,260,9998
35,EGG,50,50,9998
35,MILK,172,172,9998
35,WOOL,209,209,9998
35,FERTILIZER,100,100,10000
36,WHEAT,26,26,9998
36,CARROT,35,35,9998
36,TOMATO,60,60,9998
36,STRAWBERRY,132,132,9998
36,MELON,260,260,9998
36,EGG,50,50,9998
36,MILK,172,172,9998
36,WOOL,209,209,9998
36,FERTILIZER,100,100,10000
37,WHEAT,26,26,9998
37,CARROT,35,35,9998
37,TOMATO,60,60,9998
37,STRAWBERRY,132,132,9998
37,MELON,260,260,9998
37,EGG,50,50,9998
37,MILK,172,172,9998
37,WOOL,209,209,9998
37,FERTILIZER,100,100,10000
38,WHEAT,26,26,9998
38,CARROT,35,35,9998
38,TOMATO,60,60,9998
38,STRAWBERRY,132,132,9998
38,MELON,260,260,9998
38,EGG,50,50,9998
38,MILK,172,172,9998
38,WOOL,209,209,9998
38,FERTILIZER,100,100,10000
39,WHEAT,26,26,9998
39,CARROT,35,35,9998
39,TOMATO,60,60,9998
39,STRAWBERRY,132,132,9998
39,MELON,260,260,9998
39,EGG,50,50,9998
39,MILK,172,172,9998
39,WOOL,209,209,9998
39,FERTILIZER,100,100,10000
40,WHEAT,26,26,9998
40,CARROT,35,35,9998
40,TOMATO,60,60,9998
40,STRAWBERRY,132,132,9998
40,MELON,260,260,9998
40,EGG,50,50,9998
40,MILK,172,172,9998
40,WOOL,209,209,9998
40,FERTILIZER,100,100,10000
41,WHEAT,26,26,9998
41,CARROT,35,35,9998
41,TOMATO,60,60,9998
41,STRAWBERRY,132,132,9998
41,MELON,260,260,9998
41,EGG,50,50,9998
41,MILK,172,172,9998
41,WOOL,209,209,9998
41,FERTILIZER,100,100,10000
42,WHEAT,26,26,9998
42,CARROT,35,35,9998
42,TOMATO,60,60,9998
42,STRAWBERRY,132,132,9998
42,MELON,260,260,9998
42,EGG,50,50,9998
42,MILK,172,172,9998
42,WOOL,209,209,9998
42,FERTILIZER,100,100,10000
43,WHEAT,26,26,9998
43,CARROT,35,35,9998
43,TOMATO,60,60,9998
43,STRAWBERRY,132,132,9998
43,MELON,260,260,9998
43,EGG,50,50,9998
43,MILK,172,172,9998
43,WOOL,209,209,9998
43,FERTILIZER,100,100,10000
44,WHEAT,26,26,9998
44,CARROT,35,35,9998
44,TOMATO,60,60,9998
44,STRAWBERRY,132,132,9998
44,MELON,260,260,9998
44,EGG,50,50,9998
44,MILK,172,172,9998
44,WOOL,209,209,9998
44,FERTILIZER,100,100,10000
45,WHEAT,26,26,9998
45,CARROT,35,35,9998
45,TOMATO,60,60,9998
45,STRAWBERRY,132,132,9998
45,MELON,260,260,9998
45,EGG,50,50,9998
45,MILK,172,172,9998
45,WOOL,209,209,9998
45,FERTILIZER,100,100,10000
46,WHEAT,26,26,9998
46,CARROT,35,35,9998
46,TOMATO,60,60,9998
46,STRAWBERRY,132,132,9998
46,MELON,260,260,9998
46,EGG,50,50,9998
46,MILK,172,172,9998
46,WOOL,209,209,9998
46,FERTILIZER,100,100,10000
47,WHEAT,26,26,9998
47,CARROT,35,35,9998
47,TOMATO,60,60,9998
47,STRAWBERRY,132,132,9998
47,MELON,260,260,9998
47,EGG,50,50,9998
47,MILK,172,172,9998
47,WOOL,209,209,9998
47,FERTILIZER,100,100,10000
48,WHEAT,26,26,9998
48,CARROT,35,35,9998
48,TOMATO,60,60,9998
48,STRAWBERRY,132,132,9998
48,MELON,260,260,9998
48,EGG,50,50,9998
48,MILK,172,172,9998
48,WOOL,209,209,9998
48,FERTILIZER,100,100,10000
49,WHEAT,27,26,9997
49,CARROT,35,35,9997
49,TOMATO,60,60,9997
49,STRAWBERRY,135,132,9997
49,MELON,262,260,9997
49,EGG,50,50,9997
49,MILK,175,172,9997
49,WOOL,212,209,9997
49,FERTILIZER,100,100,10000
50,WHEAT,27,27,9997
50,CARROT,35,35,9997
50,TOMATO,60,60,9997
50,STRAWBERRY,135,135,9997
50,MELON,262,262,9997
50,EGG,50,50,9997
50,MILK,175,175,9997
50,WOOL,212,212,9997
50,FERTILIZER,100,100,10000
51,WHEAT,27,27,9997
51,CARROT,35,35,9997
51,TOMATO,60,60,9997
51,STRAWBERRY,135,135,9997
51,MELON,262,262,9997
51,EGG,50,50,9997
51,MILK,175,175,9997
51,WOOL,212,212,9997
51,FERTILIZER,100,100,10000
52,WHEAT,27,27,9997
52,CARROT,35,35,9997
52,TOMATO,60,60,9997
52,STRAWBERRY,135,135,9997
52,MELON,262,262,9997
52,EGG,50,50,9997
52,MILK,175,175,9997
52,WOOL,212,212,9997
52,FERTILIZER,100,100,10000
53,WHEAT,27,27,9997
53,CARROT,35,35,9997
53,TOMATO,60,60,9997
53,STRAWBERRY,135,135,9997
53,MELON,262,262,9997
53,EGG,50,50,9997
53,MILK,175,175,9997
53,WOOL,212,212,9997
53,FERTILIZER,100,100,10000
54,WHEAT,27,27,9997
54,CARROT,35,35,9997
54,TOMATO,60,60,9997
54,STRAWBERRY,135,135,9997
54,MELON,262,262,9997
54,EGG,50,50,9997
54,MILK,175,175,9997
54,WOOL,212,212,9997
54,FERTILIZER,100,100,10000
55,WHEAT,27,27,9997
55,CARROT,35,35,9997
55,TOMATO,60,60,9997
55,STRAWBERRY,135,135,9997
55,MELON,262,262,9997
55,EGG,50,50,9997
55,MILK,175,175,9997
55,WOOL,212,212,9997
55,FERTILIZER,100,100,10000
56,WHEAT,27,27,9997
56,CARROT,35,35,9997
56,TOMATO,60,60,9997
56,STRAWBERRY,135,135,9997
56,MELON,262,262,9997
56,EGG,50,50,9997
56,MILK,175,175,9997
56,WOOL,212,212,9997
56,FERTILIZER,100,100,10000
57,WHEAT,27,27,9997
57,CARROT,35,35,9997
57,TOMATO,60,60,9997
57,STRAWBERRY,135,135,9997
57,MELON,262,262,9997
57,EGG,50,50,9997
57,MILK,175,175,9997
57,WOOL,212,212,9997
57,FERTILIZER,100,100,10000
58,WHEAT,27,27,9997
58,CARROT,35,35,9997
58,TOMATO,60,60,9997
58,STRAWBERRY,135,135,9997
58,MELON,262,262,9997
58,EGG,50,50,9997
58,MILK,175,175,9997
58,WOOL,212,212,9997
58,FERTILIZER,100,100,10000
59,WHEAT,27,27,9997
59,CARROT,35,35,9997
59,TOMATO,60,60,9997
59,STRAWBERRY,135,135,9997
59,MELON,262,262,9997
59,EGG,50,50,9997
59,MILK,175,175,9997
59,WOOL,212,212,9997
59,FERTILIZER,100,100,10000
60,WHEAT,27,27,9997
60,CARROT,35,35,9997
60,TOMATO,60,60,9997
60,STRAWBERRY,135,135,9997
60,MELON,262,262,9997
60,EGG,50,50,9997
60,MILK,175,175,9997
60,WOOL,212,212,9997
60,FERTILIZER,100,100,10000
61,WHEAT,27,27,9997
61,CARROT,35,35,9997
61,TOMATO,60,60,9997
61,STRAWBERRY,135,135,9997
61,MELON,262,262,9997
61,EGG,50,50,9997
61,MILK,175,175,9997
61,WOOL,212,212,9997
61,FERTILIZER,100,100,10000
62,WHEAT,27,27,9997
62,CARROT,35,35,9997
62,TOMATO,60,60,9997
62,STRAWBERRY,135,135,9997
62,MELON,262,262,9997
62,EGG,50,50,9997
62,MILK,175,175,9997
62,WOOL,212,212,9997
62,FERTILIZER,100,100,10000
63,WHEAT,27,27,9997
63,CARROT,35,35,9997
63,TOMATO,60,60,9997
63,STRAWBERRY,135,135,9997
63,MELON,262,262,9997
63,EGG,50,50,9997
63,MILK,175,175,9997
63,WOOL,212,212,9997
63,FERTILIZER,100,100,10000
64,WHEAT,27,27,9997
64,CARROT,35,35,9997
64,TOMATO,60,60,9997
64,STRAWBERRY,135,135,9997
64,MELON,262,262,9997
64,EGG,50,50,9997
64,MILK,175,175,9997
64,WOOL,212,212,9997
64,FERTILIZER,100,100,10000
65,WHEAT,27,27,9997
65,CARROT,35,35,9997
65,TOMATO,60,60,9997
65,STRAWBERRY,135,135,9997
65,MELON,262,262,9997
65,EGG,50,50,9997
65,MILK,175,175,9997
65,WOOL,212,212,9997
65,FERTILIZER,100,100,10000
66,WHEAT,27,27,9997
66,CARROT,35,35,9997
66,TOMATO,60,60,9997
66,STRAWBERRY,135,135,9997
66,MELON,262,262,9997
66,EGG,50,50,9997
66,MILK,175,175,9997
66,WOOL,212,212,9997
66,FERTILIZER,100,100,10000
67,WHEAT,27,27,9997
67,CARROT,35,35,9997
67,TOMATO,60,60,9997
67,STRAWBERRY,135,135,9997
67,MELON,262,262,9997
67,EGG,50,50,9997
67,MILK,175,175,9997
67,WOOL,212,212,9997
67,FERTILIZER,100,100,10000
68,WHEAT,27,27,9997
68,CARROT,35,35,9997
68,TOMATO,60,60,9997
68,STRAWBERRY,135,135,9997
68,MELON,262,262,9997
68,EGG,50,50,9997
68,MILK,175,175,9997
68,WOOL,212,212,9997
68,FERTILIZER,100,100,10000
69,WHEAT,27,27,9997
69,CARROT,35,35,9997
69,TOMATO,60,60,9997
69,STRAWBERRY,135,135,9997
69,MELON,262,262,9997
69,EGG,50,50,9997
69,MILK,175,175,9997
69,WOOL,212,212,9997
69,FERTILIZER,100,100,10000
70,WHEAT,27,27,9997
70,CARROT,35,35,9997
70,TOMATO,60,60,9997
70,STRAWBERRY,135,135,9997
70,MELON,262,262,9997
70,EGG,50,50,9997
70,MILK,175,175,9997
70,WOOL,212,212,9997
70,FERTILIZER,100,100,10000
71,WHEAT,27,27,9997
71,CARROT,35,35,9997
71,TOMATO,60,60,9997
71,STRAWBERRY,135,135,9997
71,MELON,262,262,9997
71,EGG,50,50,9997
71,MILK,175,175,9997
71,WOOL,212,212,9997
71,FERTILIZER,100,100,10000
72,WHEAT,27,27,9997
72,CARROT,35,35,9997
72,TOMATO,60,60,9997
72,STRAWBERRY,135,135,9997
72,MELON,262,262,9997
72,EGG,50,50,9997
72,MILK,175,175,9997
72,WOOL,212,212,9997
72,FERTILIZER,100,100,10000
73,WHEAT,27,27,9995
73,CARROT,35,35,9996
73,TOMATO,60,60,9996
73,STRAWBERRY,139,135,9995
73,MELON,264,262,9996
73,EGG,50,50,9995
73,MILK,177,175,9996
73,WOOL,214,212,9996
73,FERTILIZER,100,100,10000
74,WHEAT,27,27,9995
74,CARROT,35,35,9996
74,TOMATO,60,60,9996
74,STRAWBERRY,139,139,9995
74,MELON,264,264,9996
74,EGG,50,50,9995
74,MILK,177,177,9996
74,WOOL,214,214,9996
74,FERTILIZER,100,100,10000
75,WHEAT,27,27,9995
75,CARROT,35,35,9996
75,TOMATO,60,60,9996
75,STRAWBERRY,139,139,9995
75,MELON,264,264,9996
75,EGG,50,50,9995
75,MILK,177,177,9996
75,WOOL,214,214,9996
75,FERTILIZER,100,100,10000
76,WHEAT,27,27,9995
76,CARROT,35,35,9996
76,TOMATO,60,60,9996
76,STRAWBERRY,139,139,9995
76,MELON,264,264,9996
76,EGG,50,50,9995
76,MILK,177,177,9996
76,WOOL,214,214,9996
76,FERTILIZER,100,100,10000
77,WHEAT,27,27,9994
77,CARROT,35,35,9996
77,TOMATO,60,60,9996
77,STRAWBERRY,141,139,9994
77,MELON,264,264,9996
77,EGG,50,50,9994
77,MILK,177,177,9996
77,WOOL,214,214,9996
77,FERTILIZER,100,100,10000
78,WHEAT,27,27,9994
78,CARROT,35,35,9996
78,TOMATO,60,60,9996
78,STRAWBERRY,141,141,9994
78,MELON,264,264,9996
78,EGG,50,50,9994
78,MILK,177,177,9996
78,WOOL,214,214,9996
78,FERTILIZER,100,100,10000
79,WHEAT,27,27,9994
79,CARROT,35,35,9996
79,TOMATO,60,60,9996
79,STRAWBERRY,141,141,9994
79,MELON,264,264,9996
79,EGG,50,50,9994
79,MILK,177,177,9996
79,WOOL,214,214,9996
79,FERTILIZER,100,100,10000
80,WHEAT,27,27,9994
80,CARROT,35,35,9996
80,TOMATO,60,60,9996
80,STRAWBERRY,141,141,9994
80,MELON,264,264,9996
80,EGG,50,50,9994
80,MILK,177,177,9996
80,WOOL,214,214,9996
80,FERTILIZER,100,100,10000
81,WHEAT,28,27,9993
81,CARROT,35,35,9996
81,TOMATO,60,60,9996
81,STRAWBERRY,142,141,9993
81,MELON,264,264,9996
81,EGG,50,50,9993
81,MILK,177,177,9996
81,WOOL,214,214,9996
81,FERTILIZER,100,100,10000
82,WHEAT,28,28,9993
82,CARROT,35,35,9996
82,TOMATO,60,60,9996
82,STRAWBERRY,142,142,9993
82,MELON,264,264,9996
82,EGG,50,50,9993
82,MILK,177,177,9996
82,WOOL,214,214,9996
82,FERTILIZER,100,100,10000
83,WHEAT,28,28,9993
83,CARROT,35,35,9996
83,TOMATO,60,60,9996
83,STRAWBERRY,142,142,9993
83,MELON,264,264,9996
83,EGG,50,50,9993
83,MILK,177,177,9996
83,WOOL,214,214,9996
83,FERTILIZER,100,100,10000
84,WHEAT,28,28,9993
84,CARROT,35,35,9996
84,TOMATO,60,60,9996
84,STRAWBERRY,142,142,9993
84,MELON,264,264,9996
84,EGG,50,50,9993
84,MILK,177,177,9996
84,WOOL,214,214,9996
84,FERTILIZER,100,100,10000
85,WHEAT,28,28,9992
85,CARROT,35,35,9996
85,TOMATO,60,60,9996
85,STRAWBERRY,144,142,9992
85,MELON,264,264,9996
85,EGG,50,50,9992
85,MILK,177,177,9996
85,WOOL,214,214,9996
85,FERTILIZER,100,100,10000
86,WHEAT,28,28,9992
86,CARROT,35,35,9996
86,TOMATO,60,60,9996
86,STRAWBERRY,144,144,9992
86,MELON,264,264,9996
86,EGG,50,50,9992
86,MILK,177,177,9996
86,WOOL,214,214,9996
86,FERTILIZER,100,100,10000
87,WHEAT,28,28,9992
87,CARROT,35,35,9996
87,TOMATO,60,60,9996
87,STRAWBERRY,144,144,9992
87,MELON,264,264,9996
87,EGG,50,50,9992
87,MILK,177,177,9996
87,WOOL,214,214,9996
87,FERTILIZER,100,100,10000
88,WHEAT,28,28,9992
88,CARROT,35,35,9996
88,TOMATO,60,60,9996
88,STRAWBERRY,144,144,9992
88,MELON,264,264,9996
88,EGG,50,50,9992
88,MILK,177,177,9996
88,WOOL,214,214,9996
88,FERTILIZER,100,100,10000
89,WHEAT,28,28,9991
89,CARROT,35,35,9996
89,TOMATO,60,60,9996
89,STRAWBERRY,145,144,9991
89,MELON,264,264,9996
89,EGG,51,50,9991
89,MILK,177,177,9996
89,WOOL,214,214,9996
89,FERTILIZER,100,100,10000
90,WHEAT,28,28,9991
90,CARROT,35,35,9996
90,TOMATO,60,60,9996
90,STRAWBERRY,145,145,9991
90,MELON,264,264,9996
90,EGG,51,51,9991
90,MILK,177,177,9996
90,WOOL,214,214,9996
90,FERTILIZER,100,100,10000
91,WHEAT,28,28,9991
91,CARROT,35,35,9996
91,TOMATO,60,60,9996
91,STRAWBERRY,145,145,9991
91,MELON,264,264,9996
91,EGG,51,51,9991
91,MILK,177,177,9996
91,WOOL,214,214,9996
91,FERTILIZER,100,100,10000
92,WHEAT,28,28,9991
92,CARROT,35,35,9996
92,TOMATO,60,60,9996
92,STRAWBERRY,145,145,9991
92,MELON,264,264,9996
92,EGG,51,51,9991
92,MILK,177,177,9996
92,WOOL,214,214,9996
92,FERTILIZER,100,100,10000
93,WHEAT,28,28,9990
93,CARROT,35,35,9996
93,TOMATO,60,60,9996
93,STRAWBERRY,147,145,9990
93,MELON,264,264,9996
93,EGG,51,51,9990
93,MILK,177,177,9996
93,WOOL,214,214,9996
93,FERTILIZER,100,100,10000
94,WHEAT,28,28,9990
94,CARROT,35,35,9996
94,TOMATO,60,60,9996
94,STRAWBERRY,147,147,9990
94,MELON,264,264,9996
94,EGG,51,51,9990
94,MILK,177,177,9996
94,WOOL,214,214,9996
94,FERTILIZER,100,100,10000
95,WHEAT,28,28,9990
95,CARROT,35,35,9996
95,TOMATO,60,60,9996
95,STRAWBERRY,147,147,9990
95,MELON,264,264,9996
95,EGG,51,51,9990
95,MILK,177,177,9996
95,WOOL,214,214,9996
95,FERTILIZER,100,100,10000
96,WHEAT,28,28,9990
96,CARROT,35,35,9996
96,TOMATO,60,60,9996
96,STRAWBERRY,147,147,9990
96,MELON,264,264,9996
96,EGG,51,51,9990
96,MILK,177,177,9996
96,WOOL,214,214,9996
96,FERTILIZER,100,100,10000
97,WHEAT,28,28,9988
97,CARROT,35,35,9995
97,TOMATO,61,60,9995
97,STRAWBERRY,149,147,9988
97,MELON,266,264,9995
97,EGG,51,51,9988
97,MILK,179,177,9995
97,WOOL,215,214,9995
97,FERTILIZER,100,100,10000
98,WHEAT,28,28,9988
98,CARROT,35,35,9995
98,TOMATO,61,61,9995
98,STRAWBERRY,149,149,9988
98,MELON,266,266,9995
98,EGG,51,51,9988
98,MILK,179,179,9995
98,WOOL,215,215,9995
98,FERTILIZER,100,100,10000
99,WHEAT,28,28,9988
99,CARROT,35,35,9995
99,TOMATO,61,61,9995
99,STRAWBERRY,149,149,9988
99,MELON,266,266,9995
99,EGG,51,51,9988
99,MILK,179,179,9995
99,WOOL,215,215,9995
99,FERTILIZER,100,100,10000
100,WHEAT,28,28,9988
100,CARROT,35,35,9995
100,TOMATO,61,61,9995
100,STRAWBERRY,149,149,9988
100,MELON,266,266,9995
100,EGG,51,51,9988
100,MILK,179,179,9995
100,WOOL,215,215,9995
100,FERTILIZER,100,100,10000
101,WHEAT,29,28,9987
101,CARROT,35,35,9995
101,TOMATO,61,61,9995
101,STRAWBERRY,150,149,9987
101,MELON,266,266,9995
101,EGG,51,51,9987
101,MILK,179,179,9995
101,WOOL,215,215,9995
101,FERTILIZER,100,100,10000
102,WHEAT,29,29,9987
102,CARROT,35,35,9995
102,TOMATO,61,61,9995
102,STRAWBERRY,150,150,9987
102,MELON,266,266,9995
102,EGG,51,51,9987
102,MILK,179,179,9995
102,WOOL,215,215,9995
102,FERTILIZER,100,100,10000
103,WHEAT,29,29,9987
103,CARROT,35,35,9995
103,TOMATO,61,61,9995
103,STRAWBERRY,150,150,9987
103,MELON,266,266,9995
103,EGG,51,51,9987
103,MILK,179,179,9995
103,WOOL,215,215,9995
103,FERTILIZER,100,100,10000
104,WHEAT,29,29,9987
104,CARROT,35,35,9995
104,TOMATO,61,61,9995
104,STRAWBERRY,150,150,9987
104,MELON,266,266,9995
104,EGG,51,51,9987
104,MILK,179,179,9995
104,WOOL,215,215,9995
104,FERTILIZER,100,100,10000
105,WHEAT,29,29,9986
105,CARROT,35,35,9995
105,TOMATO,61,61,9995
105,STRAWBERRY,151,150,9986
105,MELON,266,266,9995
105,EGG,51,51,9986
105,MILK,179,179,9995
105,WOOL,215,215,9995
105,FERTILIZER,100,100,10000
106,WHEAT,29,29,9986
106,CARROT,35,35,9995
106,TOMATO,61,61,9995
106,STRAWBERRY,151,151,9986
106,MELON,266,266,9995
106,EGG,51,51,9986
106,MILK,179,179,9995
106,WOOL,215,215,9995
106,FERTILIZER,100,100,10000
107,WHEAT,29,29,9986
107,CARROT,35,35,9995
107,TOMATO,61,61,9995
107,STRAWBERRY,151,151,9986
107,MELON,266,266,9995
107,EGG,51,51,9986
107,MILK,179,179,9995
107,WOOL,215,215,9995
107,FERTILIZER,100,100,10000
108,WHEAT,29,29,9986
108,CARROT,35,35,9995
108,TOMATO,61,61,9995
108,STRAWBERRY,151,151,9986
108,MELON,266,266,9995
108,EGG,51,51,9986
108,MILK,179,179,9995
108,WOOL,215,215,9995
108,FERTILIZER,100,100,10000
109,WHEAT,29,29,9985
109,CARROT,35,35,9995
109,TOMATO,61,61,9995
109,STRAWBERRY,153,151,9985
109,MELON,266,266,9995
109,EGG,51,51,9985
109,MILK,179,179,9995
109,WOOL,215,215,9995
109,FERTILIZER,100,100,10000
110,WHEAT,29,29,9985
110,CARROT,35,35,9995
110,TOMATO,61,61,9995
110,STRAWBERRY,153,153,9985
110,MELON,266,266,9995
110,EGG,51,51,9985
110,MILK,179,179,9995
110,WOOL,215,215,9995
110,FERTILIZER,100,100,10000
111,WHEAT,29,29,9985
111,CARROT,35,35,9995
111,TOMATO,61,61,9995
111,STRAWBERRY,153,153,9985
111,MELON,266,266,9995
111,EGG,51,51,9985
111,MILK,179,179,9995
111,WOOL,215,215,9995
111,FERTILIZER,100,100,10000
112,WHEAT,29,29,9985
112,CARROT,35,35,9995
112,TOMATO,61,61,9995
112,STRAWBERRY,153,153,9985
112,MELON,266,266,9995
112,EGG,51,51,9985
112,MILK,179,179,9995
112,WOOL,215,215,9995
112,FERTILIZER,100,100,10000
113,WHEAT,29,29,9984
113,CARROT,35,35,9995
113,TOMATO,61,61,9995
113,STRAWBERRY,154,153,9984
113,MELON,266,266,9995
113,EGG,51,51,9984
113,MILK,179,179,9995
113,WOOL,215,215,9995
113,FERTILIZER,100,100,10000
114,WHEAT,29,29,9984
114,CARROT,35,35,9995
114,TOMATO,61,61,9995
114,STRAWBERRY,154,154,9984
114,MELON,266,266,9995
114,EGG,51,51,9984
114,MILK,179,179,9995
114,WOOL,215,215,9995
114,FERTILIZER,100,100,10000
115,WHEAT,29,29,9984
115,CARROT,35,35,9995
115,TOMATO,61,61,9995
115,STRAWBERRY,154,154,9984
115,MELON,266,266,9995
115,EGG,51,51,9984
115,MILK,179,179,9995
115,WOOL,215,215,9995
115,FERTILIZER,100,100,10000
116,WHEAT,29,29,9984
116,CARROT,35,35,9995
116,TOMATO,61,61,9995
116,STRAWBERRY,154,154,9984
116,MELON,266,266,9995
116,EGG,51,51,9984
116,MILK,179,179,9995
116,WOOL,215,215,9995
116,FERTILIZER,100,100,10000
117,WHEAT,29,29,9983
117,CARROT,35,35,9995
117,TOMATO,61,61,9995
117,STRAWBERRY,155,154,9983
117,MELON,266,266,9995
117,EGG,51,51,9983
117,MILK,179,179,9995
117,WOOL,215,215,9995
117,FERTILIZER,100,100,10000
118,WHEAT,29,29,9983
118,CARROT,35,35,9995
118,TOMATO,61,61,9995
118,STRAWBERRY,155,155,9983
118,MELON,266,266,9995
118,EGG,51,51,9983
118,MILK,179,179,9995
118,WOOL,215,215,9995
118,FERTILIZER,100,100,10000
119,WHEAT,29,29,9983
119,CARROT,35,35,9995
119,TOMATO,61,61,9995
119,STRAWBERRY,155,155,9983
119,MELON,266,266,9995
119,EGG,51,51,9983
119,MILK,179,179,9995
119,WOOL,215,215,9995
119,FERTILIZER,100,100,10000
120,WHEAT,29,29,9983
120,CARROT,35,35,9995
120,TOMATO,61,61,9995
120,STRAWBERRY,155,155,9983
120,MELON,266,266,9995
120,EGG,51,51,9983
120,MILK,179,179,9995
120,WOOL,215,215,9995
120,FERTILIZER,100,100,10000
121,WHEAT,29,29,9981
121,CARROT,35,35,9994
121,TOMATO,61,61,9994
121,STRAWBERRY,157,155,9981
121,MELON,267,266,9994
121,EGG,51,51,9981
121,MILK,181,179,9994
121,WOOL,217,215,9994
121,FERTILIZER,100,100,10000
122,WHEAT,29,29,9981
122,CARROT,35,35,9994
122,TOMATO,61,61,9994
122,STRAWBERRY,157,157,9981
122,MELON,267,267,9994
122,EGG,51,51,9981
122,MILK,181,181,9994
122,WOOL,217,217,9994
122,FERTILIZER,100,100,10000
123,WHEAT,29,29,9981
123,CARROT,35,35,9994
123,TOMATO,61,61,9994
123,STRAWBERRY,157,157,9981
123,MELON,267,267,9994
123,EGG,51,51,9981
123,MILK,181,181,9994
123,WOOL,217,217,9994
123,FERTILIZER,100,100,10000
124,WHEAT,29,29,9981
124,CARROT,35,35,9994
124,TOMATO,61,61,9994
124,STRAWBERRY,157,157,9981
124,MELON,267,267,9994
124,EGG,51,51,9981
124,MILK,181,181,9994
124,WOOL,217,217,9994
124,FERTILIZER,100,100,10000
125,WHEAT,29,29,9980
125,CARROT,35,35,9994
125,TOMATO,61,61,9994
125,STRAWBERRY,158,157,9980
125,MELON,267,267,9994
125,EGG,51,51,9980
125,MILK,181,181,9994
125,WOOL,217,217,9994
125,FERTILIZER,100,100,10000
126,WHEAT,29,29,9980
126,CARROT,35,35,9994
126,TOMATO,61,61,9994
126,STRAWBERRY,158,158,9980
126,MELON,267,267,9994
126,EGG,51,51,9980
126,MILK,181,181,9994
126,WOOL,217,217,9994
126,FERTILIZER,100,100,10000
127,WHEAT,29,29,9980
127,CARROT,35,35,9994
127,TOMATO,61,61,9994
127,STRAWBERRY,158,158,9980
127,MELON,267,267,9994
127,EGG,51,51,9980
127,MILK,181,181,9994
127,WOOL,217,217,9994
127,FERTILIZER,100,100,10000
128,WHEAT,29,29,9980
128,CARROT,35,35,9994
128,TOMATO,61,61,9994
128,STRAWBERRY,158,158,9980
128,MELON,267,267,9994
128,EGG,51,51,9980
128,MILK,181,181,9994
128,WOOL,217,217,9994
128,FERTILIZER,100,100,10000
129,WHEAT,30,29,9979
129,CARROT,35,35,9994
129,TOMATO,61,61,9994
129,STRAWBERRY,158,158,9979
129,MELON,267,267,9994
129,EGG,51,51,9979
129,MILK,181,181,9994
129,WOOL,217,217,9994
129,FERTILIZER,100,100,10000
130,WHEAT,30,30,9979
130,CARROT,35,35,9994
130,TOMATO,61,61,9994
130,STRAWBERRY,158,158,9979
130,MELON,267,267,9994
130,EGG,51,51,9979
130,MILK,181,181,9994
130,WOOL,217,217,9994
130,FERTILIZER,100,100,10000
131,WHEAT,30,30,9979
131,CARROT,35,35,9994
131,TOMATO,61,61,9994
131,STRAWBERRY,158,158,9979
131,MELON,267,267,9994
131,EGG,51,51,9979
131,MILK,181,181,9994
131,WOOL,217,217,9994
131,FERTILIZER,100,100,10000
132,WHEAT,30,30,9979
132,CARROT,35,35,9994
132,TOMATO,61,61,9994
132,STRAWBERRY,158,158,9979
132,MELON,267,267,9994
132,EGG,51,51,9979
132,MILK,181,181,9994
132,WOOL,217,217,9994
132,FERTILIZER,100,100,10000
133,WHEAT,30,30,9978
133,CARROT,35,35,9994
133,TOMATO,61,61,9994
133,STRAWBERRY,159,158,9978
133,MELON,267,267,9994
133,EGG,51,51,9978
133,MILK,181,181,9994
133,WOOL,217,217,9994
133,FERTILIZER,100,100,10000
134,WHEAT,30,30,9978
134,CARROT,35,35,9994
134,TOMATO,61,61,9994
134,STRAWBERRY,159,159,9978
134,MELON,267,267,9994
134,EGG,51,51,9978
134,MILK,181,181,9994
134,WOOL,217,217,9994
134,FERTILIZER,100,100,10000
135,WHEAT,30,30,9978
135,CARROT,35,35,9994
135,TOMATO,61,61,9994
135,STRAWBERRY,159,159,9978
135,MELON,267,267,9994
135,EGG,51,51,9978
135,MILK,181,181,9994
135,WOOL,217,217,9994
135,FERTILIZER,100,100,10000
136,WHEAT,30,30,9978
136,CARROT,35,35,9994
136,TOMATO,61,61,9994
136,STRAWBERRY,159,159,9978
136,MELON,267,267,9994
136,EGG,51,51,9978
136,MILK,181,181,9994
136,WOOL,217,217,9994
136,FERTILIZER,100,100,10000
137,WHEAT,30,30,9977
137,CARROT,35,35,9994
137,TOMATO,61,61,9994
137,STRAWBERRY,160,159,9977
137,MELON,267,267,9994
137,EGG,51,51,9977
137,MILK,181,181,9994
137,WOOL,217,217,9994
137,FERTILIZER,100,100,10000
138,WHEAT,30,30,9977
138,CARROT,35,35,9994
138,TOMATO,61,61,9994
138,STRAWBERRY,160,160,9977
138,MELON,267,267,9994
138,EGG,51,51,9977
138,MILK,181,181,9994
138,WOOL,217,217,9994
138,FERTILIZER,100,100,10000
139,WHEAT,30,30,9977
139,CARROT,35,35,9994
139,TOMATO,61,61,9994
139,STRAWBERRY,160,160,9977
139,MELON,267,267,9994
139,EGG,51,51,9977
139,MILK,181,181,9994
139,WOOL,217,217,9994
139,FERTILIZER,100,100,10000
140,WHEAT,30,30,9977
140,CARROT,35,35,9994
140,TOMATO,61,61,9994
140,STRAWBERRY,160,160,9977
140,MELON,267,267,9994
140,EGG,51,51,9977
140,MILK,181,181,9994
140,WOOL,217,217,9994
140,FERTILIZER,100,100,10000
141,WHEAT,30,30,9976
141,CARROT,35,35,9994
141,TOMATO,61,61,9994
141,STRAWBERRY,161,160,9976
141,MELON,267,267,9994
141,EGG,51,51,9976
141,MILK,181,181,9994
141,WOOL,217,217,9994
141,FERTILIZER,100,100,10000
142,WHEAT,30,30,9976
142,CARROT,35,35,9994
142,TOMATO,61,61,9994
142,STRAWBERRY,161,161,9976
142,MELON,267,267,9994
142,EGG,51,51,9976
142,MILK,181,181,9994
142,WOOL,217,217,9994
142,FERTILIZER,100,100,10000
143,WHEAT,30,30,9976
143,CARROT,35,35,9994
143,TOMATO,61,61,9994
143,STRAWBERRY,161,161,9976
143,MELON,267,267,9994
143,EGG,51,51,9976
143,MILK,181,181,9994
143,WOOL,217,217,9994
143,FERTILIZER,100,100,10000
144,WHEAT,30,30,9976
144,CARROT,35,35,9994
144,TOMATO,61,61,9994
144,STRAWBERRY,161,161,9976
144,MELON,267,267,9994
144,EGG,51,51,9976
144,MILK,181,181,9994
144,WOOL,217,217,9994
144,FERTILIZER,100,100,10000
145,WHEAT,30,30,9973
145,CARROT,36,35,9992
145,TOMATO,61,61,9992
145,STRAWBERRY,164,161,9973
145,MELON,268,267,9993
145,EGG,52,51,9974
145,MILK,183,181,9993
145,WOOL,218,217,9993
145,FERTILIZER,100,100,10000
146,WHEAT,30,30,9973
146,CARROT,36,36,9992
146,TOMATO,61,61,9992
146,STRAWBERRY,164,164,9973
146,MELON,268,268,9993
146,EGG,52,52,9974
146,MILK,183,183,9993
146,WOOL,218,218,9993
146,FERTILIZER,100,100,10000
147,WHEAT,30,30,9973
147,CARROT,36,36,9992
147,TOMATO,61,61,9992
147,STRAWBERRY,164,164,9973
147,MELON,268,268,9993
147,EGG,52,52,9974
147,MILK,183,183,9993
147,WOOL,218,218,9993
147,FERTILIZER,100,100,10000
148,WHEAT,30,30,9973
148,CARROT,36,36,9992
148,TOMATO,61,61,9992
148,STRAWBERRY,164,164,9973
148,MELON,268,268,9993
148,EGG,52,52,9974
148,MILK,183,183,9993
148,WOOL,218,218,9993
148,FERTILIZER,100,100,10000
149,WHEAT,30,30,9971
149,CARROT,36,36,9991
149,TOMATO,61,61,9991
149,STRAWBERRY,165,164,9971
149,MELON,268,268,9993
149,EGG,52,52,9973
149,MILK,183,183,9993
149,WOOL,218,218,9993
149,FERTILIZER,100,100,10000
150,WHEAT,30,30,9971
150,CARROT,36,36,9991
150,TOMATO,61,61,9991
150,STRAWBERRY,165,165,9971
150,MELON,268,268,9993
150,EGG,52,52,9973
150,MILK,183,183,9993
150,WOOL,218,218,9993
150,FERTILIZER,100,100,10000
151,WHEAT,30,30,9971
151,CARROT,36,36,9991
151,TOMATO,61,61,9991
151,STRAWBERRY,165,165,9971
151,MELON,268,268,9993
151,EGG,52,52,9973
151,MILK,183,183,9993
151,WOOL,218,218,9993
151,FERTILIZER,100,100,10000
152,WHEAT,30,30,9971
152,CARROT,36,36,9991
152,TOMATO,61,61,9991
152,STRAWBERRY,165,165,9971
152,MELON,268,268,9993
152,EGG,52,52,9973
152,MILK,183,183,9993
152,WOOL,218,218,9993
152,FERTILIZER,100,100,10000
153,WHEAT,31,30,9969
153,CARROT,36,36,9990
153,TOMATO,61,61,9990
153,STRAWBERRY,167,165,9969
153,MELON,268,268,9993
153,EGG,52,52,9972
153,MILK,183,183,9993
153,WOOL,218,218,9993
153,FERTILIZER,100,100,10000
154,WHEAT,31,31,9969
154,CARROT,36,36,9990
154,TOMATO,61,61,9990
154,STRAWBERRY,167,167,9969
154,MELON,268,268,9993
154,EGG,52,52,9972
154,MILK,183,183,9993
154,WOOL,218,218,9993
154,FERTILIZER,100,100,10000
155,WHEAT,31,31,9969
155,CARROT,36,36,9990
155,TOMATO,61,61,9990
155,STRAWBERRY,167,167,9969
155,MELON,268,268,9993
155,EGG,52,52,9972
155,MILK,183,183,9993
155,WOOL,218,218,9993
155,FERTILIZER,100,100,10000
156,WHEAT,31,31,9969
156,CARROT,36,36,9990
156,TOMATO,61,61,9990
156,STRAWBERRY,167,167,9969
156,MELON,268,268,9993
156,EGG,52,52,9972
156,MILK,183,183,9993
156,WOOL,218,218,9993
156,FERTILIZER,100,100,10000
157,WHEAT,31,31,9967
157,CARROT,36,36,9989
157,TOMATO,61,61,9989
157,STRAWBERRY,168,167,9967
157,MELON,268,268,9993
157,EGG,52,52,9971
157,MILK,183,183,9993
157,WOOL,218,218,9993
157,FERTILIZER,100,100,10000
158,WHEAT,31,31,9967
158,CARROT,36,36,9989
158,TOMATO,61,61,9989
158,STRAWBERRY,168,168,9967
158,MELON,268,268,9993
158,EGG,52,52,9971
158,MILK,183,183,9993
158,WOOL,218,218,9993
158,FERTILIZER,100,100,10000
159,WHEAT,31,31,9967
159,CARROT,36,36,9989
159,TOMATO,61,61,9989
159,STRAWBERRY,168,168,9967
159,MELON,268,268,9993
159,EGG,52,52,9971
159,MILK,183,183,9993
159,WOOL,218,218,9993
159,FERTILIZER,100,100,10000
160,WHEAT,31,31,9967
160,CARROT,36,36,9989
160,TOMATO,61,61,9989
160,STRAWBERRY,168,168,9967
160,MELON,268,268,9993
160,EGG,52,52,9971
160,MILK,183,183,9993
160,WOOL,218,218,9993
160,FERTILIZER,100,100,10000
161,WHEAT,31,31,9965
161,CARROT,36,36,9988
161,TOMATO,61,61,9988
161,STRAWBERRY,170,168,9965
161,MELON,268,268,9993
161,EGG,52,52,9970
161,MILK,183,183,9993
161,WOOL,218,218,9993
161,FERTILIZER,100,100,10000
162,WHEAT,31,31,9965
162,CARROT,36,36,9988
162,TOMATO,61,61,9988
162,STRAWBERRY,170,170,9965
162,MELON,268,268,9993
162,EGG,52,52,9970
162,MILK,183,183,9993
162,WOOL,218,218,9993
162,FERTILIZER,100,100,10000
163,WHEAT,31,31,9965
163,CARROT,36,36,9988
163,TOMATO,61,61,9988
163,STRAWBERRY,170,170,9965
163,MELON,268,268,9993
163,EGG,52,52,9970
163,MILK,183,183,9993
163,WOOL,218,218,9993
163,FERTILIZER,100,100,10000
164,WHEAT,31,31,9965
164,CARROT,36,36,9988
164,TOMATO,61,61,9988
164,STRAWBERRY,170,170,9965
164,MELON,268,268,9993
164,EGG,52,52,9970
164,MILK,183,183,9993
164,WOOL,218,218,9993
164,FERTILIZER,100,100,10000
165,WHEAT,31,31,9963
165,CARROT,36,36,9987
165,TOMATO,62,61,9987
165,STRAWBERRY,171,170,9963
165,MELON,268,268,9993
165,EGG,52,52,9969
165,MILK,183,183,9993
165,WOOL,218,218,9993
165,FERTILIZER,100,100,10000
166,WHEAT,31,31,9963
166,CARROT,36,36,9987
166,TOMATO,62,62,9987
166,STRAWBERRY,171,171,9963
166,MELON,268,268,9993
166,EGG,52,52,9969
166,MILK,183,183,9993
166,WOOL,218,218,9993
166,FERTILIZER,100,100,10000
167,WHEAT,31,31,9963
167,CARROT,36,36,9987
167,TOMATO,62,62,9987
167,STRAWBERRY,171,171,9963
167,MELON,268,268,9993
167,EGG,52,52,9969
167,MILK,183,183,9993
167,WOOL,218,218,9993
167,FERTILIZER,100,100,10000
168,WHEAT,31,31,9963
168,CARROT,36,36,9987
168,TOMATO,62,62,9987
168,STRAWBERRY,171,171,9963
168,MELON,268,268,9993
168,EGG,52,52,9969
168,MILK,183,183,9993
168,WOOL,218,218,9993
168,FERTILIZER,100,100,10000
169,WHEAT,31,31,9960
169,CARROT,36,36,9985
169,TOMATO,62,62,9985
169,STRAWBERRY,173,171,9960
169,MELON,269,268,9992
169,EGG,52,52,9967
169,MILK,185,183,9992
169,WOOL,219,218,9992
169,FERTILIZER,100,100,10000
170,WHEAT,31,31,9960
170,CARROT,36,36,9985
170,TOMATO,62,62,9985
170,STRAWBERRY,173,173,9960
170,MELON,269,269,9992
170,EGG,52,52,9967
170,MILK,185,185,9992
170,WOOL,219,219,9992
170,FERTILIZER,100,100,10000
171,WHEAT,31,31,9960
171,CARROT,36,36,9985
171,TOMATO,62,62,9985
171,STRAWBERRY,173,173,9960
171,MELON,269,269,9992
171,EGG,52,52,9967
171,MILK,185,185,9992
171,WOOL,219,219,9992
171,FERTILIZER,100,100,10000
172,WHEAT,31,31,9960
172,CARROT,36,36,9985
172,TOMATO,62,62,9985
172,STRAWBERRY,173,173,9960
172,MELON,269,269,9992
172,EGG,52,52,9967
172,MILK,185,185,9992
172,WOOL,219,219,9992
172,FERTILIZER,100,100,10000
173,WHEAT,31,31,9958
173,CARROT,36,36,9984
173,TOMATO,62,62,9984
173,STRAWBERRY,174,173,9958
173,MELON,269,269,9992
173,EGG,52,52,9966
173,MILK,185,185,9992
173,WOOL,219,219,9992
173,FERTILIZER,100,100,10000
174,WHEAT,31,31,9958
174,CARROT,36,36,9984
174,TOMATO,62,62,9984
174,STRAWBERRY,174,174,9958
174,MELON,269,269,9992
174,EGG,52,52,9966
174,MILK,185,185,9992
174,WOOL,219,219,9992
174,FERTILIZER,100,100,10000
175,WHEAT,31,31,9958
175,CARROT,36,36,9984
175,TOMATO,62,62,9984
175,STRAWBERRY,174,174,9958
175,MELON,269,269,9992
175,EGG,52,52,9966
175,MILK,185,185,9992
175,WOOL,219,219,9992
175,FERTILIZER,100,100,10000
176,WHEAT,31,31,9958
176,CARROT,36,36,9984
176,TOMATO,62,62,9984
176,STRAWBERRY,174,174,9958
176,MELON,269,269,9992
176,EGG,52,52,9966
176,MILK,185,185,9992
176,WOOL,219,219,9992
176,FERTILIZER,100,100,10000
177,WHEAT,32,31,9956
177,CARROT,36,36,9983
177,TOMATO,62,62,9983
177,STRAWBERRY,176,174,9956
177,MELON,269,269,9992
177,EGG,52,52,9965
177,MILK,185,185,9992
177,WOOL,219,219,9992
177,FERTILIZER,100,100,10000
178,WHEAT,32,32,9956
178,CARROT,36,36,9983
178,TOMATO,62,62,9983
178,STRAWBERRY,176,176,9956
178,MELON,269,269,9992
178,EGG,52,52,9965
178,MILK,185,185,9992
178,WOOL,219,219,9992
178,FERTILIZER,100,100,10000
179,WHEAT,32,32,9956
179,CARROT,36,36,9983
179,TOMATO,62,62,9983
179,STRAWBERRY,176,176,9956
179,MELON,269,269,9992
179,EGG,52,52,9965
179,MILK,185,185,9992
179,WOOL,219,219,9992
179,FERTILIZER,100,100,10000
180,WHEAT,32,32,9956
180,CARROT,36,36,9983
180,TOMATO,62,62,9983
180,STRAWBERRY,176,176,9956
180,MELON,269,269,9992
180,EGG,52,52,9965
180,MILK,185,185,9992
180,WOOL,219,219,9992
180,FERTILIZER,100,100,10000
181,WHEAT,32,32,9954
181,CARROT,36,36,9982
181,TOMATO,62,62,9982
181,STRAWBERRY,177,176,9954
181,MELON,269,269,9992
181,EGG,52,52,9964
181,MILK,185,185,9992
181,WOOL,219,219,9992
181,FERTILIZER,100,100,10000
182,WHEAT,32,32,9954
182,CARROT,36,36,9982
182,TOMATO,62,62,9982
182,STRAWBERRY,177,177,9954
182,MELON,269,269,9992
182,EGG,52,52,9964
182,MILK,185,185,9992
182,WOOL,219,219,9992
182,FERTILIZER,100,100,10000
183,WHEAT,32,32,9954
183,CARROT,36,36,9982
183,TOMATO,62,62,9982
183,STRAWBERRY,177,177,9954
183,MELON,269,269,9992
183,EGG,52,52,9964
183,MILK,185,185,9992
183,WOOL,219,219,9992
183,FERTILIZER,100,100,10000
184,WHEAT,32,32,9954
184,CARROT,36,36,9982
184,TOMATO,62,62,9982
184,STRAWBERRY,177,177,9954
184,MELON,269,269,9992
184,EGG,52,52,9964
184,MILK,185,185,9992
184,WOOL,219,219,9992
184,FERTILIZER,100,100,10000
185,WHEAT,32,32,9952
185,CARROT,36,36,9981
185,TOMATO,62,62,9981
185,STRAWBERRY,178,177,9952
185,MELON,269,269,9992
185,EGG,52,52,9963
185,MILK,185,185,9992
185,WOOL,219,219,9992
185,FERTILIZER,100,100,10000
186,WHEAT,32,32,9952
186,CARROT,36,36,9981
186,TOMATO,62,62,9981
186,STRAWBERRY,178,178,9952
186,MELON,269,269,9992
186,EGG,52,52,9963
186,MILK,185,185,9992
186,WOOL,219,219,9992
186,FERTILIZER,100,100,10000
187,WHEAT,32,32,9952
187,CARROT,36,36,9981
187,TOMATO,62,62,9981
187,STRAWBERRY,178,178,9952
187,MELON,269,269,9992
187,EGG,52,52,9963
187,MILK,185,185,9992
187,WOOL,219,219,9992
187,FERTILIZER,100,100,10000
188,WHEAT,32,32,9952
188,CARROT,36,36,9981
188,TOMATO,62,62,9981
188,STRAWBERRY,178,178,9952
188,MELON,269,269,9992
188,EGG,52,52,9963
188,MILK,185,185,9992
188,WOOL,219,219,9992
188,FERTILIZER,100,100,10000
189,WHEAT,32,32,9950
189,CARROT,37,36,9980
189,TOMATO,62,62,9980
189,STRAWBERRY,179,178,9950
189,MELON,269,269,9992
189,EGG,52,52,9962
189,MILK,185,185,9992
189,WOOL,219,219,9992
189,FERTILIZER,100,100,10000
190,WHEAT,32,32,9950
190,CARROT,37,37,9980
190,TOMATO,62,62,9980
190,STRAWBERRY,179,179,9950
190,MELON,269,269,9992
190,EGG,52,52,9962
190,MILK,185,185,9992
190,WOOL,219,219,9992
190,FERTILIZER,100,100,10000
191,WHEAT,32,32,9950
191,CARROT,37,37,9980
191,TOMATO,62,62,9980
191,STRAWBERRY,179,179,9950
191,MELON,269,269,9992
191,EGG,52,52,9962
191,MILK,185,185,9992
191,WOOL,219,219,9992
191,FERTILIZER,100,100,10000
192,WHEAT,32,32,9950
192,CARROT,37,37,9980
192,TOMATO,62,62,9980
192,STRAWBERRY,179,179,9950
192,MELON,269,269,9992
192,EGG,52,52,9962
192,MILK,185,185,9992
192,WOOL,219,219,9992
192,FERTILIZER,100,100,10000
193,WHEAT,32,32,9947
193,CARROT,37,37,9978
193,TOMATO,63,62,9978
193,STRAWBERRY,181,179,9947
193,MELON,270,269,9991
193,EGG,52,52,9960
193,MILK,186,185,9991
193,WOOL,220,219,9991
193,FERTILIZER,100,100,10000
194,WHEAT,32,32,9947
194,CARROT,37,37,9978
194,TOMATO,63,63,9978
194,STRAWBERRY,181,181,9947
194,MELON,270,270,9991
194,EGG,52,52,9960
194,MILK,186,186,9991
194,WOOL,220,220,9991
194,FERTILIZER,100,100,10000
195,WHEAT,32,32,9947
195,CARROT,37,37,9978
195,TOMATO,63,63,9978
195,STRAWBERRY,181,181,9947
195,MELON,270,270,9991
195,EGG,52,52,9960
195,MILK,186,186,9991
195,WOOL,220,220,9991
195,FERTILIZER,100,100,10000
196,WHEAT,32,32,9947
196,CARROT,37,37,9978
196,TOMATO,63,63,9978
196,STRAWBERRY,181,181,9947
196,MELON,270,270,9991
196,EGG,52,52,9960
196,MILK,186,186,9991
196,WOOL,220,220,9991
196,FERTILIZER,100,100,10000
197,WHEAT,32,32,9945
197,CARROT,37,37,9977
197,TOMATO,63,63,9977
197,STRAWBERRY,182,181,9945
197,MELON,270,270,9991
197,EGG,52,52,9959
197,MILK,186,186,9991
197,WOOL,220,220,9991
197,FERTILIZER,100,100,10000
198,WHEAT,32,32,9945
198,CARROT,37,37,9977
198,TOMATO,63,63,9977
198,STRAWBERRY,182,182,9945
198,MELON,270,270,9991
198,EGG,52,52,9959
198,MILK,186,186,9991
198,WOOL,220,220,9991
198,FERTILIZER,100,100,10000
199,WHEAT,32,32,9945
199,CARROT,37,37,9977
199,TOMATO,63,63,9977
199,STRAWBERRY,182,182,9945
199,MELON,270,270,9991
199,EGG,52,52,9959
199,MILK,186,186,9991
199,WOOL,220,220,9991
199,FERTILIZER,100,100,10000
200,WHEAT,32,32,9945
200,CARROT,37,37,9977
200,TOMATO,63,63,9977
200,STRAWBERRY,182,182,9945
200,MELON,270,270,9991
200,EGG,52,52,9959
200,MILK,186,186,9991
200,WOOL,220,220,9991
200,FERTILIZER,100,100,10000
201,WHEAT,33,32,9943
201,CARROT,37,37,9976
201,TOMATO,63,63,9976
201,STRAWBERRY,183,182,9943
201,MELON,270,270,9991
201,EGG,53,52,9958
201,MILK,186,186,9991
201,WOOL,220,220,9991
201,FERTILIZER,100,100,10000
202,WHEAT,33,33,9943
202,CARROT,37,37,9976
202,TOMATO,63,63,9976
202,STRAWBERRY,183,183,9943
202,MELON,270,270,9991
202,EGG,53,53,9958
202,MILK,186,186,9991
202,WOOL,220,220,9991
202,FERTILIZER,100,100,10000
203,WHEAT,33,33,9943
203,CARROT,37,37,9976
203,TOMATO,63,63,9976
203,STRAWBERRY,183,183,9943
203,MELON,270,270,9991
203,EGG,53,53,9958
203,MILK,186,186,9991
203,WOOL,220,220,9991
203,FERTILIZER,100,100,10000
204,WHEAT,33,33,9943
204,CARROT,37,37,9976
204,TOMATO,63,63,9976
204,STRAWBERRY,183,183,9943
204,MELON,270,270,9991
204,EGG,53,53,9958
204,MILK,186,186,9991
204,WOOL,220,220,9991
204,FERTILIZER,100,100,10000
205,WHEAT,33,33,9941
205,CARROT,37,37,9975
205,TOMATO,63,63,9975
205,STRAWBERRY,185,183,9941
205,MELON,270,270,9991
205,EGG,53,53,9957
205,MILK,186,186,9991
205,WOOL,220,220,9991
205,FERTILIZER,100,100,10000
206,WHEAT,33,33,9941
206,CARROT,37,37,9975
206,TOMATO,63,63,9975
206,STRAWBERRY,185,185,9941
206,MELON,270,270,9991
206,EGG,53,53,9957
206,MILK,186,186,9991
206,WOOL,220,220,9991
206,FERTILIZER,100,100,10000
207,WHEAT,33,33,9941
207,CARROT,37,37,9975
207,TOMATO,63,63,9975
207,STRAWBERRY,185,185,9941
207,MELON,270,270,9991
207,EGG,53,53,9957
207,MILK,186,186,9991
207,WOOL,220,220,9991
207,FERTILIZER,100,100,10000
208,WHEAT,33,33,9941
208,CARROT,37,37,9975
208,TOMATO,63,63,9975
208,STRAWBERRY,185,185,9941
208,MELON,270,270,9991
208,EGG,53,53,9957
208,MILK,186,186,9991
208,WOOL,220,220,9991
208,FERTILIZER,100,100,10000
209,WHEAT,33,33,9939
209,CARROT,37,37,9974
209,TOMATO,63,63,9974
209,STRAWBERRY,186,185,9939
209,MELON,270,270,9991
209,EGG,53,53,9956
209,MILK,186,186,9991
209,WOOL,220,220,9991
209,FERTILIZER,100,100,10000
210,WHEAT,33,33,9939
210,CARROT,37,37,9974
210,TOMATO,63,63,9974
210,STRAWBERRY,186,186,9939
210,MELON,270,270,9991
210,EGG,53,53,9956
210,MILK,186,186,9991
210,WOOL,220,220,9991
210,FERTILIZER,100,100,10000
211,WHEAT,33,33,9939
211,CARROT,37,37,9974
211,TOMATO,63,63,9974
211,STRAWBERRY,186,186,9939
211,MELON,270,270,9991
211,EGG,53,53,9956
211,MILK,186,186,9991
211,WOOL,220,220,9991
211,FERTILIZER,100,100,10000
212,WHEAT,33,33,9939
212,CARROT,37,37,9974
212,TOMATO,63,63,9974
212,STRAWBERRY,186,186,9939
212,MELON,270,270,9991
212,EGG,53,53,9956
212,MILK,186,186,9991
212,WOOL,220,220,9991
212,FERTILIZER,100,100,10000
213,WHEAT,33,33,9937
213,CARROT,37,37,9973
213,TOMATO,63,63,9973
213,STRAWBERRY,187,186,9937
213,MELON,270,270,9991
213,EGG,53,53,9955
213,MILK,186,186,9991
213,WOOL,220,220,9991
213,FERTILIZER,100,100,10000
214,WHEAT,33,33,9937
214,CARROT,37,37,9973
214,TOMATO,63,63,9973
214,STRAWBERRY,187,187,9937
214,MELON,270,270,9991
214,EGG,53,53,9955
214,MILK,186,186,9991
214,WOOL,220,220,9991
214,FERTILIZER,100,100,10000
215,WHEAT,33,33,9937
215,CARROT,37,37,9973
215,TOMATO,63,63,9973
215,STRAWBERRY,187,187,9937
215,MELON,270,270,9991
215,EGG,53,53,9955
215,MILK,186,186,9991
215,WOOL,220,220,9991
215,FERTILIZER,100,100,10000
216,WHEAT,33,33,9937
216,CARROT,37,37,9973
216,TOMATO,63,63,9973
216,STRAWBERRY,187,187,9937
216,MELON,270,270,9991
216,EGG,53,53,9955
216,MILK,186,186,9991
216,WOOL,220,220,9991
216,FERTILIZER,100,100,10000
217,WHEAT,33,33,9933
217,CARROT,37,37,9971
217,TOMATO,64,63,9970
217,STRAWBERRY,188,187,9934
217,MELON,271,270,9990
217,EGG,53,53,9953
217,MILK,189,186,9989
217,WOOL,221,220,9990
217,FERTILIZER,100,100,10000
218,WHEAT,33,33,9933
218,CARROT,37,37,9971
218,TOMATO,64,64,9970
218,STRAWBERRY,188,188,9934
218,MELON,271,271,9990
218,EGG,53,53,9953
218,MILK,189,189,9989
218,WOOL,221,221,9990
218,FERTILIZER,100,100,10000
219,WHEAT,33,33,9933
219,CARROT,37,37,9971
219,TOMATO,64,64,9970
219,STRAWBERRY,188,188,9934
219,MELON,271,271,9990
219,EGG,53,53,9953
219,MILK,189,189,9989
219,WOOL,221,221,9990
219,FERTILIZER,100,100,10000
220,WHEAT,33,33,9933
220,CARROT,37,37,9971
220,TOMATO,64,64,9970
220,STRAWBERRY,188,188,9934
220,MELON,271,271,9990
220,EGG,53,53,9953
220,MILK,189,189,9989
220,WOOL,221,221,9990
220,FERTILIZER,100,100,10000
221,WHEAT,33,33,9930
221,CARROT,37,37,9970
221,TOMATO,64,64,9968
221,STRAWBERRY,189,188,9932
221,MELON,271,271,9990
221,EGG,53,53,9952
221,MILK,190,189,9988
221,WOOL,221,221,9990
221,FERTILIZER,100,100,10000
222,WHEAT,33,33,9930
222,CARROT,37,37,9970
222,TOMATO,64,64,9968
222,STRAWBERRY,189,189,9932
222,MELON,271,271,9990
222,EGG,53,53,9952
222,MILK,190,190,9988
222,WOOL,221,221,9990
222,FERTILIZER,100,100,10000
223,WHEAT,33,33,9930
223,CARROT,37,37,9970
223,TOMATO,64,64,9968
223,STRAWBERRY,189,189,9932
223,MELON,271,271,9990
223,EGG,53,53,9952
223,MILK,190,190,9988
223,WOOL,221,221,9990
223,FERTILIZER,100,100,10000
224,WHEAT,33,33,9930
224,CARROT,37,37,9970
224,TOMATO,64,64,9968
224,STRAWBERRY,189,189,9932
224,MELON,271,271,9990
224,EGG,53,53,9952
224,MILK,190,190,9988
224,WOOL,221,221,9990
224,FERTILIZER,100,100,10000
225,WHEAT,34,33,9927
225,CARROT,37,37,9969
225,TOMATO,64,64,9966
225,STRAWBERRY,190,189,9930
225,MELON,271,271,9990
225,EGG,53,53,9951
225,MILK,191,190,9987
225,WOOL,221,221,9990
225,FERTILIZER,100,100,10000
226,WHEAT,34,34,9927
226,CARROT,37,37,9969
226,TOMATO,64,64,9966
226,STRAWBERRY,190,190,9930
226,MELON,271,271,9990
226,EGG,53,53,9951
226,MILK,191,191,9987
226,WOOL,221,221,9990
226,FERTILIZER,100,100,10000
227,WHEAT,34,34,9927
227,CARROT,37,37,9969
227,TOMATO,64,64,9966
227,STRAWBERRY,190,190,9930
227,MELON,271,271,9990
227,EGG,53,53,9951
227,MILK,191,191,9987
227,WOOL,221,221,9990
227,FERTILIZER,100,100,10000
228,WHEAT,34,34,9927
228,CARROT,37,37,9969
228,TOMATO,64,64,9966
228,STRAWBERRY,190,190,9930
228,MELON,271,271,9990
228,EGG,53,53,9951
228,MILK,191,191,9987
228,WOOL,221,221,9990
228,FERTILIZER,100,100,10000
229,WHEAT,34,34,9924
229,CARROT,37,37,9968
229,TOMATO,64,64,9964
229,STRAWBERRY,191,190,9928
229,MELON,271,271,9990
229,EGG,53,53,9950
229,MILK,193,191,9986
229,WOOL,221,221,9990
229,FERTILIZER,100,100,10000
230,WHEAT,34,34,9924
230,CARROT,37,37,9968
230,TOMATO,64,64,9964
230,STRAWBERRY,191,191,9928
230,MELON,271,271,9990
230,EGG,53,53,9950
230,MILK,193,193,9986
230,WOOL,221,221,9990
230,FERTILIZER,100,100,10000
231,WHEAT,34,34,9924
231,CARROT,37,37,9968
231,TOMATO,64,64,9964
231,STRAWBERRY,191,191,9928
231,MELON,271,271,9990
231,EGG,53,53,9950
231,MILK,193,193,9986
231,WOOL,221,221,9990
231,FERTILIZER,100,100,10000
232,WHEAT,34,34,9924
232,CARROT,37,37,9968
232,TOMATO,64,64,9964
232,STRAWBERRY,191,191,9928
232,MELON,271,271,9990
232,EGG,53,53,9950
232,MILK,193,193,9986
232,WOOL,221,221,9990
232,FERTILIZER,100,100,10000
233,WHEAT,34,34,9921
233,CARROT,38,37,9967
233,TOMATO,65,64,9962
233,STRAWBERRY,192,191,9926
233,MELON,271,271,9990
233,EGG,53,53,9949
233,MILK,194,193,9985
233,WOOL,221,221,9990
233,FERTILIZER,100,100,10000
234,WHEAT,34,34,9921
234,CARROT,38,38,9967
234,TOMATO,65,65,9962
234,STRAWBERRY,192,192,9926
234,MELON,271,271,9990
234,EGG,53,53,9949
234,MILK,194,194,9985
234,WOOL,221,221,9990
234,FERTILIZER,100,100,10000
235,WHEAT,34,34,9921
235,CARROT,38,38,9967
235,TOMATO,65,65,9962
235,STRAWBERRY,192,192,9926
235,MELON,271,271,9990
235,EGG,53,53,9949
235,MILK,194,194,9985
235,WOOL,221,221,9990
235,FERTILIZER,100,100,10000
236,WHEAT,34,34,9921
236,CARROT,38,38,9967
236,TOMATO,65,65,9962
236,STRAWBERRY,192,192,9926
236,MELON,271,271,9990
236,EGG,53,53,9949
236,MILK,194,194,9985
236,WOOL,221,221,9990
236,FERTILIZER,100,100,10000
237,WHEAT,34,34,9918
237,CARROT,38,38,9966
237,TOMATO,65,65,9960
237,STRAWBERRY,193,192,9924
237,MELON,271,271,9990
237,EGG,53,53,9948
237,MILK,195,194,9984
237,WOOL,221,221,9990
237,FERTILIZER,100,100,10000
238,WHEAT,34,34,9918
238,CARROT,38,38,9966
238,TOMATO,65,65,9960
238,STRAWBERRY,193,193,9924
238,MELON,271,271,9990
238,EGG,53,53,9948
238,MILK,195,195,9984
238,WOOL,221,221,9990
238,FERTILIZER,100,100,10000
239,WHEAT,34,34,9918
239,CARROT,38,38,9966
239,TOMATO,65,65,9960
239,STRAWBERRY,193,193,9924
239,MELON,271,271,9990
239,EGG,53,53,9948
239,MILK,195,195,9984
239,WOOL,221,221,9990
239,FERTILIZER,100,100,10000
240,WHEAT,34,34,9918
240,CARROT,38,38,9966
240,TOMATO,65,65,9960
240,STRAWBERRY,193,193,9924
240,MELON,271,271,9990
240,EGG,53,53,9948
240,MILK,195,195,9984
240,WOOL,221,221,9990
240,FERTILIZER,100,100,10000
241,WHEAT,34,34,9914
241,CARROT,38,38,9964
241,TOMATO,65,65,9957
241,STRAWBERRY,195,193,9921
241,MELON,272,271,9989
241,EGG,53,53,9946
241,MILK,197,195,9982
241,WOOL,221,221,9989
241,FERTILIZER,100,100,10000
242,WHEAT,34,34,9914
242,CARROT,38,38,9964
242,TOMATO,65,65,9957
242,STRAWBERRY,195,195,9921
242,MELON,272,272,9989
242,EGG,53,53,9946
242,MILK,197,197,9982
242,WOOL,221,221,9989
242,FERTILIZER,100,100,10000
243,WHEAT,34,34,9914
243,CARROT,38,38,9964
243,TOMATO,65,65,9957
243,STRAWBERRY,195,195,9921
243,MELON,272,272,9989
243,EGG,53,53,9946
243,MILK,197,197,9982
243,WOOL,221,221,9989
243,FERTILIZER,100,100,10000
244,WHEAT,34,34,9914
244,CARROT,38,38,9964
244,TOMATO,65,65,9957
244,STRAWBERRY,195,195,9921
244,MELON,272,272,9989
244,EGG,53,53,9946
244,MILK,197,197,9982
244,WOOL,221,221,9989
244,FERTILIZER,100,100,10000
245,WHEAT,34,34,9911
245,CARROT,38,38,9963
245,TOMATO,65,65,9955
245,STRAWBERRY,196,195,9919
245,MELON,272,272,9989
245,EGG,53,53,9945
245,MILK,198,197,9981
245,WOOL,221,221,9989
245,FERTILIZER,100,100,10000
246,WHEAT,34,34,9911
246,CARROT,38,38,9963
246,TOMATO,65,65,9955
246,STRAWBERRY,196,196,9919
246,MELON,272,272,9989
246,EGG,53,53,9945
246,MILK,198,198,9981
246,WOOL,221,221,9989
246,FERTILIZER,100,100,10000
247,WHEAT,34,34,9911
247,CARROT,38,38,9963
247,TOMATO,65,65,9955
247,STRAWBERRY,196,196,9919
247,MELON,272,272,9989
247,EGG,53,53,9945
247,MILK,198,198,9981
247,WOOL,221,221,9989
247,FERTILIZER,100,100,10000
248,WHEAT,34,34,9911
248,CARROT,38,38,9963
248,TOMATO,65,65,9955
248,STRAWBERRY,196,196,9919
248,MELON,272,272,9989
248,EGG,53,53,9945
248,MILK,198,198,9981
248,WOOL,221,221,9989
248,FERTILIZER,100,100,10000
249,WHEAT,35,34,9908
249,CARROT,38,38,9962
249,TOMATO,66,65,9953
249,STRAWBERRY,197,196,9917
249,MELON,272,272,9989
249,EGG,53,53,9944
249,MILK,199,198,9980
249,WOOL,221,221,9989
249,FERTILIZER,100,100,10000
250,WHEAT,35,35,9908
250,CARROT,38,38,9962
250,TOMATO,66,66,9953
250,STRAWBERRY,197,197,9917
250,MELON,272,272,9989
250,EGG,53,53,9944
250,MILK,199,199,9980
250,WOOL,221,221,9989
250,FERTILIZER,100,100,10000
251,WHEAT,35,35,9908
251,CARROT,38,38,9962
251,TOMATO,66,66,9953
251,STRAWBERRY,197,197,9917
251,MELON,272,272,9989
251,EGG,53,53,9944
251,MILK,199,199,9980
251,WOOL,221,221,9989
251,FERTILIZER,100,100,10000
252,WHEAT,35,35,9908
252,CARROT,38,38,9962
252,TOMATO,66,66,9953
252,STRAWBERRY,197,197,9917
252,MELON,272,272,9989
252,EGG,53,53,9944
252,MILK,199,199,9980
252,WOOL,221,221,9989
252,FERTILIZER,100,100,10000
253,WHEAT,35,35,9905
253,CARROT,38,38,9961
253,TOMATO,66,66,9951
253,STRAWBERRY,197,197,9915
253,MELON,272,272,9989
253,EGG,53,53,9943
253,MILK,200,199,9979
253,WOOL,221,221,9989
253,FERTILIZER,100,100,10000
254,WHEAT,35,35,9905
254,CARROT,38,38,9961
254,TOMATO,66,66,9951
254,STRAWBERRY,197,197,9915
254,MELON,272,272,9989
254,EGG,53,53,9943
254,MILK,200,200,9979
254,WOOL,221,221,9989
254,FERTILIZER,100,100,10000
255,WHEAT,35,35,9905
255,CARROT,38,38,9961
255,TOMATO,66,66,9951
255,STRAWBERRY,197,197,9915
255,MELON,272,272,9989
255,EGG,53,53,9943
255,MILK,200,200,9979
255,WOOL,221,221,9989
255,FERTILIZER,100,100,10000
256,WHEAT,35,35,9905
256,CARROT,38,38,9961
256,TOMATO,66,66,9951
256,STRAWBERRY,197,197,9915
256,MELON,272,272,9989
256,EGG,53,53,9943
256,MILK,200,200,9979
256,WOOL,221,221,9989
256,FERTILIZER,100,100,10000
257,WHEAT,35,35,9902
257,CARROT,38,38,9960
257,TOMATO,66,66,9949
257,STRAWBERRY,198,197,9913
257,MELON,272,272,9989
257,EGG,53,53,9942
257,MILK,201,200,9978
257,WOOL,221,221,9989
257,FERTILIZER,100,100,10000
258,WHEAT,35,35,9902
258,CARROT,38,38,9960
258,TOMATO,66,66,9949
258,STRAWBERRY,198,198,9913
258,MELON,272,272,9989
258,EGG,53,53,9942
258,MILK,201,201,9978
258,WOOL,221,221,9989
258,FERTILIZER,100,100,10000
259,WHEAT,35,35,9902
259,CARROT,38,38,9960
259,TOMATO,66,66,9949
259,STRAWBERRY,198,198,9913
259,MELON,272,272,9989
259,EGG,53,53,9942
259,MILK,201,201,9978
259,WOOL,221,221,9989
259,FERTILIZER,100,100,10000
260,WHEAT,35,35,9902
260,CARROT,38,38,9960
260,TOMATO,66,66,9949
260,STRAWBERRY,198,198,9913
260,MELON,272,272,9989
260,EGG,53,53,9942
260,MILK,201,201,9978
260,WOOL,221,221,9989
260,FERTILIZER,100,100,10000
261,WHEAT,35,35,9899
261,CARROT,38,38,9959
261,TOMATO,66,66,9947
261,STRAWBERRY,199,198,9911
261,MELON,272,272,9989
261,EGG,54,53,9941
261,MILK,202,201,9977
261,WOOL,221,221,9989
261,FERTILIZER,100,100,10000
262,WHEAT,35,35,9899
262,CARROT,38,38,9959
262,TOMATO,66,66,9947
262,STRAWBERRY,199,199,9911
262,MELON,272,272,9989
262,EGG,54,54,9941
262,MILK,202,202,9977
262,WOOL,221,221,9989
262,FERTILIZER,100,100,10000
263,WHEAT,35,35,9899
263,CARROT,38,38,9959
263,TOMATO,66,66,9947
263,STRAWBERRY,199,199,9911
263,MELON,272,272,9989
263,EGG,54,54,9941
263,MILK,202,202,9977
263,WOOL,221,221,9989
263,FERTILIZER,100,100,10000
264,WHEAT,35,35,9899
264,CARROT,38,38,9959
264,TOMATO,66,66,9947
264,STRAWBERRY,199,199,9911
264,MELON,272,272,9989
264,EGG,54,54,9941
264,MILK,202,202,9977
264,WOOL,221,221,9989
264,FERTILIZER,100,100,10000
265,WHEAT,35,35,9895
265,CARROT,38,38,9957
265,TOMATO,67,66,9944
265,STRAWBERRY,201,199,9908
265,MELON,272,272,9988
265,EGG,54,54,9939
265,MILK,203,202,9975
265,WOOL,222,221,9988
265,FERTILIZER,100,100,10000
266,WHEAT,35,35,9895
266,CARROT,38,38,9957
266,TOMATO,67,67,9944
266,STRAWBERRY,201,201,9908
266,MELON,272,272,9988
266,EGG,54,54,9939
266,MILK,203,203,9975
266,WOOL,222,222,9988
266,FERTILIZER,100,100,10000
267,WHEAT,35,35,9895
267,CARROT,38,38,9957
267,TOMATO,67,67,9944
267,STRAWBERRY,201,201,9908
267,MELON,272,272,9988
267,EGG,54,54,9939
267,MILK,203,203,9975
267,WOOL,222,222,9988
267,FERTILIZER,100,100,10000
268,WHEAT,35,35,9895
268,CARROT,38,38,9957
268,TOMATO,67,67,9944
268,STRAWBERRY,201,201,9908
268,MELON,272,272,9988
268,EGG,54,54,9939
268,MILK,203,203,9975
268,WOOL,222,222,9988
268,FERTILIZER,100,100,10000
269,WHEAT,35,35,9892
269,CARROT,38,38,9956
269,TOMATO,67,67,9942
269,STRAWBERRY,201,201,9906
269,MELON,272,272,9988
269,EGG,54,54,9938
269,MILK,204,203,9974
269,WOOL,222,222,9988
269,FERTILIZER,100,100,10000
270,WHEAT,35,35,9892
270,CARROT,38,38,9956
270,TOMATO,67,67,9942
270,STRAWBERRY,201,201,9906
270,MELON,272,272,9988
270,EGG,54,54,9938
270,MILK,204,204,9974
270,WOOL,222,222,9988
270,FERTILIZER,100,100,10000
271,WHEAT,35,35,9892
271,CARROT,38,38,9956
271,TOMATO,67,67,9942
271,STRAWBERRY,201,201,9906
271,MELON,272,272,9988
271,EGG,54,54,9938
271,MILK,204,204,9974
271,WOOL,222,222,9988
271,FERTILIZER,100,100,10000
272,WHEAT,35,35,9892
272,CARROT,38,38,9956
272,TOMATO,67,67,9942
272,STRAWBERRY,201,201,9906
272,MELON,272,272,9988
272,EGG,54,54,9938
272,MILK,204,204,9974
272,WOOL,222,222,9988
272,FERTILIZER,100,100,10000
273,WHEAT,36,35,9889
273,CARROT,38,38,9955
273,TOMATO,67,67,9940
273,STRAWBERRY,202,201,9904
273,MELON,272,272,9988
273,EGG,54,54,9937
273,MILK,205,204,9973
273,WOOL,222,222,9988
273,FERTILIZER,100,100,10000
274,WHEAT,36,36,9889
274,CARROT,38,38,9955
274,TOMATO,67,67,9940
274,STRAWBERRY,202,202,9904
274,MELON,272,272,9988
274,EGG,54,54,9937
274,MILK,205,205,9973
274,WOOL,222,222,9988
274,FERTILIZER,100,100,10000
275,WHEAT,36,36,9889
275,CARROT,38,38,9955
275,TOMATO,67,67,9940
275,STRAWBERRY,202,202,9904
275,MELON,272,272,9988
275,EGG,54,54,9937
275,MILK,205,205,9973
275,WOOL,222,222,9988
275,FERTILIZER,100,100,10000
276,WHEAT,36,36,9889
276,CARROT,38,38,9955
276,TOMATO,67,67,9940
276,STRAWBERRY,202,202,9904
276,MELON,272,272,9988
276,EGG,54,54,9937
276,MILK,205,205,9973
276,WOOL,222,222,9988
276,FERTILIZER,100,100,10000
277,WHEAT,36,36,9886
277,CARROT,39,38,9954
277,TOMATO,67,67,9938
277,STRAWBERRY,203,202,9902
277,MELON,272,272,9988
277,EGG,54,54,9936
277,MILK,206,205,9972
277,WOOL,222,222,9988
277,FERTILIZER,100,100,10000
278,WHEAT,36,36,9886
278,CARROT,39,39,9954
278,TOMATO,67,67,9938
278,STRAWBERRY,203,203,9902
278,MELON,272,272,9988
278,EGG,54,54,9936
278,MILK,206,206,9972
278,WOOL,222,222,9988
278,FERTILIZER,100,100,10000
279,WHEAT,36,36,9886
279,CARROT,39,39,9954
279,TOMATO,67,67,9938
279,STRAWBERRY,203,203,9902
279,MELON,272,272,9988
279,EGG,54,54,9936
279,MILK,206,206,9972
279,WOOL,222,222,9988
279,FERTILIZER,100,100,10000
280,WHEAT,36,36,9886
280,CARROT,39,39,9954
280,TOMATO,67,67,9938
280,STRAWBERRY,203,203,9902
280,MELON,272,272,9988
280,EGG,54,54,9936
280,MILK,206,206,9972
280,WOOL,222,222,9988
280,FERTILIZER,100,100,10000
281,WHEAT,36,36,9883
281,CARROT,39,39,9953
281,TOMATO,68,67,9936
281,STRAWBERRY,204,203,9900
281,MELON,272,272,9988
281,EGG,54,54,9935
281,MILK,207,206,9971
281,WOOL,222,222,9988
281,FERTILIZER,100,100,10000
282,WHEAT,36,36,9883
282,CARROT,39,39,9953
282,TOMATO,68,68,9936
282,STRAWBERRY,204,204,9900
282,MELON,272,272,9988
282,EGG,54,54,9935
282,MILK,207,207,9971
282,WOOL,222,222,9988
282,FERTILIZER,100,100,10000
283,WHEAT,36,36,9883
283,CARROT,39,39,9953
283,TOMATO,68,68,9936
283,STRAWBERRY,204,204,9900
283,MELON,272,272,9988
283,EGG,54,54,9935
283,MILK,207,207,9971
283,WOOL,222,222,9988
283,FERTILIZER,100,100,10000
284,WHEAT,36,36,9883
284,CARROT,39,39,9953
284,TOMATO,68,68,9936
284,STRAWBERRY,204,204,9900
284,MELON,272,272,9988
284,EGG,54,54,9935
284,MILK,207,207,9971
284,WOOL,222,222,9988
284,FERTILIZER,100,100,10000
285,WHEAT,36,36,9880
285,CARROT,39,39,9952
285,TOMATO,68,68,9934
285,STRAWBERRY,205,204,9898
285,MELON,272,272,9988
285,EGG,54,54,9934
285,MILK,208,207,9970
285,WOOL,222,222,9988
285,FERTILIZER,100,100,10000
286,WHEAT,36,36,9880
286,CARROT,39,39,9952
286,TOMATO,68,68,9934
286,STRAWBERRY,205,205,9898
286,MELON,272,272,9988
286,EGG,54,54,9934
286,MILK,208,208,9970
286,WOOL,222,222,9988
286,FERTILIZER,100,100,10000
287,WHEAT,36,36,9880
287,CARROT,39,39,9952
287,TOMATO,68,68,9934
287,STRAWBERRY,205,205,9898
287,MELON,272,272,9988
287,EGG,54,54,9934
287,MILK,208,208,9970
287,WOOL,222,222,9988
287,FERTILIZER,100,100,10000
288,WHEAT,36,36,9880
288,CARROT,39,39,9952
288,TOMATO,68,68,9934
288,STRAWBERRY,205,205,9898
288,MELON,272,272,9988
288,EGG,54,54,9934
288,MILK,208,208,9970
288,WOOL,222,222,9988
288,FERTILIZER,100,100,10000
289,WHEAT,36,36,9875
289,CARROT,39,39,9949
289,TOMATO,68,68,9930
289,STRAWBERRY,206,205,9894
289,MELON,273,272,9987
289,EGG,54,54,9932
289,MILK,209,208,9968
289,WOOL,223,222,9987
289,FERTILIZER,100,100,10000
290,WHEAT,36,36,9875
290,CARROT,39,39,9949
290,TOMATO,68,68,9930
290,STRAWBERRY,206,206,9894
290,MELON,273,273,9987
290,EGG,54,54,9932
290,MILK,209,209,9968
290,WOOL,223,223,9987
290,FERTILIZER,100,100,10000
291,WHEAT,36,36,9875
291,CARROT,39,39,9949
291,TOMATO,68,68,9930
291,STRAWBERRY,206,206,9894
291,MELON,273,273,9987
291,EGG,54,54,9932
291,MILK,209,209,9968
291,WOOL,223,223,9987
291,FERTILIZER,100,100,10000
292,WHEAT,36,36,9875
292,CARROT,39,39,9949
292,TOMATO,68,68,9930
292,STRAWBERRY,206,206,9894
292,MELON,273,273,9987
292,EGG,54,54,9932
292,MILK,209,209,9968
292,WOOL,223,223,9987
292,FERTILIZER,100,100,10000
293,WHEAT,36,36,9871
293,CARROT,39,39,9947
293,TOMATO,69,68,9927
293,STRAWBERRY,208,206,9891
293,MELON,273,273,9987
293,EGG,54,54,9931
293,MILK,210,209,9967
293,WOOL,223,223,9987
293,FERTILIZER,100,100,10000
294,WHEAT,36,36,9871
294,CARROT,39,39,9947
294,TOMATO,69,69,9927
294,STRAWBERRY,208,208,9891
294,MELON,273,273,9987
294,EGG,54,54,9931
294,MILK,210,210,9967
294,WOOL,223,223,9987
294,FERTILIZER,100,100,10000
295,WHEAT,36,36,9871
295,CARROT,39,39,9947
295,TOMATO,69,69,9927
295,STRAWBERRY,208,208,9891
295,MELON,273,273,9987
295,EGG,54,54,9931
295,MILK,210,210,9967
295,WOOL,223,223,9987
295,FERTILIZER,100,100,10000
296,WHEAT,36,36,9871
296,CARROT,39,39,9947
296,TOMATO,69,69,9927
296,STRAWBERRY,208,208,9891
296,MELON,273,273,9987
296,EGG,54,54,9931
296,MILK,210,210,9967
296,WOOL,223,223,9987
296,FERTILIZER,100,100,10000
297,WHEAT,37,36,9867
297,CARROT,39,39,9945
297,TOMATO,69,69,9924
297,STRAWBERRY,209,208,9888
297,MELON,273,273,9987
297,EGG,54,54,9930
297,MILK,211,210,9966
297,WOOL,223,223,9987
297,FERTILIZER,100,100,10000
298,WHEAT,37,37,9867
298,CARROT,39,39,9945
298,TOMATO,69,69,9924
298,STRAWBERRY,209,209,9888
298,MELON,273,273,9987
298,EGG,54,54,9930
298,MILK,211,211,9966
298,WOOL,223,223,9987
298,FERTILIZER,100,100,10000
299,WHEAT,37,37,9867
299,CARROT,39,39,9945
299,TOMATO,69,69,9924
299,STRAWBERRY,209,209,9888
299,MELON,273,273,9987
299,EGG,54,54,9930
299,MILK,211,211,9966
299,WOOL,223,223,9987
299,FERTILIZER,100,100,10000
300,WHEAT,37,37,9867
300,CARROT,39,39,9945
300,TOMATO,69,69,9924
300,STRAWBERRY,209,209,9888
300,MELON,273,273,9987
300,EGG,54,54,9930
300,MILK,211,211,9966
300,WOOL,223,223,9987
300,FERTILIZER,100,100,10000
301,WHEAT,37,37,9863
301,CARROT,39,39,9943
301,TOMATO,69,69,9921
301,STRAWBERRY,210,209,9885
301,MELON,273,273,9987
301,EGG,54,54,9929
301,MILK,211,211,9965
301,WOOL,223,223,9987
301,FERTILIZER,100,100,10000
302,WHEAT,37,37,9863
302,CARROT,39,39,9943
302,TOMATO,69,69,9921
302,STRAWBERRY,210,210,9885
302,MELON,273,273,9987
302,EGG,54,54,9929
302,MILK,211,211,9965
302,WOOL,223,223,9987
302,FERTILIZER,100,100,10000
303,WHEAT,37,37,9863
303,CARROT,39,39,9943
303,TOMATO,69,69,9921
303,STRAWBERRY,210,210,9885
303,MELON,273,273,9987
303,EGG,54,54,9929
303,MILK,211,211,9965
303,WOOL,223,223,9987
303,FERTILIZER,100,100,10000
304,WHEAT,37,37,9863
304,CARROT,39,39,9943
304,TOMATO,69,69,9921
304,STRAWBERRY,210,210,9885
304,MELON,273,273,9987
304,EGG,54,54,9929
304,MILK,211,211,9965
304,WOOL,223,223,9987
304,FERTILIZER,100,100,10000
305,WHEAT,37,37,9859
305,CARROT,40,39,9941
305,TOMATO,70,69,9918
305,STRAWBERRY,211,210,9882
305,MELON,273,273,9987
305,EGG,54,54,9928
305,MILK,212,211,9964
305,WOOL,223,223,9987
305,FERTILIZER,100,100,10000
306,WHEAT,37,37,9859
306,CARROT,40,40,9941
306,TOMATO,70,70,9918
306,STRAWBERRY,211,211,9882
306,MELON,273,273,9987
306,EGG,54,54,9928
306,MILK,212,212,9964
306,WOOL,223,223,9987
306,FERTILIZER,100,100,10000
307,WHEAT,37,37,9859
307,CARROT,40,40,9941
307,TOMATO,70,70,9918
307,STRAWBERRY,211,211,9882
307,MELON,273,273,9987
307,EGG,54,54,9928
307,MILK,212,212,9964
307,WOOL,223,223,9987
307,FERTILIZER,100,100,10000
308,WHEAT,37,37,9859
308,CARROT,40,40,9941
308,TOMATO,70,70,9918
308,STRAWBERRY,211,211,9882
308,MELON,273,273,9987
308,EGG,54,54,9928
308,MILK,212,212,9964
308,WOOL,223,223,9987
308,FERTILIZER,100,100,10000
309,WHEAT,37,37,9855
309,CARROT,40,40,9939
309,TOMATO,70,70,9915
309,STRAWBERRY,212,211,9879
309,MELON,273,273,9987
309,EGG,54,54,9927
309,MILK,213,212,9963
309,WOOL,223,223,9987
309,FERTILIZER,100,100,10000
310,WHEAT,37,37,9855
310,CARROT,40,40,9939
310,TOMATO,70,70,9915
310,STRAWBERRY,212,212,9879
310,MELON,273,273,9987
310,EGG,54,54,9927
310,MILK,213,213,9963
310,WOOL,223,223,9987
310,FERTILIZER,100,100,10000
311,WHEAT,37,37,9855
311,CARROT,40,40,9939
311,TOMATO,70,70,9915
311,STRAWBERRY,212,212,9879
311,MELON,273,273,9987
311,EGG,54,54,9927
311,MILK,213,213,9963
311,WOOL,223,223,9987
311,FERTILIZER,100,100,10000
312,WHEAT,37,37,9855
312,CARROT,40,40,9939
312,TOMATO,70,70,9915
312,STRAWBERRY,212,212,9879
312,MELON,273,273,9987
312,EGG,54,54,9927
312,MILK,213,213,9963
312,WOOL,223,223,9987
312,FERTILIZER,100,100,10000
313,WHEAT,37,37,9850
313,CARROT,40,40,9936
313,TOMATO,71,70,9911
313,STRAWBERRY,214,212,9875
313,MELON,274,273,9986
313,EGG,55,54,9925
313,MILK,214,213,9961
313,WOOL,223,223,9986
313,FERTILIZER,100,100,10000
314,WHEAT,37,37,9850
314,CARROT,40,40,9936
314,TOMATO,71,71,9911
314,STRAWBERRY,214,214,9875
314,MELON,274,274,9986
314,EGG,55,55,9925
314,MILK,214,214,9961
314,WOOL,223,223,9986
314,FERTILIZER,100,100,10000
315,WHEAT,37,37,9850
315,CARROT,40,40,9936
315,TOMATO,71,71,9911
315,STRAWBERRY,214,214,9875
315,MELON,274,274,9986
315,EGG,55,55,9925
315,MILK,214,214,9961
315,WOOL,223,223,9986
315,FERTILIZER,100,100,10000
316,WHEAT,37,37,9850
316,CARROT,40,40,9936
316,TOMATO,71,71,9911
316,STRAWBERRY,214,214,9875
316,MELON,274,274,9986
316,EGG,55,55,9925
316,MILK,214,214,9961
316,WOOL,223,223,9986
316,FERTILIZER,100,100,10000
317,WHEAT,37,37,9846
317,CARROT,40,40,9934
317,TOMATO,71,71,9908
317,STRAWBERRY,215,214,9872
317,MELON,274,274,9986
317,EGG,55,55,9924
317,MILK,215,214,9960
317,WOOL,223,223,9986
317,FERTILIZER,100,100,10000
318,WHEAT,37,37,9846
318,CARROT,40,40,9934
318,TOMATO,71,71,9908
318,STRAWBERRY,215,215,9872
318,MELON,274,274,9986
318,EGG,55,55,9924
318,MILK,215,215,9960
318,WOOL,223,223,9986
318,FERTILIZER,100,100,10000
319,WHEAT,37,37,9846
319,CARROT,40,40,9934
319,TOMATO,71,71,9908
319,STRAWBERRY,215,215,9872
319,MELON,274,274,9986
319,EGG,55,55,9924
319,MILK,215,215,9960
319,WOOL,223,223,9986
319,FERTILIZER,100,100,10000
320,WHEAT,37,37,9846
320,CARROT,40,40,9934
320,TOMATO,71,71,9908
320,STRAWBERRY,215,215,9872
320,MELON,274,274,9986
320,EGG,55,55,9924
320,MILK,215,215,9960
320,WOOL,223,223,9986
320,FERTILIZER,100,100,10000
321,WHEAT,38,37,9842
321,CARROT,40,40,9932
321,TOMATO,71,71,9905
321,STRAWBERRY,216,215,9869
321,MELON,274,274,9986
321,EGG,55,55,9923
321,MILK,216,215,9959
321,WOOL,223,223,9986
321,FERTILIZER,100,100,10000
322,WHEAT,38,38,9842
322,CARROT,40,40,9932
322,TOMATO,71,71,9905
322,STRAWBERRY,216,216,9869
322,MELON,274,274,9986
322,EGG,55,55,9923
322,MILK,216,216,9959
322,WOOL,223,223,9986
322,FERTILIZER,100,100,10000
323,WHEAT,38,38,9842
323,CARROT,40,40,9932
323,TOMATO,71,71,9905
323,STRAWBERRY,216,216,9869
323,MELON,274,274,9986
323,EGG,55,55,9923
323,MILK,216,216,9959
323,WOOL,223,223,9986
323,FERTILIZER,100,100,10000
324,WHEAT,38,38,9842
324,CARROT,40,40,9932
324,TOMATO,71,71,9905
324,STRAWBERRY,216,216,9869
324,MELON,274,274,9986
324,EGG,55,55,9923
324,MILK,216,216,9959
324,WOOL,223,223,9986
324,FERTILIZER,100,100,10000
325,WHEAT,38,38,9838
325,CARROT,40,40,9930
325,TOMATO,72,71,9902
325,STRAWBERRY,217,216,9866
325,MELON,274,274,9986
325,EGG,55,55,9922
325,MILK,216,216,9958
325,WOOL,223,223,9986
325,FERTILIZER,100,100,10000
326,WHEAT,38,38,9838
326,CARROT,40,40,9930
326,TOMATO,72,72,9902
326,STRAWBERRY,217,217,9866
326,MELON,274,274,9986
326,EGG,55,55,9922
326,MILK,216,216,9958
326,WOOL,223,223,9986
326,FERTILIZER,100,100,10000
327,WHEAT,38,38,9838
327,CARROT,40,40,9930
327,TOMATO,72,72,9902
327,STRAWBERRY,217,217,9866
327,MELON,274,274,9986
327,EGG,55,55,9922
327,MILK,216,216,9958
327,WOOL,223,223,9986
327,FERTILIZER,100,100,10000
328,WHEAT,38,38,9838
328,CARROT,40,40,9930
328,TOMATO,72,72,9902
328,STRAWBERRY,217,217,9866
328,MELON,274,274,9986
328,EGG,55,55,9922
328,MILK,216,216,9958
328,WOOL,223,223,9986
328,FERTILIZER,100,100,10000
329,WHEAT,38,38,9834
329,CARROT,41,40,9928
329,TOMATO,72,72,9899
329,STRAWBERRY,218,217,9863
329,MELON,274,274,9986
329,EGG,55,55,9921
329,MILK,217,216,9957
329,WOOL,223,223,9986
329,FERTILIZER,100,100,10000
330,WHEAT,38,38,9834
330,CARROT,41,41,9928
330,TOMATO,72,72,9899
330,STRAWBERRY,218,218,9863
330,MELON,274,274,9986
330,EGG,55,55,9921
330,MILK,217,217,9957
330,WOOL,223,223,9986
330,FERTILIZER,100,100,10000
331,WHEAT,38,38,9834
331,CARROT,41,41,9928
331,TOMATO,72,72,9899
331,STRAWBERRY,218,218,9863
331,MELON,274,274,9986
331,EGG,55,55,9921
331,MILK,217,217,9957
331,WOOL,223,223,9986
331,FERTILIZER,100,100,10000
332,WHEAT,38,38,9834
332,CARROT,41,41,9928
332,TOMATO,72,72,9899
332,STRAWBERRY,218,218,9863
332,MELON,274,274,9986
332,EGG,55,55,9921
332,MILK,217,217,9957
332,WOOL,223,223,9986
332,FERTILIZER,100,100,10000
333,WHEAT,38,38,9830
333,CARROT,41,41,9926
333,TOMATO,72,72,9896
333,STRAWBERRY,219,218,9860
333,MELON,274,274,9986
333,EGG,55,55,9920
333,MILK,218,217,9956
333,WOOL,223,223,9986
333,FERTILIZER,100,100,10000
334,WHEAT,38,38,9830
334,CARROT,41,41,9926
334,TOMATO,72,72,9896
334,STRAWBERRY,219,219,9860
334,MELON,274,274,9986
334,EGG,55,55,9920
334,MILK,218,218,9956
334,WOOL,223,223,9986
334,FERTILIZER,100,100,10000
335,WHEAT,38,38,9830
335,CARROT,41,41,9926
335,TOMATO,72,72,9896
335,STRAWBERRY,219,219,9860
335,MELON,274,274,9986
335,EGG,55,55,9920
335,MILK,218,218,9956
335,WOOL,223,223,9986
335,FERTILIZER,100,100,10000
336,WHEAT,38,38,9830
336,CARROT,41,41,9926
336,TOMATO,72,72,9896
336,STRAWBERRY,219,219,9860
336,MELON,274,274,9986
336,EGG,55,55,9920
336,MILK,218,218,9956
336,WOOL,223,223,9986
336,FERTILIZER,100,100,10000
337,WHEAT,38,38,9825
337,CARROT,41,41,9923
337,TOMATO,73,72,9892
337,STRAWBERRY,221,219,9856
337,MELON,274,274,9985
337,EGG,55,55,9918
337,MILK,219,218,9954
337,WOOL,224,223,9985
337,FERTILIZER,100,100,10000
338,WHEAT,38,38,9825
338,CARROT,41,41,9923
338,TOMATO,73,73,9892
338,STRAWBERRY,221,221,9856
338,MELON,274,274,9985
338,EGG,55,55,9918
338,MILK,219,219,9954
338,WOOL,224,224,9985
338,FERTILIZER,100,100,10000
339,WHEAT,38,38,9825
339,CARROT,41,41,9923
339,TOMATO,73,73,9892
339,STRAWBERRY,221,221,9856
339,MELON,274,274,9985
339,EGG,55,55,9918
339,MILK,219,219,9954
339,WOOL,224,224,9985
339,FERTILIZER,100,100,10000
340,WHEAT,38,38,9825
340,CARROT,41,41,9923
340,TOMATO,73,73,9892
340,STRAWBERRY,221,221,9856
340,MELON,274,274,9985
340,EGG,55,55,9918
340,MILK,219,219,9954
340,WOOL,224,224,9985
340,FERTILIZER,100,100,10000
341,WHEAT,38,38,9821
341,CARROT,41,41,9921
341,TOMATO,73,73,9889
341,STRAWBERRY,222,221,9853
341,MELON,274,274,9985
341,EGG,55,55,9917
341,MILK,220,219,9953
341,WOOL,224,224,9985
341,FERTILIZER,100,100,10000
342,WHEAT,38,38,9821
342,CARROT,41,41,9921
342,TOMATO,73,73,9889
342,STRAWBERRY,222,222,9853
342,MELON,274,274,9985
342,EGG,55,55,9917
342,MILK,220,220,9953
342,WOOL,224,224,9985
342,FERTILIZER,100,100,10000
343,WHEAT,38,38,9821
343,CARROT,41,41,9921
343,TOMATO,73,73,9889
343,STRAWBERRY,222,222,9853
343,MELON,274,274,9985
343,EGG,55,55,9917
343,MILK,220,220,9953
343,WOOL,224,224,9985
343,FERTILIZER,100,100,10000
344,WHEAT,38,38,9821
344,CARROT,41,41,9921
344,TOMATO,73,73,9889
344,STRAWBERRY,222,222,9853
344,MELON,274,274,9985
344,EGG,55,55,9917
344,MILK,220,220,9953
344,WOOL,224,224,9985
344,FERTILIZER,100,100,10000
345,WHEAT,39,38,9817
345,CARROT,41,41,9919
345,TOMATO,74,73,9886
345,STRAWBERRY,223,222,9850
345,MELON,274,274,9985
345,EGG,55,55,9916
345,MILK,220,220,9952
345,WOOL,224,224,9985
345,FERTILIZER,100,100,10000
346,WHEAT,39,39,9817
346,CARROT,41,41,9919
346,TOMATO,74,74,9886
346,STRAWBERRY,223,223,9850
346,MELON,274,274,9985
346,EGG,55,55,9916
346,MILK,220,220,9952
346,WOOL,224,224,9985
346,FERTILIZER,100,100,10000
347,WHEAT,39,39,9817
347,CARROT,41,41,9919
347,TOMATO,74,74,9886
347,STRAWBERRY,223,223,9850
347,MELON,274,274,9985
347,EGG,55,55,9916
347,MILK,220,220,9952
347,WOOL,224,224,9985
347,FERTILIZER,100,100,10000
348,WHEAT,39,39,9817
348,CARROT,41,41,9919
348,TOMATO,74,74,9886
348,STRAWBERRY,223,223,9850
348,MELON,274,274,9985
348,EGG,55,55,9916
348,MILK,220,220,9952
348,WOOL,224,224,9985
348,FERTILIZER,100,100,10000
349,WHEAT,39,39,9813
349,CARROT,41,41,9917
349,TOMATO,74,74,9883
349,STRAWBERRY,224,223,9847
349,MELON,274,274,9985
349,EGG,55,55,9915
349,MILK,221,220,9951
349,WOOL,224,224,9985
349,FERTILIZER,100,100,10000
350,WHEAT,39,39,9813
350,CARROT,41,41,9917
350,TOMATO,74,74,9883
350,STRAWBERRY,224,224,9847
350,MELON,274,274,9985
350,EGG,55,55,9915
350,MILK,221,221,9951
350,WOOL,224,224,9985
350,FERTILIZER,100,100,10000
351,WHEAT,39,39,9813
351,CARROT,41,41,9917
351,TOMATO,74,74,9883
351,STRAWBERRY,224,224,9847
351,MELON,274,274,9985
351,EGG,55,55,9915
351,MILK,221,221,9951
351,WOOL,224,224,9985
351,FERTILIZER,100,100,10000
352,WHEAT,39,39,9813
352,CARROT,41,41,9917
352,TOMATO,74,74,9883
352,STRAWBERRY,224,224,9847
352,MELON,274,274,9985
352,EGG,55,55,9915
352,MILK,221,221,9951
352,WOOL,224,224,9985
352,FERTILIZER,100,100,10000
353,WHEAT,39,39,9809
353,CARROT,42,41,9915
353,TOMATO,74,74,9880
353,STRAWBERRY,225,224,9844
353,MELON,274,274,9985
353,EGG,55,55,9914
353,MILK,221,221,9950
353,WOOL,224,224,9985
353,FERTILIZER,100,100,10000
354,WHEAT,39,39,9809
354,CARROT,42,42,9915
354,TOMATO,74,74,9880
354,STRAWBERRY,225,225,9844
354,MELON,274,274,9985
354,EGG,55,55,9914
354,MILK,221,221,9950
354,WOOL,224,224,9985
354,FERTILIZER,100,100,10000
355,WHEAT,39,39,9809
355,CARROT,42,42,9915
355,TOMATO,74,74,9880
355,STRAWBERRY,225,225,9844
355,MELON,274,274,9985
355,EGG,55,55,9914
355,MILK,221,221,9950
355,WOOL,224,224,9985
355,FERTILIZER,100,100,10000
356,WHEAT,39,39,9809
356,CARROT,42,42,9915
356,TOMATO,74,74,9880
356,STRAWBERRY,225,225,9844
356,MELON,274,274,9985
356,EGG,55,55,9914
356,MILK,221,221,9950
356,WOOL,224,224,9985
356,FERTILIZER,100,100,10000
357,WHEAT,39,39,9805
357,CARROT,42,42,9913
357,TOMATO,75,74,9877
357,STRAWBERRY,226,225,9841
357,MELON,274,274,9985
357,EGG,55,55,9913
357,MILK,222,221,9949
357,WOOL,224,224,9985
357,FERTILIZER,100,100,10000
358,WHEAT,39,39,9805
358,CARROT,42,42,9913
358,TOMATO,75,75,9877
358,STRAWBERRY,226,226,9841
358,MELON,274,274,9985
358,EGG,55,55,9913
358,MILK,222,222,9949
358,WOOL,224,224,9985
358,FERTILIZER,100,100,10000
359,WHEAT,39,39,9805
359,CARROT,42,42,9913
359,TOMATO,75,75,9877
359,STRAWBERRY,226,226,9841
359,MELON,274,274,9985
359,EGG,55,55,9913
359,MILK,222,222,9949
359,WOOL,224,224,9985
359,FERTILIZER,100,100,10000
360,WHEAT,39,39,9805
360,CARROT,42,42,9913
360,TOMATO,75,75,9877
360,STRAWBERRY,226,226,9841
360,MELON,274,274,9985
360,EGG,55,55,9913
360,MILK,222,222,9949
360,WOOL,224,224,9985
360,FERTILIZER,100,100,10000
361,WHEAT,39,39,9799
361,CARROT,42,42,9909
361,TOMATO,75,75,9872
361,STRAWBERRY,228,226,9836
361,MELON,275,274,9984
361,EGG,55,55,9911
361,MILK,223,222,9947
361,WOOL,224,224,9984
361,FERTILIZER,100,100,10000
362,WHEAT,39,39,9799
362,CARROT,42,42,9909
362,TOMATO,75,75,9872
362,STRAWBERRY,228,228,9836
362,MELON,275,275,9984
362,EGG,55,55,9911
362,MILK,223,223,9947
362,WOOL,224,224,9984
362,FERTILIZER,100,100,10000
363,WHEAT,39,39,9799
363,CARROT,42,42,9909
363,TOMATO,75,75,9872
363,STRAWBERRY,228,228,9836
363,MELON,275,275,9984
363,EGG,55,55,9911
363,MILK,223,223,9947
363,WOOL,224,224,9984
363,FERTILIZER,100,100,10000
364,WHEAT,39,39,9799
364,CARROT,42,42,9909
364,TOMATO,75,75,9872
364,STRAWBERRY,228,228,9836
364,MELON,275,275,9984
364,EGG,55,55,9911
364,MILK,223,223,9947
364,WOOL,224,224,9984
364,FERTILIZER,100,100,10000
365,WHEAT,39,39,9794
365,CARROT,42,42,9906
365,TOMATO,76,75,9868
365,STRAWBERRY,229,228,9832
365,MELON,275,275,9984
365,EGG,55,55,9910
365,MILK,224,223,9946
365,WOOL,224,224,9984
365,FERTILIZER,100,100,10000
366,WHEAT,39,39,9794
366,CARROT,42,42,9906
366,TOMATO,76,76,9868
366,STRAWBERRY,229,229,9832
366,MELON,275,275,9984
366,EGG,55,55,9910
366,MILK,224,224,9946
366,WOOL,224,224,9984
366,FERTILIZER,100,100,10000
367,WHEAT,39,39,9794
367,CARROT,42,42,9906
367,TOMATO,76,76,9868
367,STRAWBERRY,229,229,9832
367,MELON,275,275,9984
367,EGG,55,55,9910
367,MILK,224,224,9946
367,WOOL,224,224,9984
367,FERTILIZER,100,100,10000
368,WHEAT,39,39,9794
368,CARROT,42,42,9906
368,TOMATO,76,76,9868
368,STRAWBERRY,229,229,9832
368,MELON,275,275,9984
368,EGG,55,55,9910
368,MILK,224,224,9946
368,WOOL,224,224,9984
368,FERTILIZER,100,100,10000
369,WHEAT,40,39,9789
369,CARROT,43,42,9903
369,TOMATO,76,76,9864
369,STRAWBERRY,230,229,9828
369,MELON,275,275,9984
369,EGG,55,55,9909
369,MILK,224,224,9945
369,WOOL,224,224,9984
369,FERTILIZER,100,100,10000
370,WHEAT,40,40,9789
370,CARROT,43,43,9903
370,TOMATO,76,76,9864
370,STRAWBERRY,230,230,9828
370,MELON,275,275,9984
370,EGG,55,55,9909
370,MILK,224,224,9945
370,WOOL,224,224,9984
370,FERTILIZER,100,100,10000
371,WHEAT,40,40,9789
371,CARROT,43,43,9903
371,TOMATO,76,76,9864
371,STRAWBERRY,230,230,9828
371,MELON,275,275,9984
371,EGG,55,55,9909
371,MILK,224,224,9945
371,WOOL,224,224,9984
371,FERTILIZER,100,100,10000
372,WHEAT,40,40,9789
372,CARROT,43,43,9903
372,TOMATO,76,76,9864
372,STRAWBERRY,230,230,9828
372,MELON,275,275,9984
372,EGG,55,55,9909
372,MILK,224,224,9945
372,WOOL,224,224,9984
372,FERTILIZER,100,100,10000
373,WHEAT,40,40,9784
373,CARROT,43,43,9900
373,TOMATO,77,76,9860
373,STRAWBERRY,231,230,9824
373,MELON,275,275,9984
373,EGG,56,55,9908
373,MILK,225,224,9944
373,WOOL,224,224,9984
373,FERTILIZER,100,100,10000
374,WHEAT,40,40,9784
374,CARROT,43,43,9900
374,TOMATO,77,77,9860
374,STRAWBERRY,231,231,9824
374,MELON,275,275,9984
374,EGG,56,56,9908
374,MILK,225,225,9944
374,WOOL,224,224,9984
374,FERTILIZER,100,100,10000
375,WHEAT,40,40,9784
375,CARROT,43,43,9900
375,TOMATO,77,77,9860
375,STRAWBERRY,231,231,9824
375,MELON,275,275,9984
375,EGG,56,56,9908
375,MILK,225,225,9944
375,WOOL,224,224,9984
375,FERTILIZER,100,100,10000
376,WHEAT,40,40,9784
376,CARROT,43,43,9900
376,TOMATO,77,77,9860
376,STRAWBERRY,231,231,9824
376,MELON,275,275,9984
376,EGG,56,56,9908
376,MILK,225,225,9944
376,WOOL,224,224,9984
376,FERTILIZER,100,100,10000
377,WHEAT,40,40,9779
377,CARROT,43,43,9897
377,TOMATO,77,77,9856
377,STRAWBERRY,233,231,9820
377,MELON,275,275,9984
377,EGG,56,56,9907
377,MILK,226,225,9943
377,WOOL,224,224,9984
377,FERTILIZER,100,100,10000
378,WHEAT,40,40,9779
378,CARROT,43,43,9897
378,TOMATO,77,77,9856
378,STRAWBERRY,233,233,9820
378,MELON,275,275,9984
378,EGG,56,56,9907
378,MILK,226,226,9943
378,WOOL,224,224,9984
378,FERTILIZER,100,100,10000
379,WHEAT,40,40,9779
379,CARROT,43,43,9897
379,TOMATO,77,77,9856
379,STRAWBERRY,233,233,9820
379,MELON,275,275,9984
379,EGG,56,56,9907
379,MILK,226,226,9943
379,WOOL,224,224,9984
379,FERTILIZER,100,100,10000
380,WHEAT,40,40,9779
380,CARROT,43,43,9897
380,TOMATO,77,77,9856
380,STRAWBERRY,233,233,9820
380,MELON,275,275,9984
380,EGG,56,56,9907
380,MILK,226,226,9943
380,WOOL,224,224,9984
380,FERTILIZER,100,100,10000
381,WHEAT,40,40,9774
381,CARROT,43,43,9894
381,TOMATO,78,77,9852
381,STRAWBERRY,234,233,9816
381,MELON,275,275,9984
381,EGG,56,56,9906
381,MILK,226,226,9942
381,WOOL,224,224,9984
381,FERTILIZER,100,100,10000
382,WHEAT,40,40,9774
382,CARROT,43,43,9894
382,TOMATO,78,78,9852
382,STRAWBERRY,234,234,9816
382,MELON,275,275,9984
382,EGG,56,56,9906
382,MILK,226,226,9942
382,WOOL,224,224,9984
382,FERTILIZER,100,100,10000
383,WHEAT,40,40,9774
383,CARROT,43,43,9894
383,TOMATO,78,78,9852
383,STRAWBERRY,234,234,9816
383,MELON,275,275,9984
383,EGG,56,56,9906
383,MILK,226,226,9942
383,WOOL,224,224,9984
383,FERTILIZER,100,100,10000
384,WHEAT,40,40,9774
384,CARROT,43,43,9894
384,TOMATO,78,78,9852
384,STRAWBERRY,234,234,9816
384,MELON,275,275,9984
384,EGG,56,56,9906
384,MILK,226,226,9942
384,WOOL,224,224,9984
384,FERTILIZER,100,100,10000
385,WHEAT,40,40,9768
385,CARROT,44,43,9890
385,TOMATO,78,78,9847
385,STRAWBERRY,235,234,9811
385,MELON,275,275,9983
385,EGG,56,56,9904
385,MILK,227,226,9940
385,WOOL,225,224,9983
385,FERTILIZER,100,100,10000
386,WHEAT,40,40,9768
386,CARROT,44,44,9890
386,TOMATO,78,78,9847
386,STRAWBERRY,235,235,9811
386,MELON,275,275,9983
386,EGG,56,56,9904
386,MILK,227,227,9940
386,WOOL,225,225,9983
386,FERTILIZER,100,100,10000
387,WHEAT,40,40,9768
387,CARROT,44,44,9890
387,TOMATO,78,78,9847
387,STRAWBERRY,235,235,9811
387,MELON,275,275,9983
387,EGG,56,56,9904
387,MILK,227,227,9940
387,WOOL,225,225,9983
387,FERTILIZER,100,100,10000
388,WHEAT,40,40,9768
388,CARROT,44,44,9890
388,TOMATO,78,78,9847
388,STRAWBERRY,235,235,9811
388,MELON,275,275,9983
388,EGG,56,56,9904
388,MILK,227,227,9940
388,WOOL,225,225,9983
388,FERTILIZER,100,100,10000
389,WHEAT,40,40,9763
389,CARROT,44,44,9887
389,TOMATO,79,78,9843
389,STRAWBERRY,237,235,9807
389,MELON,275,275,9983
389,EGG,56,56,9903
389,MILK,228,227,9939
389,WOOL,225,225,9983
389,FERTILIZER,100,100,10000
390,WHEAT,40,40,9763
390,CARROT,44,44,9887
390,TOMATO,79,79,9843
390,STRAWBERRY,237,237,9807
390,MELON,275,275,9983
390,EGG,56,56,9903
390,MILK,228,228,9939
390,WOOL,225,225,9983
390,FERTILIZER,100,100,10000
391,WHEAT,40,40,9763
391,CARROT,44,44,9887
391,TOMATO,79,79,9843
391,STRAWBERRY,237,237,9807
391,MELON,275,275,9983
391,EGG,56,56,9903
391,MILK,228,228,9939
391,WOOL,225,225,9983
391,FERTILIZER,100,100,10000
392,WHEAT,40,40,9763
392,CARROT,44,44,9887
392,TOMATO,79,79,9843
392,STRAWBERRY,237,237,9807
392,MELON,275,275,9983
392,EGG,56,56,9903
392,MILK,228,228,9939
392,WOOL,225,225,9983
392,FERTILIZER,100,100,10000
393,WHEAT,41,40,9758
393,CARROT,44,44,9884
393,TOMATO,79,79,9839
393,STRAWBERRY,238,237,9803
393,MELON,275,275,9983
393,EGG,56,56,9902
393,MILK,228,228,9938
393,WOOL,225,225,9983
393,FERTILIZER,100,100,10000
394,WHEAT,41,41,9758
394,CARROT,44,44,9884
394,TOMATO,79,79,9839
394,STRAWBERRY,238,238,9803
394,MELON,275,275,9983
394,EGG,56,56,9902
394,MILK,228,228,9938
394,WOOL,225,225,9983
394,FERTILIZER,100,100,10000
395,WHEAT,41,41,9758
395,CARROT,44,44,9884
395,TOMATO,79,79,9839
395,STRAWBERRY,238,238,9803
395,MELON,275,275,9983
395,EGG,56,56,9902
395,MILK,228,228,9938
395,WOOL,225,225,9983
395,FERTILIZER,100,100,10000
396,WHEAT,41,41,9758
396,CARROT,44,44,9884
396,TOMATO,79,79,9839
396,STRAWBERRY,238,238,9803
396,MELON,275,275,9983
396,EGG,56,56,9902
396,MILK,228,228,9938
396,WOOL,225,225,9983
396,FERTILIZER,100,100,10000
397,WHEAT,41,41,9753
397,CARROT,44,44,9881
397,TOMATO,80,79,9835
397,STRAWBERRY,239,238,9799
397,MELON,275,275,9983
397,EGG,56,56,9901
397,MILK,229,228,9937
397,WOOL,225,225,9983
397,FERTILIZER,100,100,10000
398,WHEAT,41,41,9753
398,CARROT,44,44,9881
398,TOMATO,80,80,9835
398,STRAWBERRY,239,239,9799
398,MELON,275,275,9983
398,EGG,56,56,9901
398,MILK,229,229,9937
398,WOOL,225,225,9983
398,FERTILIZER,100,100,10000
399,WHEAT,41,41,9753
399,CARROT,44,44,9881
399,TOMATO,80,80,9835
399,STRAWBERRY,239,239,9799
399,MELON,275,275,9983
399,EGG,56,56,9901
399,MILK,229,229,9937
399,WOOL,225,225,9983
399,FERTILIZER,100,100,10000
400,WHEAT,41,41,9753
400,CARROT,44,44,9881
400,TOMATO,80,80,9835
400,STRAWBERRY,239,239,9799
400,MELON,275,275,9983
400,EGG,56,56,9901
400,MILK,229,229,9937
400,WOOL,225,225,9983
400,FERTILIZER,100,100,10000
401,WHEAT,41,41,9748
401,CARROT,44,44,9878
401,TOMATO,80,80,9831
401,STRAWBERRY,240,239,9795
401,MELON,275,275,9983
401,EGG,56,56,9900
401,MILK,230,229,9936
401,WOOL,225,225,9983
401,FERTILIZER,100,100,10000
402,WHEAT,41,41,9748
402,CARROT,44,44,9878
402,TOMATO,80,80,9831
402,STRAWBERRY,240,240,9795
402,MELON,275,275,9983
402,EGG,56,56,9900
402,MILK,230,230,9936
402,WOOL,225,225,9983
402,FERTILIZER,100,100,10000
403,WHEAT,41,41,9748
403,CARROT,44,44,9878
403,TOMATO,80,80,9831
403,STRAWBERRY,240,240,9795
403,MELON,275,275,9983
403,EGG,56,56,9900
403,MILK,230,230,9936
403,WOOL,225,225,9983
403,FERTILIZER,100,100,10000
404,WHEAT,41,41,9748
404,CARROT,44,44,9878
404,TOMATO,80,80,9831
404,STRAWBERRY,240,240,9795
404,MELON,275,275,9983
404,EGG,56,56,9900
404,MILK,230,230,9936
404,WOOL,225,225,9983
404,FERTILIZER,100,100,10000
405,WHEAT,41,41,9743
405,CARROT,45,44,9875
405,TOMATO,81,80,9827
405,STRAWBERRY,241,240,9791
405,MELON,275,275,9983
405,EGG,56,56,9899
405,MILK,230,230,9935
405,WOOL,225,225,9983
405,FERTILIZER,100,100,10000
406,WHEAT,41,41,9743
406,CARROT,45,45,9875
406,TOMATO,81,81,9827
406,STRAWBERRY,241,241,9791
406,MELON,275,275,9983
406,EGG,56,56,9899
406,MILK,230,230,9935
406,WOOL,225,225,9983
406,FERTILIZER,100,100,10000
407,WHEAT,41,41,9743
407,CARROT,45,45,9875
407,TOMATO,81,81,9827
407,STRAWBERRY,241,241,9791
407,MELON,275,275,9983
407,EGG,56,56,9899
407,MILK,230,230,9935
407,WOOL,225,225,9983
407,FERTILIZER,100,100,10000
408,WHEAT,41,41,9743
408,CARROT,45,45,9875
408,TOMATO,81,81,9827
408,STRAWBERRY,241,241,9791
408,MELON,275,275,9983
408,EGG,56,56,9899
408,MILK,230,230,9935
408,WOOL,225,225,9983
408,FERTILIZER,100,100,10000
409,WHEAT,41,41,9737
409,CARROT,45,45,9871
409,TOMATO,81,81,9822
409,STRAWBERRY,243,241,9786
409,MELON,276,275,9982
409,EGG,56,56,9897
409,MILK,231,230,9933
409,WOOL,225,225,9982
409,FERTILIZER,100,100,10000
410,WHEAT,41,41,9737
410,CARROT,45,45,9871
410,TOMATO,81,81,9822
410,STRAWBERRY,243,243,9786
410,MELON,276,276,9982
410,EGG,56,56,9897
410,MILK,231,231,9933
410,WOOL,225,225,9982
410,FERTILIZER,100,100,10000
411,WHEAT,41,41,9737
411,CARROT,45,45,9871
411,TOMATO,81,81,9822
411,STRAWBERRY,243,243,9786
411,MELON,276,276,9982
411,EGG,56,56,9897
411,MILK,231,231,9933
411,WOOL,225,225,9982
411,FERTILIZER,100,100,10000
412,WHEAT,41,41,9737
412,CARROT,45,45,9871
412,TOMATO,81,81,9822
412,STRAWBERRY,243,243,9786
412,MELON,276,276,9982
412,EGG,56,56,9897
412,MILK,231,231,9933
412,WOOL,225,225,9982
412,FERTILIZER,100,100,10000
413,WHEAT,41,41,9732
413,CARROT,45,45,9868
413,TOMATO,82,81,9818
413,STRAWBERRY,244,243,9782
413,MELON,276,276,9982
413,EGG,56,56,9896
413,MILK,232,231,9932
413,WOOL,225,225,9982
413,FERTILIZER,100,100,10000
414,WHEAT,41,41,9732
414,CARROT,45,45,9868
414,TOMATO,82,82,9818
414,STRAWBERRY,244,244,9782
414,MELON,276,276,9982
414,EGG,56,56,9896
414,MILK,232,232,9932
414,WOOL,225,225,9982
414,FERTILIZER,100,100,10000
415,WHEAT,41,41,9732
415,CARROT,45,45,9868
415,TOMATO,82,82,9818
415,STRAWBERRY,244,244,9782
415,MELON,276,276,9982
415,EGG,56,56,9896
415,MILK,232,232,9932
415,WOOL,225,225,9982
415,FERTILIZER,100,100,10000
416,WHEAT,41,41,9732
416,CARROT,45,45,9868
416,TOMATO,82,82,9818
416,STRAWBERRY,244,244,9782
416,MELON,276,276,9982
416,EGG,56,56,9896
416,MILK,232,232,9932
416,WOOL,225,225,9982
416,FERTILIZER,100,100,10000
417,WHEAT,42,41,9727
417,CARROT,46,45,9865
417,TOMATO,82,82,9814
417,STRAWBERRY,245,244,9778
417,MELON,276,276,9982
417,EGG,56,56,9895
417,MILK,232,232,9931
417,WOOL,225,225,9982
417,FERTILIZER,100,100,10000
418,WHEAT,42,42,9727
418,CARROT,46,46,9865
418,TOMATO,82,82,9814
418,STRAWBERRY,245,245,9778
418,MELON,276,276,9982
418,EGG,56,56,9895
418,MILK,232,232,9931
418,WOOL,225,225,9982
418,FERTILIZER,100,100,10000
419,WHEAT,42,42,9727
419,CARROT,46,46,9865
419,TOMATO,82,82,9814
419,STRAWBERRY,245,245,9778
419,MELON,276,276,9982
419,EGG,56,56,9895
419,MILK,232,232,9931
419,WOOL,225,225,9982
419,FERTILIZER,100,100,10000
420,WHEAT,42,42,9727
420,CARROT,46,46,9865
420,TOMATO,82,82,9814
420,STRAWBERRY,245,245,9778
420,MELON,276,276,9982
420,EGG,56,56,9895
420,MILK,232,232,9931
420,WOOL,225,225,9982
420,FERTILIZER,100,100,10000
421,WHEAT,42,42,9722
421,CARROT,46,46,9862
421,TOMATO,83,82,9810
421,STRAWBERRY,246,245,9774
421,MELON,276,276,9982
421,EGG,56,56,9894
421,MILK,233,232,9930
421,WOOL,225,225,9982
421,FERTILIZER,100,100,10000
422,WHEAT,42,42,9722
422,CARROT,46,46,9862
422,TOMATO,83,83,9810
422,STRAWBERRY,246,246,9774
422,MELON,276,276,9982
422,EGG,56,56,9894
422,MILK,233,233,9930
422,WOOL,225,225,9982
422,FERTILIZER,100,100,10000
423,WHEAT,42,42,9722
423,CARROT,46,46,9862
423,TOMATO,83,83,9810
423,STRAWBERRY,246,246,9774
423,MELON,276,276,9982
423,EGG,56,56,9894
423,MILK,233,233,9930
423,WOOL,225,225,9982
423,FERTILIZER,100,100,10000
424,WHEAT,42,42,9722
424,CARROT,46,46,9862
424,TOMATO,83,83,9810
424,STRAWBERRY,246,246,9774
424,MELON,276,276,9982
424,EGG,56,56,9894
424,MILK,233,233,9930
424,WOOL,225,225,9982
424,FERTILIZER,100,100,10000
425,WHEAT,42,42,9717
425,CARROT,46,46,9859
425,TOMATO,83,83,9806
425,STRAWBERRY,247,246,9770
425,MELON,276,276,9982
425,EGG,56,56,9893
425,MILK,233,233,9929
425,WOOL,225,225,9982
425,FERTILIZER,100,100,10000
426,WHEAT,42,42,9717
426,CARROT,46,46,9859
426,TOMATO,83,83,9806
426,STRAWBERRY,247,247,9770
426,MELON,276,276,9982
426,EGG,56,56,9893
426,MILK,233,233,9929
426,WOOL,225,225,9982
426,FERTILIZER,100,100,10000
427,WHEAT,42,42,9717
427,CARROT,46,46,9859
427,TOMATO,83,83,9806
427,STRAWBERRY,247,247,9770
427,MELON,276,276,9982
427,EGG,56,56,9893
427,MILK,233,233,9929
427,WOOL,225,225,9982
427,FERTILIZER,100,100,10000
428,WHEAT,42,42,9717
428,CARROT,46,46,9859
428,TOMATO,83,83,9806
428,STRAWBERRY,247,247,9770
428,MELON,276,276,9982
428,EGG,56,56,9893
428,MILK,233,233,9929
428,WOOL,225,225,9982
428,FERTILIZER,100,100,10000
429,WHEAT,42,42,9712
429,CARROT,46,46,9856
429,TOMATO,84,83,9802
429,STRAWBERRY,248,247,9766
429,MELON,276,276,9982
429,EGG,57,56,9892
429,MILK,234,233,9928
429,WOOL,225,225,9982
429,FERTILIZER,100,100,10000
430,WHEAT,42,42,9712
430,CARROT,46,46,9856
430,TOMATO,84,84,9802
430,STRAWBERRY,248,248,9766
430,MELON,276,276,9982
430,EGG,57,57,9892
430,MILK,234,234,9928
430,WOOL,225,225,9982
430,FERTILIZER,100,100,10000
431,WHEAT,42,42,9712
431,CARROT,46,46,9856
431,TOMATO,84,84,9802
431,STRAWBERRY,248,248,9766
431,MELON,276,276,9982
431,EGG,57,57,9892
431,MILK,234,234,9928
431,WOOL,225,225,9982
431,FERTILIZER,100,100,10000
432,WHEAT,42,42,9712
432,CARROT,46,46,9856
432,TOMATO,84,84,9802
432,STRAWBERRY,248,248,9766
432,MELON,276,276,9982
432,EGG,57,57,9892
432,MILK,234,234,9928
432,WOOL,225,225,9982
432,FERTILIZER,100,100,10000
433,WHEAT,42,42,9706
433,CARROT,47,46,9852
433,TOMATO,84,84,9797
433,STRAWBERRY,250,248,9760
433,MELON,276,276,9981
433,EGG,57,57,9890
433,MILK,235,234,9925
433,WOOL,226,225,9981
433,FERTILIZER,100,100,10000
434,WHEAT,42,42,9706
434,CARROT,47,47,9852
434,TOMATO,84,84,9797
434,STRAWBERRY,250,250,9760
434,MELON,276,276,9981
434,EGG,57,57,9890
434,MILK,235,235,9925
434,WOOL,226,226,9981
434,FERTILIZER,100,100,10000
435,WHEAT,42,42,9706
435,CARROT,47,47,9852
435,TOMATO,84,84,9797
435,STRAWBERRY,250,250,9760
435,MELON,276,276,9981
435,EGG,57,57,9890
435,MILK,235,235,9925
435,WOOL,226,226,9981
435,FERTILIZER,100,100,10000
436,WHEAT,42,42,9706
436,CARROT,47,47,9852
436,TOMATO,84,84,9797
436,STRAWBERRY,250,250,9760
436,MELON,276,276,9981
436,EGG,57,57,9890
436,MILK,235,235,9925
436,WOOL,226,226,9981
436,FERTILIZER,100,100,10000
437,WHEAT,42,42,9701
437,CARROT,47,47,9849
437,TOMATO,85,84,9793
437,STRAWBERRY,251,250,9755
437,MELON,276,276,9981
437,EGG,57,57,9889
437,MILK,236,235,9923
437,WOOL,226,226,9981
437,FERTILIZER,100,100,10000
438,WHEAT,42,42,9701
438,CARROT,47,47,9849
438,TOMATO,85,85,9793
438,STRAWBERRY,251,251,9755
438,MELON,276,276,9981
438,EGG,57,57,9889
438,MILK,236,236,9923
438,WOOL,226,226,9981
438,FERTILIZER,100,100,10000
439,WHEAT,42,42,9701
439,CARROT,47,47,9849
439,TOMATO,85,85,9793
439,STRAWBERRY,251,251,9755
439,MELON,276,276,9981
439,EGG,57,57,9889
439,MILK,236,236,9923
439,WOOL,226,226,9981
439,FERTILIZER,100,100,10000
440,WHEAT,42,42,9701
440,CARROT,47,47,9849
440,TOMATO,85,85,9793
440,STRAWBERRY,251,251,9755
440,MELON,276,276,9981
440,EGG,57,57,9889
440,MILK,236,236,9923
440,WOOL,226,226,9981
440,FERTILIZER,100,100,10000
441,WHEAT,42,42,9696
441,CARROT,47,47,9846
441,TOMATO,86,85,9789
441,STRAWBERRY,253,251,9750
441,MELON,276,276,9981
441,EGG,57,57,9888
441,MILK,237,236,9921
441,WOOL,226,226,9981
441,FERTILIZER,100,100,10000
442,WHEAT,42,42,9696
442,CARROT,47,47,9846
442,TOMATO,86,86,9789
442,STRAWBERRY,253,253,9750
442,MELON,276,276,9981
442,EGG,57,57,9888
442,MILK,237,237,9921
442,WOOL,226,226,9981
442,FERTILIZER,100,100,10000
443,WHEAT,42,42,9696
443,CARROT,47,47,9846
443,TOMATO,86,86,9789
443,STRAWBERRY,253,253,9750
443,MELON,276,276,9981
443,EGG,57,57,9888
443,MILK,237,237,9921
443,WOOL,226,226,9981
443,FERTILIZER,100,100,10000
444,WHEAT,42,42,9696
444,CARROT,47,47,9846
444,TOMATO,86,86,9789
444,STRAWBERRY,253,253,9750
444,MELON,276,276,9981
444,EGG,57,57,9888
444,MILK,237,237,9921
444,WOOL,226,226,9981
444,FERTILIZER,100,100,10000
445,WHEAT,43,42,9691
445,CARROT,47,47,9843
445,TOMATO,87,86,9785
445,STRAWBERRY,254,253,9745
445,MELON,276,276,9981
445,EGG,57,57,9887
445,MILK,238,237,9919
445,WOOL,226,226,9981
445,FERTILIZER,100,100,10000
446,WHEAT,43,43,9691
446,CARROT,47,47,9843
446,TOMATO,87,87,9785
446,STRAWBERRY,254,254,9745
446,MELON,276,276,9981
446,EGG,57,57,9887
446,MILK,238,238,9919
446,WOOL,226,226,9981
446,FERTILIZER,100,100,10000
447,WHEAT,43,43,9691
447,CARROT,47,47,9843
447,TOMATO,87,87,9785
447,STRAWBERRY,254,254,9745
447,MELON,276,276,9981
447,EGG,57,57,9887
447,MILK,238,238,9919
447,WOOL,226,226,9981
447,FERTILIZER,100,100,10000
448,WHEAT,43,43,9691
448,CARROT,47,47,9843
448,TOMATO,87,87,9785
448,STRAWBERRY,254,254,9745
448,MELON,276,276,9981
448,EGG,57,57,9887
448,MILK,238,238,9919
448,WOOL,226,226,9981
448,FERTILIZER,100,100,10000
449,WHEAT,43,43,9686
449,CARROT,47,47,9840
449,TOMATO,88,87,9781
449,STRAWBERRY,255,254,9740
449,MELON,276,276,9981
449,EGG,57,57,9886
449,MILK,239,238,9917
449,WOOL,226,226,9981
449,FERTILIZER,100,100,10000
450,WHEAT,43,43,9686
450,CARROT,47,47,9840
450,TOMATO,88,88,9781
450,STRAWBERRY,255,255,9740
450,MELON,276,276,9981
450,EGG,57,57,9886
450,MILK,239,239,9917
450,WOOL,226,226,9981
450,FERTILIZER,100,100,10000
451,WHEAT,43,43,9686
451,CARROT,47,47,9840
451,TOMATO,88,88,9781
451,STRAWBERRY,255,255,9740
451,MELON,276,276,9981
451,EGG,57,57,9886
451,MILK,239,239,9917
451,WOOL,226,226,9981
451,FERTILIZER,100,100,10000
452,WHEAT,43,43,9686
452,CARROT,47,47,9840
452,TOMATO,88,88,9781
452,STRAWBERRY,255,255,9740
452,MELON,276,276,9981
452,EGG,57,57,9886
452,MILK,239,239,9917
452,WOOL,226,226,9981
452,FERTILIZER,100,100,10000
453,WHEAT,43,43,9681
453,CARROT,48,47,9837
453,TOMATO,89,88,9777
453,STRAWBERRY,257,255,9735
453,MELON,276,276,9981
453,EGG,57,57,9885
453,MILK,240,239,9915
453,WOOL,226,226,9981
453,FERTILIZER,100,100,10000
454,WHEAT,43,43,9681
454,CARROT,48,48,9837
454,TOMATO,89,89,9777
454,STRAWBERRY,257,257,9735
454,MELON,276,276,9981
454,EGG,57,57,9885
454,MILK,240,240,9915
454,WOOL,226,226,9981
454,FERTILIZER,100,100,10000
455,WHEAT,43,43,9681
455,CARROT,48,48,9837
455,TOMATO,89,89,9777
455,STRAWBERRY,257,257,9735
455,MELON,276,276,9981
455,EGG,57,57,9885
455,MILK,240,240,9915
455,WOOL,226,226,9981
455,FERTILIZER,100,100,10000
456,WHEAT,43,43,9681
456,CARROT,48,48,9837
456,TOMATO,89,89,9777
456,STRAWBERRY,257,257,9735
456,MELON,276,276,9981
456,EGG,57,57,9885
456,MILK,240,240,9915
456,WOOL,226,226,9981
456,FERTILIZER,100,100,10000
457,WHEAT,43,43,9675
457,CARROT,48,48,9833
457,TOMATO,91,89,9772
457,STRAWBERRY,258,257,9729
457,MELON,277,276,9980
457,EGG,57,57,9883
457,MILK,242,240,9912
457,WOOL,226,226,9980
457,FERTILIZER,100,100,10000
458,WHEAT,43,43,9675
458,CARROT,48,48,9833
458,TOMATO,91,91,9772
458,STRAWBERRY,258,258,9729
458,MELON,277,277,9980
458,EGG,57,57,9883
458,MILK,242,242,9912
458,WOOL,226,226,9980
458,FERTILIZER,100,100,10000
459,WHEAT,43,43,9675
459,CARROT,48,48,9833
459,TOMATO,91,91,9772
459,STRAWBERRY,258,258,9729
459,MELON,277,277,9980
459,EGG,57,57,9883
459,MILK,242,242,9912
459,WOOL,226,226,9980
459,FERTILIZER,100,100,10000
460,WHEAT,43,43,9675
460,CARROT,48,48,9833
460,TOMATO,91,91,9772
460,STRAWBERRY,258,258,9729
460,MELON,277,277,9980
460,EGG,57,57,9883
460,MILK,242,242,9912
460,WOOL,226,226,9980
460,FERTILIZER,100,100,10000
461,WHEAT,43,43,9670
461,CARROT,48,48,9830
461,TOMATO,93,91,9768
461,STRAWBERRY,260,258,9724
461,MELON,277,277,9980
461,EGG,57,57,9882
461,MILK,242,242,9910
461,WOOL,226,226,9980
461,FERTILIZER,100,100,10000
462,WHEAT,43,43,9670
462,CARROT,48,48,9830
462,TOMATO,93,93,9768
462,STRAWBERRY,260,260,9724
462,MELON,277,277,9980
462,EGG,57,57,9882
462,MILK,242,242,9910
462,WOOL,226,226,9980
462,FERTILIZER,100,100,10000
463,WHEAT,43,43,9670
463,CARROT,48,48,9830
463,TOMATO,93,93,9768
463,STRAWBERRY,260,260,9724
463,MELON,277,277,9980
463,EGG,57,57,9882
463,MILK,242,242,9910
463,WOOL,226,226,9980
463,FERTILIZER,100,100,10000
464,WHEAT,43,43,9670
464,CARROT,48,48,9830
464,TOMATO,93,93,9768
464,STRAWBERRY,260,260,9724
464,MELON,277,277,9980
464,EGG,57,57,9882
464,MILK,242,242,9910
464,WOOL,226,226,9980
464,FERTILIZER,100,100,10000
465,WHEAT,43,43,9665
465,CARROT,48,48,9827
465,TOMATO,95,93,9764
465,STRAWBERRY,261,260,9719
465,MELON,277,277,9980
465,EGG,57,57,9881
465,MILK,243,242,9908
465,WOOL,226,226,9980
465,FERTILIZER,100,100,10000
466,WHEAT,43,43,9665
466,CARROT,48,48,9827
466,TOMATO,95,95,9764
466,STRAWBERRY,261,261,9719
466,MELON,277,277,9980
466,EGG,57,57,9881
466,MILK,243,243,9908
466,WOOL,226,226,9980
466,FERTILIZER,100,100,10000
467,WHEAT,43,43,9665
467,CARROT,48,48,9827
467,TOMATO,95,95,9764
467,STRAWBERRY,261,261,9719
467,MELON,277,277,9980
467,EGG,57,57,9881
467,MILK,243,243,9908
467,WOOL,226,226,9980
467,FERTILIZER,100,100,10000
468,WHEAT,43,43,9665
468,CARROT,48,48,9827
468,TOMATO,95,95,9764
468,STRAWBERRY,261,261,9719
468,MELON,277,277,9980
468,EGG,57,57,9881
468,MILK,243,243,9908
468,WOOL,226,226,9980
468,FERTILIZER,100,100,10000
469,WHEAT,43,43,9660
469,CARROT,49,48,9824
469,TOMATO,96,95,9760
469,STRAWBERRY,262,261,9714
469,MELON,277,277,9980
469,EGG,57,57,9880
469,MILK,244,243,9906
469,WOOL,226,226,9980
469,FERTILIZER,100,100,10000
470,WHEAT,43,43,9660
470,CARROT,49,49,9824
470,TOMATO,96,96,9760
470,STRAWBERRY,262,262,9714
470,MELON,277,277,9980
470,EGG,57,57,9880
470,MILK,244,244,9906
470,WOOL,226,226,9980
470,FERTILIZER,100,100,10000
471,WHEAT,43,43,9660
471,CARROT,49,49,9824
471,TOMATO,96,96,9760
471,STRAWBERRY,262,262,9714
471,MELON,277,277,9980
471,EGG,57,57,9880
471,MILK,244,244,9906
471,WOOL,226,226,9980
471,FERTILIZER,100,100,10000
472,WHEAT,43,43,9660
472,CARROT,49,49,9824
472,TOMATO,96,96,9760
472,STRAWBERRY,262,262,9714
472,MELON,277,277,9980
472,EGG,57,57,9880
472,MILK,244,244,9906
472,WOOL,226,226,9980
472,FERTILIZER,100,100,10000
473,WHEAT,44,43,9655
473,CARROT,49,49,9821
473,TOMATO,99,96,9756
473,STRAWBERRY,263,262,9709
473,MELON,277,277,9980
473,EGG,57,57,9879
473,MILK,245,244,9904
473,WOOL,226,226,9980
473,FERTILIZER,100,100,10000
474,WHEAT,44,44,9655
474,CARROT,49,49,9821
474,TOMATO,99,99,9756
474,STRAWBERRY,263,263,9709
474,MELON,277,277,9980
474,EGG,57,57,9879
474,MILK,245,245,9904
474,WOOL,226,226,9980
474,FERTILIZER,100,100,10000
475,WHEAT,44,44,9655
475,CARROT,49,49,9821
475,TOMATO,99,99,9756
475,STRAWBERRY,263,263,9709
475,MELON,277,277,9980
475,EGG,57,57,9879
475,MILK,245,245,9904
475,WOOL,226,226,9980
475,FERTILIZER,100,100,10000
476,WHEAT,44,44,9655
476,CARROT,49,49,9821
476,TOMATO,99,99,9756
476,STRAWBERRY,263,263,9709
476,MELON,277,277,9980
476,EGG,57,57,9879
476,MILK,245,245,9904
476,WOOL,226,226,9980
476,FERTILIZER,100,100,10000
477,WHEAT,44,44,9650
477,CARROT,49,49,9818
477,TOMATO,101,99,9752
477,STRAWBERRY,265,263,9704
477,MELON,277,277,9980
477,EGG,57,57,9878
477,MILK,246,245,9902
477,WOOL,226,226,9980
477,FERTILIZER,100,100,10000
478,WHEAT,44,44,9650
478,CARROT,49,49,9818
478,TOMATO,101,101,9752
478,STRAWBERRY,265,265,9704
478,MELON,277,277,9980
478,EGG,57,57,9878
478,MILK,246,246,9902
478,WOOL,226,226,9980
478,FERTILIZER,100,100,10000
479,WHEAT,44,44,9650
479,CARROT,49,49,9818
479,TOMATO,101,101,9752
479,STRAWBERRY,265,265,9704
479,MELON,277,277,9980
479,EGG,57,57,9878
479,MILK,246,246,9902
479,WOOL,226,226,9980
479,FERTILIZER,100,100,10000
480,WHEAT,44,44,9650
480,CARROT,49,49,9818
480,TOMATO,101,101,9752
480,STRAWBERRY,265,265,9704
480,MELON,277,277,9980
480,EGG,57,57,9878
480,MILK,246,246,9902
480,WOOL,226,226,9980
480,FERTILIZER,100,100,10000
481,WHEAT,44,44,9644
481,CARROT,49,49,9814
481,TOMATO,104,101,9747
481,STRAWBERRY,266,265,9698
481,MELON,277,277,9979
481,EGG,57,57,9876
481,MILK,247,246,9899
481,WOOL,227,226,9979
481,FERTILIZER,100,100,10000
482,WHEAT,44,44,9644
482,CARROT,49,49,9814
482,TOMATO,104,104,9747
482,STRAWBERRY,266,266,9698
482,MELON,277,277,9979
482,EGG,57,57,9876
482,MILK,247,247,9899
482,WOOL,227,227,9979
482,FERTILIZER,100,100,10000
483,WHEAT,44,44,9644
483,CARROT,49,49,9814
483,TOMATO,104,104,9747
483,STRAWBERRY,266,266,9698
483,MELON,277,277,9979
483,EGG,57,57,9876
483,MILK,247,247,9899
483,WOOL,227,227,9979
483,FERTILIZER,100,100,10000
484,WHEAT,44,44,9644
484,CARROT,49,49,9814
484,TOMATO,104,104,9747
484,STRAWBERRY,266,266,9698
484,MELON,277,277,9979
484,EGG,57,57,9876
484,MILK,247,247,9899
484,WOOL,227,227,9979
484,FERTILIZER,100,100,10000
485,WHEAT,44,44,9639
485,CARROT,50,49,9811
485,TOMATO,106,104,9743
485,STRAWBERRY,267,266,9693
485,MELON,277,277,9979
485,EGG,58,57,9875
485,MILK,248,247,9897
485,WOOL,227,227,9979
485,FERTILIZER,100,100,10000
486,WHEAT,44,44,9639
486,CARROT,50,50,9811
486,TOMATO,106,106,9743
486,STRAWBERRY,267,267,9693
486,MELON,277,277,9979
486,EGG,58,58,9875
486,MILK,248,248,9897
486,WOOL,227,227,9979
486,FERTILIZER,100,100,10000
487,WHEAT,44,44,9639
487,CARROT,50,50,9811
487,TOMATO,106,106,9743
487,STRAWBERRY,267,267,9693
487,MELON,277,277,9979
487,EGG,58,58,9875
487,MILK,248,248,9897
487,WOOL,227,227,9979
487,FERTILIZER,100,100,10000
488,WHEAT,44,44,9639
488,CARROT,50,50,9811
488,TOMATO,106,106,9743
488,STRAWBERRY,267,267,9693
488,MELON,277,277,9979
488,EGG,58,58,9875
488,MILK,248,248,9897
488,WOOL,227,227,9979
488,FERTILIZER,100,100,10000
489,WHEAT,44,44,9634
489,CARROT,50,50,9808
489,TOMATO,109,106,9739
489,STRAWBERRY,268,267,9688
489,MELON,277,277,9979
489,EGG,58,58,9874
489,MILK,249,248,9895
489,WOOL,227,227,9979
489,FERTILIZER,100,100,10000
490,WHEAT,44,44,9634
490,CARROT,50,50,9808
490,TOMATO,109,109,9739
490,STRAWBERRY,268,268,9688
490,MELON,277,277,9979
490,EGG,58,58,9874
490,MILK,249,249,9895
490,WOOL,227,227,9979
490,FERTILIZER,100,100,10000
491,WHEAT,44,44,9634
491,CARROT,50,50,9808
491,TOMATO,109,109,9739
491,STRAWBERRY,268,268,9688
491,MELON,277,277,9979
491,EGG,58,58,9874
491,MILK,249,249,9895
491,WOOL,227,227,9979
491,FERTILIZER,100,100,10000
492,WHEAT,44,44,9634
492,CARROT,50,50,9808
492,TOMATO,109,109,9739
492,STRAWBERRY,268,268,9688
492,MELON,277,277,9979
492,EGG,58,58,9874
492,MILK,249,249,9895
492,WOOL,227,227,9979
492,FERTILIZER,100,100,10000
493,WHEAT,44,44,9629
493,CARROT,50,50,9805
493,TOMATO,112,109,9735
493,STRAWBERRY,270,268,9683
493,MELON,277,277,9979
493,EGG,58,58,9873
493,MILK,250,249,9893
493,WOOL,227,227,9979
493,FERTILIZER,100,100,10000
494,WHEAT,44,44,9629
494,CARROT,50,50,9805
494,TOMATO,112,112,9735
494,STRAWBERRY,270,270,9683
494,MELON,277,277,9979
494,EGG,58,58,9873
494,MILK,250,250,9893
494,WOOL,227,227,9979
494,FERTILIZER,100,100,10000
495,WHEAT,44,44,9629
495,CARROT,50,50,9805
495,TOMATO,112,112,9735
495,STRAWBERRY,270,270,9683
495,MELON,277,277,9979
495,EGG,58,58,9873
495,MILK,250,250,9893
495,WOOL,227,227,9979
495,FERTILIZER,100,100,10000
496,WHEAT,44,44,9629
496,CARROT,50,50,9805
496,TOMATO,112,112,9735
496,STRAWBERRY,270,270,9683
496,MELON,277,277,9979
496,EGG,58,58,9873
496,MILK,250,250,9893
496,WOOL,227,227,9979
496,FERTILIZER,100,100,10000
497,WHEAT,44,44,9624
497,CARROT,50,50,9802
497,TOMATO,115,112,9731
497,STRAWBERRY,271,270,9678
497,MELON,277,277,9979
497,EGG,58,58,9872
497,MILK,251,250,9891
497,WOOL,227,227,9979
497,FERTILIZER,100,100,10000
498,WHEAT,44,44,9624
498,CARROT,50,50,9802
498,TOMATO,115,115,9731
498,STRAWBERRY,271,271,9678
498,MELON,277,277,9979
498,EGG,58,58,9872
498,MILK,251,251,9891
498,WOOL,227,227,9979
498,FERTILIZER,100,100,10000
499,WHEAT,44,44,9624
499,CARROT,50,50,9802
499,TOMATO,115,115,9731
499,STRAWBERRY,271,271,9678
499,MELON,277,277,9979
499,EGG,58,58,9872
499,MILK,251,251,9891
499,WOOL,227,227,9979
499,FERTILIZER,100,100,10000
500,WHEAT,44,44,9624
500,CARROT,50,50,9802
500,TOMATO,115,115,9731
500,STRAWBERRY,271,271,9678
500,MELON,277,277,9979
500,EGG,58,58,9872
500,MILK,251,251,9891
500,WOOL,227,227,9979
500,FERTILIZER,100,100,10000
501,WHEAT,45,44,9619
501,CARROT,51,50,9799
501,TOMATO,118,115,9727
501,STRAWBERRY,272,271,9673
501,MELON,277,277,9979
501,EGG,58,58,9871
501,MILK,252,251,9889
501,WOOL,227,227,9979
501,FERTILIZER,100,100,10000
502,WHEAT,45,45,9619
502,CARROT,51,51,9799
502,TOMATO,118,118,9727
502,STRAWBERRY,272,272,9673
502,MELON,277,277,9979
502,EGG,58,58,9871
502,MILK,252,252,9889
502,WOOL,227,227,9979
502,FERTILIZER,100,100,10000
503,WHEAT,45,45,9619
503,CARROT,51,51,9799
503,TOMATO,118,118,9727
503,STRAWBERRY,272,272,9673
503,MELON,277,277,9979
503,EGG,58,58,9871
503,MILK,252,252,9889
503,WOOL,227,227,9979
503,FERTILIZER,100,100,10000
504,WHEAT,45,45,9619
504,CARROT,51,51,9799
504,TOMATO,118,118,9727
504,STRAWBERRY,272,272,9673
504,MELON,277,277,9979
504,EGG,58,58,9871
504,MILK,252,252,9889
504,WOOL,227,227,9979
504,FERTILIZER,100,100,10000
505,WHEAT,45,45,9612
505,CARROT,51,51,9795
505,TOMATO,123,118,9722
505,STRAWBERRY,274,272,9666
505,MELON,277,277,9978
505,EGG,58,58,9869
505,MILK,253,252,9885
505,WOOL,227,227,9978
505,FERTILIZER,100,100,10000
506,WHEAT,45,45,9612
506,CARROT,51,51,9795
506,TOMATO,123,123,9722
506,STRAWBERRY,274,274,9666
506,MELON,277,277,9978
506,EGG,58,58,9869
506,MILK,253,253,9885
506,WOOL,227,227,9978
506,FERTILIZER,100,100,10000
507,WHEAT,45,45,9612
507,CARROT,51,51,9795
507,TOMATO,123,123,9722
507,STRAWBERRY,274,274,9666
507,MELON,277,277,9978
507,EGG,58,58,9869
507,MILK,253,253,9885
507,WOOL,227,227,9978
507,FERTILIZER,100,100,10000
508,WHEAT,45,45,9612
508,CARROT,51,51,9795
508,TOMATO,123,123,9722
508,STRAWBERRY,274,274,9666
508,MELON,277,277,9978
508,EGG,58,58,9869
508,MILK,253,253,9885
508,WOOL,227,227,9978
508,FERTILIZER,100,100,10000
509,WHEAT,45,45,9606
509,CARROT,51,51,9792
509,TOMATO,126,123,9718
509,STRAWBERRY,275,274,9660
509,MELON,277,277,9978
509,EGG,58,58,9868
509,MILK,254,253,9882
509,WOOL,227,227,9978
509,FERTILIZER,100,100,10000
510,WHEAT,45,45,9606
510,CARROT,51,51,9792
510,TOMATO,126,126,9718
510,STRAWBERRY,275,275,9660
510,MELON,277,277,9978
510,EGG,58,58,9868
510,MILK,254,254,9882
510,WOOL,227,227,9978
510,FERTILIZER,100,100,10000
511,WHEAT,45,45,9606
511,CARROT,51,51,9792
511,TOMATO,126,126,9718
511,STRAWBERRY,275,275,9660
511,MELON,277,277,9978
511,EGG,58,58,9868
511,MILK,254,254,9882
511,WOOL,227,227,9978
511,FERTILIZER,100,100,10000
512,WHEAT,45,45,9606
512,CARROT,51,51,9792
512,TOMATO,126,126,9718
512,STRAWBERRY,275,275,9660
512,MELON,277,277,9978
512,EGG,58,58,9868
512,MILK,254,254,9882
512,WOOL,227,227,9978
512,FERTILIZER,100,100,10000
513,WHEAT,45,45,9600
513,CARROT,51,51,9789
513,TOMATO,130,126,9714
513,STRAWBERRY,276,275,9654
513,MELON,277,277,9978
513,EGG,58,58,9867
513,MILK,256,254,9879
513,WOOL,227,227,9978
513,FERTILIZER,100,100,10000
514,WHEAT,45,45,9600
514,CARROT,51,51,9789
514,TOMATO,130,130,9714
514,STRAWBERRY,276,276,9654
514,MELON,277,277,9978
514,EGG,58,58,9867
514,MILK,256,256,9879
514,WOOL,227,227,9978
514,FERTILIZER,100,100,10000
515,WHEAT,45,45,9600
515,CARROT,51,51,9789
515,TOMATO,130,130,9714
515,STRAWBERRY,276,276,9654
515,MELON,277,277,9978
515,EGG,58,58,9867
515,MILK,256,256,9879
515,WOOL,227,227,9978
515,FERTILIZER,100,100,10000
516,WHEAT,45,45,9600
516,CARROT,51,51,9789
516,TOMATO,130,130,9714
516,STRAWBERRY,276,276,9654
516,MELON,277,277,9978
516,EGG,58,58,9867
516,MILK,256,256,9879
516,WOOL,227,227,9978
516,FERTILIZER,100,100,10000
517,WHEAT,45,45,9594
517,CARROT,52,51,9786
517,TOMATO,134,130,9710
517,STRAWBERRY,278,276,9648
517,MELON,277,277,9978
517,EGG,58,58,9866
517,MILK,257,256,9876
517,WOOL,227,227,9978
517,FERTILIZER,100,100,10000
518,WHEAT,45,45,9594
518,CARROT,52,52,9786
518,TOMATO,134,134,9710
518,STRAWBERRY,278,278,9648
518,MELON,277,277,9978
518,EGG,58,58,9866
518,MILK,257,257,9876
518,WOOL,227,227,9978
518,FERTILIZER,100,100,10000
519,WHEAT,45,45,9594
519,CARROT,52,52,9786
519,TOMATO,134,134,9710
519,STRAWBERRY,278,278,9648
519,MELON,277,277,9978
519,EGG,58,58,9866
519,MILK,257,257,9876
519,WOOL,227,227,9978
519,FERTILIZER,100,100,10000
520,WHEAT,45,45,9594
520,CARROT,52,52,9786
520,TOMATO,134,134,9710
520,STRAWBERRY,278,278,9648
520,MELON,277,277,9978
520,EGG,58,58,9866
520,MILK,257,257,9876
520,WOOL,227,227,9978
520,FERTILIZER,100,100,10000
521,WHEAT,45,45,9588
521,CARROT,52,52,9783
521,TOMATO,138,134,9706
521,STRAWBERRY,279,278,9642
521,MELON,277,277,9978
521,EGG,58,58,9865
521,MILK,258,257,9873
521,WOOL,227,227,9978
521,FERTILIZER,100,100,10000
522,WHEAT,45,45,9588
522,CARROT,52,52,9783
522,TOMATO,138,138,9706
522,STRAWBERRY,279,279,9642
522,MELON,277,277,9978
522,EGG,58,58,9865
522,MILK,258,258,9873
522,WOOL,227,227,9978
522,FERTILIZER,100,100,10000
523,WHEAT,45,45,9588
523,CARROT,52,52,9783
523,TOMATO,138,138,9706
523,STRAWBERRY,279,279,9642
523,MELON,277,277,9978
523,EGG,58,58,9865
523,MILK,258,258,9873
523,WOOL,227,227,9978
523,FERTILIZER,100,100,10000
524,WHEAT,45,45,9588
524,CARROT,52,52,9783
524,TOMATO,138,138,9706
524,STRAWBERRY,279,279,9642
524,MELON,277,277,9978
524,EGG,58,58,9865
524,MILK,258,258,9873
524,WOOL,227,227,9978
524,FERTILIZER,100,100,10000
525,WHEAT,45,45,9582
525,CARROT,52,52,9780
525,TOMATO,142,138,9702
525,STRAWBERRY,280,279,9636
525,MELON,277,277,9978
525,EGG,58,58,9864
525,MILK,259,258,9870
525,WOOL,227,227,9978
525,FERTILIZER,100,100,10000
526,WHEAT,45,45,9582
526,CARROT,52,52,9780
526,TOMATO,142,142,9702
526,STRAWBERRY,280,280,9636
526,MELON,277,277,9978
526,EGG,58,58,9864
526,MILK,259,259,9870
526,WOOL,227,227,9978
526,FERTILIZER,100,100,10000
527,WHEAT,45,45,9582
527,CARROT,52,52,9780
527,TOMATO,142,142,9702
527,STRAWBERRY,280,280,9636
527,MELON,277,277,9978
527,EGG,58,58,9864
527,MILK,259,259,9870
527,WOOL,227,227,9978
527,FERTILIZER,100,100,10000
528,WHEAT,45,45,9582
528,CARROT,52,52,9780
528,TOMATO,142,142,9702
528,STRAWBERRY,280,280,9636
528,MELON,277,277,9978
528,EGG,58,58,9864
528,MILK,259,259,9870
528,WOOL,227,227,9978
528,FERTILIZER,100,100,10000
529,WHEAT,46,45,9575
529,CARROT,52,52,9776
529,TOMATO,147,142,9697
529,STRAWBERRY,282,280,9629
529,MELON,278,277,9977
529,EGG,58,58,9862
529,MILK,261,259,9866
529,WOOL,227,227,9977
529,FERTILIZER,100,100,10000
530,WHEAT,46,46,9575
530,CARROT,52,52,9776
530,TOMATO,147,147,9697
530,STRAWBERRY,282,282,9629
530,MELON,278,278,9977
530,EGG,58,58,9862
530,MILK,261,261,9866
530,WOOL,227,227,9977
530,FERTILIZER,100,100,10000
531,WHEAT,46,46,9575
531,CARROT,52,52,9776
531,TOMATO,147,147,9697
531,STRAWBERRY,282,282,9629
531,MELON,278,278,9977
531,EGG,58,58,9862
531,MILK,261,261,9866
531,WOOL,227,227,9977
531,FERTILIZER,100,100,10000
532,WHEAT,46,46,9575
532,CARROT,52,52,9776
532,TOMATO,147,147,9697
532,STRAWBERRY,282,282,9629
532,MELON,278,278,9977
532,EGG,58,58,9862
532,MILK,261,261,9866
532,WOOL,227,227,9977
532,FERTILIZER,100,100,10000
533,WHEAT,46,46,9569
533,CARROT,53,52,9773
533,TOMATO,152,147,9693
533,STRAWBERRY,283,282,9623
533,MELON,278,278,9977
533,EGG,58,58,9861
533,MILK,262,261,9863
533,WOOL,227,227,9977
533,FERTILIZER,100,100,10000
534,WHEAT,46,46,9569
534,CARROT,53,53,9773
534,TOMATO,152,152,9693
534,STRAWBERRY,283,283,9623
534,MELON,278,278,9977
534,EGG,58,58,9861
534,MILK,262,262,9863
534,WOOL,227,227,9977
534,FERTILIZER,100,100,10000
535,WHEAT,46,46,9569
535,CARROT,53,53,9773
535,TOMATO,152,152,9693
535,STRAWBERRY,283,283,9623
535,MELON,278,278,9977
535,EGG,58,58,9861
535,MILK,262,262,9863
535,WOOL,227,227,9977
535,FERTILIZER,100,100,10000
536,WHEAT,46,46,9569
536,CARROT,53,53,9773
536,TOMATO,152,152,9693
536,STRAWBERRY,283,283,9623
536,MELON,278,278,9977
536,EGG,58,58,9861
536,MILK,262,262,9863
536,WOOL,227,227,9977
536,FERTILIZER,100,100,10000
537,WHEAT,46,46,9563
537,CARROT,53,53,9770
537,TOMATO,156,152,9689
537,STRAWBERRY,284,283,9617
537,MELON,278,278,9977
537,EGG,58,58,9860
537,MILK,263,262,9860
537,WOOL,227,227,9977
537,FERTILIZER,100,100,10000
538,WHEAT,46,46,9563
538,CARROT,53,53,9770
538,TOMATO,156,156,9689
538,STRAWBERRY,284,284,9617
538,MELON,278,278,9977
538,EGG,58,58,9860
538,MILK,263,263,9860
538,WOOL,227,227,9977
538,FERTILIZER,100,100,10000
539,WHEAT,46,46,9563
539,CARROT,53,53,9770
539,TOMATO,156,156,9689
539,STRAWBERRY,284,284,9617
539,MELON,278,278,9977
539,EGG,58,58,9860
539,MILK,263,263,9860
539,WOOL,227,227,9977
539,FERTILIZER,100,100,10000
540,WHEAT,46,46,9563
540,CARROT,53,53,9770
540,TOMATO,156,156,9689
540,STRAWBERRY,284,284,9617
540,MELON,278,278,9977
540,EGG,58,58,9860
540,MILK,263,263,9860
540,WOOL,227,227,9977
540,FERTILIZER,100,100,10000
541,WHEAT,46,46,9557
541,CARROT,53,53,9767
541,TOMATO,161,156,9685
541,STRAWBERRY,286,284,9611
541,MELON,278,278,9977
541,EGG,58,58,9859
541,MILK,264,263,9857
541,WOOL,227,227,9977
541,FERTILIZER,100,100,10000
542,WHEAT,46,46,9557
542,CARROT,53,53,9767
542,TOMATO,161,161,9685
542,STRAWBERRY,286,286,9611
542,MELON,278,278,9977
542,EGG,58,58,9859
542,MILK,264,264,9857
542,WOOL,227,227,9977
542,FERTILIZER,100,100,10000
543,WHEAT,46,46,9557
543,CARROT,53,53,9767
543,TOMATO,161,161,9685
543,STRAWBERRY,286,286,9611
543,MELON,278,278,9977
543,EGG,58,58,9859
543,MILK,264,264,9857
543,WOOL,227,227,9977
543,FERTILIZER,100,100,10000
544,WHEAT,46,46,9557
544,CARROT,53,53,9767
544,TOMATO,161,161,9685
544,STRAWBERRY,286,286,9611
544,MELON,278,278,9977
544,EGG,58,58,9859
544,MILK,264,264,9857
544,WOOL,227,227,9977
544,FERTILIZER,100,100,10000
545,WHEAT,46,46,9551
545,CARROT,53,53,9764
545,TOMATO,166,161,9681
545,STRAWBERRY,287,286,9605
545,MELON,278,278,9977
545,EGG,59,58,9858
545,MILK,265,264,9854
545,WOOL,227,227,9977
545,FERTILIZER,100,100,10000
546,WHEAT,46,46,9551
546,CARROT,53,53,9764
546,TOMATO,166,166,9681
546,STRAWBERRY,287,287,9605
546,MELON,278,278,9977
546,EGG,59,59,9858
546,MILK,265,265,9854
546,WOOL,227,227,9977
546,FERTILIZER,100,100,10000
547,WHEAT,46,46,9551
547,CARROT,53,53,9764
547,TOMATO,166,166,9681
547,STRAWBERRY,287,287,9605
547,MELON,278,278,9977
547,EGG,59,59,9858
547,MILK,265,265,9854
547,WOOL,227,227,9977
547,FERTILIZER,100,100,10000
548,WHEAT,46,46,9551
548,CARROT,53,53,9764
548,TOMATO,166,166,9681
548,STRAWBERRY,287,287,9605
548,MELON,278,278,9977
548,EGG,59,59,9858
548,MILK,265,265,9854
548,WOOL,227,227,9977
548,FERTILIZER,100,100,10000
549,WHEAT,46,46,9545
549,CARROT,54,53,9761
549,TOMATO,171,166,9677
549,STRAWBERRY,288,287,9599
549,MELON,278,278,9977
549,EGG,59,59,9857
549,MILK,266,265,9851
549,WOOL,227,227,9977
549,FERTILIZER,100,100,10000
550,WHEAT,46,46,9545
550,CARROT,54,54,9761
550,TOMATO,171,171,9677
550,STRAWBERRY,288,288,9599
550,MELON,278,278,9977
550,EGG,59,59,9857
550,MILK,266,266,9851
550,WOOL,227,227,9977
550,FERTILIZER,100,100,10000
551,WHEAT,46,46,9545
551,CARROT,54,54,9761
551,TOMATO,171,171,9677
551,STRAWBERRY,288,288,9599
551,MELON,278,278,9977
551,EGG,59,59,9857
551,MILK,266,266,9851
551,WOOL,227,227,9977
551,FERTILIZER,100,100,10000
552,WHEAT,46,46,9545
552,CARROT,54,54,9761
552,TOMATO,171,171,9677
552,STRAWBERRY,288,288,9599
552,MELON,278,278,9977
552,EGG,59,59,9857
552,MILK,266,266,9851
552,WOOL,227,227,9977
552,FERTILIZER,100,100,10000
553,WHEAT,46,46,9538
553,CARROT,54,54,9757
553,TOMATO,178,171,9672
553,STRAWBERRY,290,288,9592
553,MELON,278,278,9976
553,EGG,59,59,9855
553,MILK,268,266,9847
553,WOOL,228,227,9976
553,FERTILIZER,100,100,10000
554,WHEAT,46,46,9538
554,CARROT,54,54,9757
554,TOMATO,178,178,9672
554,STRAWBERRY,290,290,9592
554,MELON,278,278,9976
554,EGG,59,59,9855
554,MILK,268,268,9847
554,WOOL,228,228,9976
554,FERTILIZER,100,100,10000
555,WHEAT,46,46,9538
555,CARROT,54,54,9757
555,TOMATO,178,178,9672
555,STRAWBERRY,290,290,9592
555,MELON,278,278,9976
555,EGG,59,59,9855
555,MILK,268,268,9847
555,WOOL,228,228,9976
555,FERTILIZER,100,100,10000
556,WHEAT,46,46,9538
556,CARROT,54,54,9757
556,TOMATO,178,178,9672
556,STRAWBERRY,290,290,9592
556,MELON,278,278,9976
556,EGG,59,59,9855
556,MILK,268,268,9847
556,WOOL,228,228,9976
556,FERTILIZER,100,100,10000
557,WHEAT,47,46,9532
557,CARROT,54,54,9754
557,TOMATO,183,178,9668
557,STRAWBERRY,291,290,9586
557,MELON,278,278,9976
557,EGG,59,59,9854
557,MILK,269,268,9844
557,WOOL,228,228,9976
557,FERTILIZER,100,100,10000
558,WHEAT,47,47,9532
558,CARROT,54,54,9754
558,TOMATO,183,183,9668
558,STRAWBERRY,291,291,9586
558,MELON,278,278,9976
558,EGG,59,59,9854
558,MILK,269,269,9844
558,WOOL,228,228,9976
558,FERTILIZER,100,100,10000
559,WHEAT,47,47,9532
559,CARROT,54,54,9754
559,TOMATO,183,183,9668
559,STRAWBERRY,291,291,9586
559,MELON,278,278,9976
559,EGG,59,59,9854
559,MILK,269,269,9844
559,WOOL,228,228,9976
559,FERTILIZER,100,100,10000
560,WHEAT,47,47,9532
560,CARROT,54,54,9754
560,TOMATO,183,183,9668
560,STRAWBERRY,291,291,9586
560,MELON,278,278,9976
560,EGG,59,59,9854
560,MILK,269,269,9844
560,WOOL,228,228,9976
560,FERTILIZER,100,100,10000
561,WHEAT,47,47,9526
561,CARROT,54,54,9751
561,TOMATO,189,183,9664
561,STRAWBERRY,292,291,9580
561,MELON,278,278,9976
561,EGG,59,59,9853
561,MILK,270,269,9841
561,WOOL,228,228,9976
561,FERTILIZER,100,100,10000
562,WHEAT,47,47,9526
562,CARROT,54,54,9751
562,TOMATO,189,189,9664
562,STRAWBERRY,292,292,9580
562,MELON,278,278,9976
562,EGG,59,59,9853
562,MILK,270,270,9841
562,WOOL,228,228,9976
562,FERTILIZER,100,100,10000
563,WHEAT,47,47,9526
563,CARROT,54,54,9751
563,TOMATO,189,189,9664
563,STRAWBERRY,292,292,9580
563,MELON,278,278,9976
563,EGG,59,59,9853
563,MILK,270,270,9841
563,WOOL,228,228,9976
563,FERTILIZER,100,100,10000
564,WHEAT,47,47,9526
564,CARROT,54,54,9751
564,TOMATO,189,189,9664
564,STRAWBERRY,292,292,9580
564,MELON,278,278,9976
564,EGG,59,59,9853
564,MILK,270,270,9841
564,WOOL,228,228,9976
564,FERTILIZER,100,100,10000
565,WHEAT,47,47,9520
565,CARROT,55,54,9748
565,TOMATO,195,189,9660
565,STRAWBERRY,293,292,9574
565,MELON,278,278,9976
565,EGG,59,59,9852
565,MILK,271,270,9838
565,WOOL,228,228,9976
565,FERTILIZER,100,100,10000
566,WHEAT,47,47,9520
566,CARROT,55,55,9748
566,TOMATO,195,195,9660
566,STRAWBERRY,293,293,9574
566,MELON,278,278,9976
566,EGG,59,59,9852
566,MILK,271,271,9838
566,WOOL,228,228,9976
566,FERTILIZER,100,100,10000
567,WHEAT,47,47,9520
567,CARROT,55,55,9748
567,TOMATO,195,195,9660
567,STRAWBERRY,293,293,9574
567,MELON,278,278,9976
567,EGG,59,59,9852
567,MILK,271,271,9838
567,WOOL,228,228,9976
567,FERTILIZER,100,100,10000
568,WHEAT,47,47,9520
568,CARROT,55,55,9748
568,TOMATO,195,195,9660
568,STRAWBERRY,293,293,9574
568,MELON,278,278,9976
568,EGG,59,59,9852
568,MILK,271,271,9838
568,WOOL,228,228,9976
568,FERTILIZER,100,100,10000
569,WHEAT,47,47,9514
569,CARROT,55,55,9745
569,TOMATO,201,195,9656
569,STRAWBERRY,295,293,9568
569,MELON,278,278,9976
569,EGG,59,59,9851
569,MILK,272,271,9835
569,WOOL,228,228,9976
569,FERTILIZER,100,100,10000
570,WHEAT,47,47,9514
570,CARROT,55,55,9745
570,TOMATO,201,201,9656
570,STRAWBERRY,295,295,9568
570,MELON,278,278,9976
570,EGG,59,59,9851
570,MILK,272,272,9835
570,WOOL,228,228,9976
570,FERTILIZER,100,100,10000
571,WHEAT,47,47,9514
571,CARROT,55,55,9745
571,TOMATO,201,201,9656
571,STRAWBERRY,295,295,9568
571,MELON,278,278,9976
571,EGG,59,59,9851
571,MILK,272,272,9835
571,WOOL,228,228,9976
571,FERTILIZER,100,100,10000
572,WHEAT,47,47,9514
572,CARROT,55,55,9745
572,TOMATO,201,201,9656
572,STRAWBERRY,295,295,9568
572,MELON,278,278,9976
572,EGG,59,59,9851
572,MILK,272,272,9835
572,WOOL,228,228,9976
572,FERTILIZER,100,100,10000
573,WHEAT,47,47,9508
573,CARROT,55,55,9742
573,TOMATO,207,201,9652
573,STRAWBERRY,296,295,9562
573,MELON,278,278,9976
573,EGG,59,59,9850
573,MILK,273,272,9832
573,WOOL,228,228,9976
573,FERTILIZER,100,100,10000
574,WHEAT,47,47,9508
574,CARROT,55,55,9742
574,TOMATO,207,207,9652
574,STRAWBERRY,296,296,9562
574,MELON,278,278,9976
574,EGG,59,59,9850
574,MILK,273,273,9832
574,WOOL,228,228,9976
574,FERTILIZER,100,100,10000
575,WHEAT,47,47,9508
575,CARROT,55,55,9742
575,TOMATO,207,207,9652
575,STRAWBERRY,296,296,9562
575,MELON,278,278,9976
575,EGG,59,59,9850
575,MILK,273,273,9832
575,WOOL,228,228,9976
575,FERTILIZER,100,100,10000
576,WHEAT,47,47,9508
576,CARROT,55,55,9742
576,TOMATO,207,207,9652
576,STRAWBERRY,296,296,9562
576,MELON,278,278,9976
576,EGG,59,59,9850
576,MILK,273,273,9832
576,WOOL,228,228,9976
576,FERTILIZER,100,100,10000
577,WHEAT,47,47,9500
577,CARROT,55,55,9738
577,TOMATO,215,207,9647
577,STRAWBERRY,297,296,9554
577,MELON,279,278,9975
577,EGG,59,59,9848
577,MILK,274,273,9827
577,WOOL,228,228,9975
577,FERTILIZER,100,100,10000
578,WHEAT,47,47,9500
578,CARROT,55,55,9738
578,TOMATO,215,215,9647
578,STRAWBERRY,297,297,9554
578,MELON,279,279,9975
578,EGG,59,59,9848
578,MILK,274,274,9827
578,WOOL,228,228,9975
578,FERTILIZER,100,100,10000
579,WHEAT,47,47,9500
579,CARROT,55,55,9738
579,TOMATO,215,215,9647
579,STRAWBERRY,297,297,9554
579,MELON,279,279,9975
579,EGG,59,59,9848
579,MILK,274,274,9827
579,WOOL,228,228,9975
579,FERTILIZER,100,100,10000
580,WHEAT,47,47,9500
580,CARROT,55,55,9738
580,TOMATO,215,215,9647
580,STRAWBERRY,297,297,9554
580,MELON,279,279,9975
580,EGG,59,59,9848
580,MILK,274,274,9827
580,WOOL,228,228,9975
580,FERTILIZER,100,100,10000
581,WHEAT,48,47,9493
581,CARROT,56,55,9735
581,TOMATO,221,215,9643
581,STRAWBERRY,299,297,9547
581,MELON,279,279,9975
581,EGG,59,59,9847
581,MILK,276,274,9823
581,WOOL,228,228,9975
581,FERTILIZER,100,100,10000
582,WHEAT,48,48,9493
582,CARROT,56,56,9735
582,TOMATO,221,221,9643
582,STRAWBERRY,299,299,9547
582,MELON,279,279,9975
582,EGG,59,59,9847
582,MILK,276,276,9823
582,WOOL,228,228,9975
582,FERTILIZER,100,100,10000
583,WHEAT,48,48,9493
583,CARROT,56,56,9735
583,TOMATO,221,221,9643
583,STRAWBERRY,299,299,9547
583,MELON,279,279,9975
583,EGG,59,59,9847
583,MILK,276,276,9823
583,WOOL,228,228,9975
583,FERTILIZER,100,100,10000
584,WHEAT,48,48,9493
584,CARROT,56,56,9735
584,TOMATO,221,221,9643
584,STRAWBERRY,299,299,9547
584,MELON,279,279,9975
584,EGG,59,59,9847
584,MILK,276,276,9823
584,WOOL,228,228,9975
584,FERTILIZER,100,100,10000
585,WHEAT,48,48,9486
585,CARROT,56,56,9732
585,TOMATO,228,221,9639
585,STRAWBERRY,300,299,9540
585,MELON,279,279,9975
585,EGG,59,59,9846
585,MILK,277,276,9819
585,WOOL,228,228,9975
585,FERTILIZER,100,100,10000
586,WHEAT,48,48,9486
586,CARROT,56,56,9732
586,TOMATO,228,228,9639
586,STRAWBERRY,300,300,9540
586,MELON,279,279,9975
586,EGG,59,59,9846
586,MILK,277,277,9819
586,WOOL,228,228,9975
586,FERTILIZER,100,100,10000
587,WHEAT,48,48,9486
587,CARROT,56,56,9732
587,TOMATO,228,228,9639
587,STRAWBERRY,300,300,9540
587,MELON,279,279,9975
587,EGG,59,59,9846
587,MILK,277,277,9819
587,WOOL,228,228,9975
587,FERTILIZER,100,100,10000
588,WHEAT,48,48,9486
588,CARROT,56,56,9732
588,TOMATO,228,228,9639
588,STRAWBERRY,300,300,9540
588,MELON,279,279,9975
588,EGG,59,59,9846
588,MILK,277,277,9819
588,WOOL,228,228,9975
588,FERTILIZER,100,100,10000
589,WHEAT,48,48,9479
589,CARROT,56,56,9729
589,TOMATO,234,228,9635
589,STRAWBERRY,302,300,9533
589,MELON,279,279,9975
589,EGG,59,59,9845
589,MILK,278,277,9815
589,WOOL,228,228,9975
589,FERTILIZER,100,100,10000
590,WHEAT,48,48,9479
590,CARROT,56,56,9729
590,TOMATO,234,234,9635
590,STRAWBERRY,302,302,9533
590,MELON,279,279,9975
590,EGG,59,59,9845
590,MILK,278,278,9815
590,WOOL,228,228,9975
590,FERTILIZER,100,100,10000
591,WHEAT,48,48,9479
591,CARROT,56,56,9729
591,TOMATO,234,234,9635
591,STRAWBERRY,302,302,9533
591,MELON,279,279,9975
591,EGG,59,59,9845
591,MILK,278,278,9815
591,WOOL,228,228,9975
591,FERTILIZER,100,100,10000
592,WHEAT,48,48,9479
592,CARROT,56,56,9729
592,TOMATO,234,234,9635
592,STRAWBERRY,302,302,9533
592,MELON,279,279,9975
592,EGG,59,59,9845
592,MILK,278,278,9815
592,WOOL,228,228,9975
592,FERTILIZER,100,100,10000
593,WHEAT,48,48,9472
593,CARROT,56,56,9726
593,TOMATO,241,234,9631
593,STRAWBERRY,303,302,9526
593,MELON,279,279,9975
593,EGG,59,59,9844
593,MILK,279,278,9811
593,WOOL,228,228,9975
593,FERTILIZER,100,100,10000
594,WHEAT,48,48,9472
594,CARROT,56,56,9726
594,TOMATO,241,241,9631
594,STRAWBERRY,303,303,9526
594,MELON,279,279,9975
594,EGG,59,59,9844
594,MILK,279,279,9811
594,WOOL,228,228,9975
594,FERTILIZER,100,100,10000
595,WHEAT,48,48,9472
595,CARROT,56,56,9726
595,TOMATO,241,241,9631
595,STRAWBERRY,303,303,9526
595,MELON,279,279,9975
595,EGG,59,59,9844
595,MILK,279,279,9811
595,WOOL,228,228,9975
595,FERTILIZER,100,100,10000
596,WHEAT,48,48,9472
596,CARROT,56,56,9726
596,TOMATO,241,241,9631
596,STRAWBERRY,303,303,9526
596,MELON,279,279,9975
596,EGG,59,59,9844
596,MILK,279,279,9811
596,WOOL,228,228,9975
596,FERTILIZER,100,100,10000
597,WHEAT,48,48,9465
597,CARROT,57,56,9723
597,TOMATO,248,241,9627
597,STRAWBERRY,304,303,9519
597,MELON,279,279,9975
597,EGG,59,59,9843
597,MILK,281,279,9807
597,WOOL,228,228,9975
597,FERTILIZER,100,100,10000
598,WHEAT,48,48,9465
598,CARROT,57,57,9723
598,TOMATO,248,248,9627
598,STRAWBERRY,304,304,9519
598,MELON,279,279,9975
598,EGG,59,59,9843
598,MILK,281,281,9807
598,WOOL,228,228,9975
598,FERTILIZER,100,100,10000
599,WHEAT,48,48,9465
599,CARROT,57,57,9723
599,TOMATO,248,248,9627
599,STRAWBERRY,304,304,9519
599,MELON,279,279,9975
599,EGG,59,59,9843
599,MILK,281,281,9807
599,WOOL,228,228,9975
599,FERTILIZER,100,100,10000
600,WHEAT,48,48,9465
600,CARROT,57,57,9723
600,TOMATO,248,248,9627
600,STRAWBERRY,304,304,9519
600,MELON,279,279,9975
600,EGG,59,59,9843
600,MILK,281,281,9807
600,WOOL,228,228,9975
600,FERTILIZER,100,100,10000
601,WHEAT,48,48,9457
601,CARROT,57,57,9719
601,TOMATO,257,248,9622
601,STRAWBERRY,306,304,9511
601,MELON,279,279,9974
601,EGG,60,59,9841
601,MILK,282,281,9802
601,WOOL,228,228,9974
601,FERTILIZER,100,100,10000
602,WHEAT,48,48,9457
602,CARROT,57,57,9719
602,TOMATO,257,257,9622
602,STRAWBERRY,306,306,9511
602,MELON,279,279,9974
602,EGG,60,60,9841
602,MILK,282,282,9802
602,WOOL,228,228,9974
602,FERTILIZER,100,100,10000
603,WHEAT,48,48,9457
603,CARROT,57,57,9719
603,TOMATO,257,257,9622
603,STRAWBERRY,306,306,9511
603,MELON,279,279,9974
603,EGG,60,60,9841
603,MILK,282,282,9802
603,WOOL,228,228,9974
603,FERTILIZER,100,100,10000
604,WHEAT,48,48,9457
604,CARROT,57,57,9719
604,TOMATO,257,257,9622
604,STRAWBERRY,306,306,9511
604,MELON,279,279,9974
604,EGG,60,60,9841
604,MILK,282,282,9802
604,WOOL,228,228,9974
604,FERTILIZER,100,100,10000
605,WHEAT,48,48,9450
605,CARROT,57,57,9716
605,TOMATO,265,257,9618
605,STRAWBERRY,307,306,9504
605,MELON,279,279,9974
605,EGG,60,60,9840
605,MILK,284,282,9798
605,WOOL,228,228,9974
605,FERTILIZER,100,100,10000
606,WHEAT,48,48,9450
606,CARROT,57,57,9716
606,TOMATO,265,265,9618
606,STRAWBERRY,307,307,9504
606,MELON,279,279,9974
606,EGG,60,60,9840
606,MILK,284,284,9798
606,WOOL,228,228,9974
606,FERTILIZER,100,100,10000
607,WHEAT,48,48,9450
607,CARROT,57,57,9716
607,TOMATO,265,265,9618
607,STRAWBERRY,307,307,9504
607,MELON,279,279,9974
607,EGG,60,60,9840
607,MILK,284,284,9798
607,WOOL,228,228,9974
607,FERTILIZER,100,100,10000
608,WHEAT,48,48,9450
608,CARROT,57,57,9716
608,TOMATO,265,265,9618
608,STRAWBERRY,307,307,9504
608,MELON,279,279,9974
608,EGG,60,60,9840
608,MILK,284,284,9798
608,WOOL,228,228,9974
608,FERTILIZER,100,100,10000
609,WHEAT,49,48,9443
609,CARROT,57,57,9713
609,TOMATO,272,265,9614
609,STRAWBERRY,308,307,9497
609,MELON,279,279,9974
609,EGG,60,60,9839
609,MILK,285,284,9794
609,WOOL,228,228,9974
609,FERTILIZER,100,100,10000
610,WHEAT,49,49,9443
610,CARROT,57,57,9713
610,TOMATO,272,272,9614
610,STRAWBERRY,308,308,9497
610,MELON,279,279,9974
610,EGG,60,60,9839
610,MILK,285,285,9794
610,WOOL,228,228,9974
610,FERTILIZER,100,100,10000
611,WHEAT,49,49,9443
611,CARROT,57,57,9713
611,TOMATO,272,272,9614
611,STRAWBERRY,308,308,9497
611,MELON,279,279,9974
611,EGG,60,60,9839
611,MILK,285,285,9794
611,WOOL,228,228,9974
611,FERTILIZER,100,100,10000
612,WHEAT,49,49,9443
612,CARROT,57,57,9713
612,TOMATO,272,272,9614
612,STRAWBERRY,308,308,9497
612,MELON,279,279,9974
612,EGG,60,60,9839
612,MILK,285,285,9794
612,WOOL,228,228,9974
612,FERTILIZER,100,100,10000
613,WHEAT,49,49,9436
613,CARROT,58,57,9710
613,TOMATO,280,272,9610
613,STRAWBERRY,310,308,9490
613,MELON,279,279,9974
613,EGG,60,60,9838
613,MILK,286,285,9790
613,WOOL,228,228,9974
613,FERTILIZER,100,100,10000
614,WHEAT,49,49,9436
614,CARROT,58,58,9710
614,TOMATO,280,280,9610
614,STRAWBERRY,310,310,9490
614,MELON,279,279,9974
614,EGG,60,60,9838
614,MILK,286,286,9790
614,WOOL,228,228,9974
614,FERTILIZER,100,100,10000
615,WHEAT,49,49,9436
615,CARROT,58,58,9710
615,TOMATO,280,280,9610
615,STRAWBERRY,310,310,9490
615,MELON,279,279,9974
615,EGG,60,60,9838
615,MILK,286,286,9790
615,WOOL,228,228,9974
615,FERTILIZER,100,100,10000
616,WHEAT,49,49,9436
616,CARROT,58,58,9710
616,TOMATO,280,280,9610
616,STRAWBERRY,310,310,9490
616,MELON,279,279,9974
616,EGG,60,60,9838
616,MILK,286,286,9790
616,WOOL,228,228,9974
616,FERTILIZER,100,100,10000
617,WHEAT,49,49,9429
617,CARROT,58,58,9707
617,TOMATO,288,280,9606
617,STRAWBERRY,311,310,9483
617,MELON,279,279,9974
617,EGG,60,60,9837
617,MILK,287,286,9786
617,WOOL,228,228,9974
617,FERTILIZER,100,100,10000
618,WHEAT,49,49,9429
618,CARROT,58,58,9707
618,TOMATO,288,288,9606
618,STRAWBERRY,311,311,9483
618,MELON,279,279,9974
618,EGG,60,60,9837
618,MILK,287,287,9786
618,WOOL,228,228,9974
618,FERTILIZER,100,100,10000
619,WHEAT,49,49,9429
619,CARROT,58,58,9707
619,TOMATO,288,288,9606
619,STRAWBERRY,311,311,9483
619,MELON,279,279,9974
619,EGG,60,60,9837
619,MILK,287,287,9786
619,WOOL,228,228,9974
619,FERTILIZER,100,100,10000
620,WHEAT,49,49,9429
620,CARROT,58,58,9707
620,TOMATO,288,288,9606
620,STRAWBERRY,311,311,9483
620,MELON,279,279,9974
620,EGG,60,60,9837
620,MILK,287,287,9786
620,WOOL,228,228,9974
620,FERTILIZER,100,100,10000
621,WHEAT,49,49,9422
621,CARROT,58,58,9704
621,TOMATO,296,288,9602
621,STRAWBERRY,312,311,9476
621,MELON,279,279,9974
621,EGG,60,60,9836
621,MILK,288,287,9782
621,WOOL,228,228,9974
621,FERTILIZER,100,100,10000
622,WHEAT,49,49,9422
622,CARROT,58,58,9704
622,TOMATO,296,296,9602
622,STRAWBERRY,312,312,9476
622,MELON,279,279,9974
622,EGG,60,60,9836
622,MILK,288,288,9782
622,WOOL,228,228,9974
622,FERTILIZER,100,100,10000
623,WHEAT,49,49,9422
623,CARROT,58,58,9704
623,TOMATO,296,296,9602
623,STRAWBERRY,312,312,9476
623,MELON,279,279,9974
623,EGG,60,60,9836
623,MILK,288,288,9782
623,WOOL,228,228,9974
623,FERTILIZER,100,100,10000
624,WHEAT,49,49,9422
624,CARROT,58,58,9704
624,TOMATO,296,296,9602
624,STRAWBERRY,312,312,9476
624,MELON,279,279,9974
624,EGG,60,60,9836
624,MILK,288,288,9782
624,WOOL,228,228,9974
624,FERTILIZER,100,100,10000
625,WHEAT,49,49,9414
625,CARROT,58,58,9700
625,TOMATO,306,296,9597
625,STRAWBERRY,314,312,9468
625,MELON,279,279,9973
625,EGG,60,60,9834
625,MILK,290,288,9777
625,WOOL,229,228,9973
625,FERTILIZER,100,100,10000
626,WHEAT,49,49,9414
626,CARROT,58,58,9700
626,TOMATO,306,306,9597
626,STRAWBERRY,314,314,9468
626,MELON,279,279,9973
626,EGG,60,60,9834
626,MILK,290,290,9777
626,WOOL,229,229,9973
626,FERTILIZER,100,100,10000
627,WHEAT,49,49,9414
627,CARROT,58,58,9700
627,TOMATO,306,306,9597
627,STRAWBERRY,314,314,9468
627,MELON,279,279,9973
627,EGG,60,60,9834
627,MILK,290,290,9777
627,WOOL,229,229,9973
627,FERTILIZER,100,100,10000
628,WHEAT,49,49,9414
628,CARROT,58,58,9700
628,TOMATO,306,306,9597
628,STRAWBERRY,314,314,9468
628,MELON,279,279,9973
628,EGG,60,60,9834
628,MILK,290,290,9777
628,WOOL,229,229,9973
628,FERTILIZER,100,100,10000
629,WHEAT,49,49,9407
629,CARROT,59,58,9697
629,TOMATO,315,306,9593
629,STRAWBERRY,315,314,9461
629,MELON,279,279,9973
629,EGG,60,60,9833
629,MILK,291,290,9773
629,WOOL,229,229,9973
629,FERTILIZER,100,100,10000
630,WHEAT,49,49,9407
630,CARROT,59,59,9697
630,TOMATO,315,315,9593
630,STRAWBERRY,315,315,9461
630,MELON,279,279,9973
630,EGG,60,60,9833
630,MILK,291,291,9773
630,WOOL,229,229,9973
630,FERTILIZER,100,100,10000
631,WHEAT,49,49,9407
631,CARROT,59,59,9697
631,TOMATO,315,315,9593
631,STRAWBERRY,315,315,9461
631,MELON,279,279,9973
631,EGG,60,60,9833
631,MILK,291,291,9773
631,WOOL,229,229,9973
631,FERTILIZER,100,100,10000
632,WHEAT,49,49,9407
632,CARROT,59,59,9697
632,TOMATO,315,315,9593
632,STRAWBERRY,315,315,9461
632,MELON,279,279,9973
632,EGG,60,60,9833
632,MILK,291,291,9773
632,WOOL,229,229,9973
632,FERTILIZER,100,100,10000
633,WHEAT,49,49,9400
633,CARROT,59,59,9694
633,TOMATO,323,315,9589
633,STRAWBERRY,316,315,9454
633,MELON,279,279,9973
633,EGG,60,60,9832
633,MILK,292,291,9769
633,WOOL,229,229,9973
633,FERTILIZER,100,100,10000
634,WHEAT,49,49,9400
634,CARROT,59,59,9694
634,TOMATO,323,323,9589
634,STRAWBERRY,316,316,9454
634,MELON,279,279,9973
634,EGG,60,60,9832
634,MILK,292,292,9769
634,WOOL,229,229,9973
634,FERTILIZER,100,100,10000
635,WHEAT,49,49,9400
635,CARROT,59,59,9694
635,TOMATO,323,323,9589
635,STRAWBERRY,316,316,9454
635,MELON,279,279,9973
635,EGG,60,60,9832
635,MILK,292,292,9769
635,WOOL,229,229,9973
635,FERTILIZER,100,100,10000
636,WHEAT,49,49,9400
636,CARROT,59,59,9694
636,TOMATO,323,323,9589
636,STRAWBERRY,316,316,9454
636,MELON,279,279,9973
636,EGG,60,60,9832
636,MILK,292,292,9769
636,WOOL,229,229,9973
636,FERTILIZER,100,100,10000
637,WHEAT,50,49,9393
637,CARROT,59,59,9691
637,TOMATO,332,323,9585
637,STRAWBERRY,318,316,9447
637,MELON,279,279,9973
637,EGG,60,60,9831
637,MILK,293,292,9765
637,WOOL,229,229,9973
637,FERTILIZER,100,100,10000
638,WHEAT,50,50,9393
638,CARROT,59,59,9691
638,TOMATO,332,332,9585
638,STRAWBERRY,318,318,9447
638,MELON,279,279,9973
638,EGG,60,60,9831
638,MILK,293,293,9765
638,WOOL,229,229,9973
638,FERTILIZER,100,100,10000
639,WHEAT,50,50,9393
639,CARROT,59,59,9691
639,TOMATO,332,332,9585
639,STRAWBERRY,318,318,9447
639,MELON,279,279,9973
639,EGG,60,60,9831
639,MILK,293,293,9765
639,WOOL,229,229,9973
639,FERTILIZER,100,100,10000
640,WHEAT,50,50,9393
640,CARROT,59,59,9691
640,TOMATO,332,332,9585
640,STRAWBERRY,318,318,9447
640,MELON,279,279,9973
640,EGG,60,60,9831
640,MILK,293,293,9765
640,WOOL,229,229,9973
640,FERTILIZER,100,100,10000
641,WHEAT,50,50,9386
641,CARROT,59,59,9688
641,TOMATO,340,332,9581
641,STRAWBERRY,319,318,9440
641,MELON,279,279,9973
641,EGG,60,60,9830
641,MILK,294,293,9761
641,WOOL,229,229,9973
641,FERTILIZER,100,100,10000
642,WHEAT,50,50,9386
642,CARROT,59,59,9688
642,TOMATO,340,340,9581
642,STRAWBERRY,319,319,9440
642,MELON,279,279,9973
642,EGG,60,60,9830
642,MILK,294,294,9761
642,WOOL,229,229,9973
642,FERTILIZER,100,100,10000
643,WHEAT,50,50,9386
643,CARROT,59,59,9688
643,TOMATO,340,340,9581
643,STRAWBERRY,319,319,9440
643,MELON,279,279,9973
643,EGG,60,60,9830
643,MILK,294,294,9761
643,WOOL,229,229,9973
643,FERTILIZER,100,100,10000
644,WHEAT,50,50,9386
644,CARROT,59,59,9688
644,TOMATO,340,340,9581
644,STRAWBERRY,319,319,9440
644,MELON,279,279,9973
644,EGG,60,60,9830
644,MILK,294,294,9761
644,WOOL,229,229,9973
644,FERTILIZER,100,100,10000
645,WHEAT,50,50,9379
645,CARROT,60,59,9685
645,TOMATO,349,340,9577
645,STRAWBERRY,320,319,9433
645,MELON,279,279,9973
645,EGG,60,60,9829
645,MILK,295,294,9757
645,WOOL,229,229,9973
645,FERTILIZER,100,100,10000
646,WHEAT,50,50,9379
646,CARROT,60,60,9685
646,TOMATO,349,349,9577
646,STRAWBERRY,320,320,9433
646,MELON,279,279,9973
646,EGG,60,60,9829
646,MILK,295,295,9757
646,WOOL,229,229,9973
646,FERTILIZER,100,100,10000
647,WHEAT,50,50,9379
647,CARROT,60,60,9685
647,TOMATO,349,349,9577
647,STRAWBERRY,320,320,9433
647,MELON,279,279,9973
647,EGG,60,60,9829
647,MILK,295,295,9757
647,WOOL,229,229,9973
647,FERTILIZER,100,100,10000
648,WHEAT,50,50,9379
648,CARROT,60,60,9685
648,TOMATO,349,349,9577
648,STRAWBERRY,320,320,9433
648,MELON,279,279,9973
648,EGG,60,60,9829
648,MILK,295,295,9757
648,WOOL,229,229,9973
648,FERTILIZER,100,100,10000
649,WHEAT,50,50,9371
649,CARROT,60,60,9681
649,TOMATO,361,349,9572
649,STRAWBERRY,321,320,9425
649,MELON,280,279,9972
649,EGG,60,60,9827
649,MILK,297,295,9752
649,WOOL,229,229,9972
649,FERTILIZER,100,100,10000
650,WHEAT,50,50,9371
650,CARROT,60,60,9681
650,TOMATO,361,361,9572
650,STRAWBERRY,321,321,9425
650,MELON,280,280,9972
650,EGG,60,60,9827
650,MILK,297,297,9752
650,WOOL,229,229,9972
650,FERTILIZER,100,100,10000
651,WHEAT,50,50,9371
651,CARROT,60,60,9681
651,TOMATO,361,361,9572
651,STRAWBERRY,321,321,9425
651,MELON,280,280,9972
651,EGG,60,60,9827
651,MILK,297,297,9752
651,WOOL,229,229,9972
651,FERTILIZER,100,100,10000
652,WHEAT,50,50,9371
652,CARROT,60,60,9681
652,TOMATO,361,361,9572
652,STRAWBERRY,321,321,9425
652,MELON,280,280,9972
652,EGG,60,60,9827
652,MILK,297,297,9752
652,WOOL,229,229,9972
652,FERTILIZER,100,100,10000
653,WHEAT,50,50,9364
653,CARROT,60,60,9678
653,TOMATO,370,361,9568
653,STRAWBERRY,323,321,9418
653,MELON,280,280,9972
653,EGG,60,60,9826
653,MILK,298,297,9748
653,WOOL,229,229,9972
653,FERTILIZER,100,100,10000
654,WHEAT,50,50,9364
654,CARROT,60,60,9678
654,TOMATO,370,370,9568
654,STRAWBERRY,323,323,9418
654,MELON,280,280,9972
654,EGG,60,60,9826
654,MILK,298,298,9748
654,WOOL,229,229,9972
654,FERTILIZER,100,100,10000
655,WHEAT,50,50,9364
655,CARROT,60,60,9678
655,TOMATO,370,370,9568
655,STRAWBERRY,323,323,9418
655,MELON,280,280,9972
655,EGG,60,60,9826
655,MILK,298,298,9748
655,WOOL,229,229,9972
655,FERTILIZER,100,100,10000
656,WHEAT,50,50,9364
656,CARROT,60,60,9678
656,TOMATO,370,370,9568
656,STRAWBERRY,323,323,9418
656,MELON,280,280,9972
656,EGG,60,60,9826
656,MILK,298,298,9748
656,WOOL,229,229,9972
656,FERTILIZER,100,100,10000
657,WHEAT,50,50,9357
657,CARROT,60,60,9675
657,TOMATO,380,370,9564
657,STRAWBERRY,324,323,9411
657,MELON,280,280,9972
657,EGG,61,60,9825
657,MILK,299,298,9744
657,WOOL,229,229,9972
657,FERTILIZER,100,100,10000
658,WHEAT,50,50,9357
658,CARROT,60,60,9675
658,TOMATO,380,380,9564
658,STRAWBERRY,324,324,9411
658,MELON,280,280,9972
658,EGG,61,61,9825
658,MILK,299,299,9744
658,WOOL,229,229,9972
658,FERTILIZER,100,100,10000
659,WHEAT,50,50,9357
659,CARROT,60,60,9675
659,TOMATO,380,380,9564
659,STRAWBERRY,324,324,9411
659,MELON,280,280,9972
659,EGG,61,61,9825
659,MILK,299,299,9744
659,WOOL,229,229,9972
659,FERTILIZER,100,100,10000
660,WHEAT,50,50,9357
660,CARROT,60,60,9675
660,TOMATO,380,380,9564
660,STRAWBERRY,324,324,9411
660,MELON,280,280,9972
660,EGG,61,61,9825
660,MILK,299,299,9744
660,WOOL,229,229,9972
660,FERTILIZER,100,100,10000
661,WHEAT,50,50,9350
661,CARROT,61,60,9672
661,TOMATO,389,380,9560
661,STRAWBERRY,325,324,9404
661,MELON,280,280,9972
661,EGG,61,61,9824
661,MILK,300,299,9740
661,WOOL,229,229,9972
661,FERTILIZER,100,100,10000
662,WHEAT,50,50,9350
662,CARROT,61,61,9672
662,TOMATO,389,389,9560
662,STRAWBERRY,325,325,9404
662,MELON,280,280,9972
662,EGG,61,61,9824
662,MILK,300,300,9740
662,WOOL,229,229,9972
662,FERTILIZER,100,100,10000
663,WHEAT,50,50,9350
663,CARROT,61,61,9672
663,TOMATO,389,389,9560
663,STRAWBERRY,325,325,9404
663,MELON,280,280,9972
663,EGG,61,61,9824
663,MILK,300,300,9740
663,WOOL,229,229,9972
663,FERTILIZER,100,100,10000
664,WHEAT,50,50,9350
664,CARROT,61,61,9672
664,TOMATO,389,389,9560
664,STRAWBERRY,325,325,9404
664,MELON,280,280,9972
664,EGG,61,61,9824
664,MILK,300,300,9740
664,WOOL,229,229,9972
664,FERTILIZER,100,100,10000
665,WHEAT,51,50,9343
665,CARROT,61,61,9669
665,TOMATO,399,389,9556
665,STRAWBERRY,326,325,9397
665,MELON,280,280,9972
665,EGG,61,61,9823
665,MILK,301,300,9736
665,WOOL,229,229,9972
665,FERTILIZER,100,100,10000
666,WHEAT,51,51,9343
666,CARROT,61,61,9669
666,TOMATO,399,399,9556
666,STRAWBERRY,326,326,9397
666,MELON,280,280,9972
666,EGG,61,61,9823
666,MILK,301,301,9736
666,WOOL,229,229,9972
666,FERTILIZER,100,100,10000
667,WHEAT,51,51,9343
667,CARROT,61,61,9669
667,TOMATO,399,399,9556
667,STRAWBERRY,326,326,9397
667,MELON,280,280,9972
667,EGG,61,61,9823
667,MILK,301,301,9736
667,WOOL,229,229,9972
667,FERTILIZER,100,100,10000
668,WHEAT,51,51,9343
668,CARROT,61,61,9669
668,TOMATO,399,399,9556
668,STRAWBERRY,326,326,9397
668,MELON,280,280,9972
668,EGG,61,61,9823
668,MILK,301,301,9736
668,WOOL,229,229,9972
668,FERTILIZER,100,100,10000
669,WHEAT,51,51,9336
669,CARROT,61,61,9666
669,TOMATO,409,399,9552
669,STRAWBERRY,327,326,9390
669,MELON,280,280,9972
669,EGG,61,61,9822
669,MILK,302,301,9732
669,WOOL,229,229,9972
669,FERTILIZER,100,100,10000
670,WHEAT,51,51,9336
670,CARROT,61,61,9666
670,TOMATO,409,409,9552
670,STRAWBERRY,327,327,9390
670,MELON,280,280,9972
670,EGG,61,61,9822
670,MILK,302,302,9732
670,WOOL,229,229,9972
670,FERTILIZER,100,100,10000
671,WHEAT,51,51,9336
671,CARROT,61,61,9666
671,TOMATO,409,409,9552
671,STRAWBERRY,327,327,9390
671,MELON,280,280,9972
671,EGG,61,61,9822
671,MILK,302,302,9732
671,WOOL,229,229,9972
671,FERTILIZER,100,100,10000
672,WHEAT,51,51,9336
672,CARROT,61,61,9666
672,TOMATO,409,409,9552
672,STRAWBERRY,327,327,9390
672,MELON,280,280,9972
672,EGG,61,61,9822
672,MILK,302,302,9732
672,WOOL,229,229,9972
672,FERTILIZER,100,100,10000
673,WHEAT,51,51,9328
673,CARROT,61,61,9662
673,TOMATO,422,409,9547
673,STRAWBERRY,329,327,9382
673,MELON,280,280,9971
673,EGG,61,61,9820
673,MILK,304,302,9727
673,WOOL,229,229,9971
673,FERTILIZER,100,100,10000
674,WHEAT,51,51,9328
674,CARROT,61,61,9662
674,TOMATO,422,422,9547
674,STRAWBERRY,329,329,9382
674,MELON,280,280,9971
674,EGG,61,61,9820
674,MILK,304,304,9727
674,WOOL,229,229,9971
674,FERTILIZER,100,100,10000
675,WHEAT,51,51,9328
675,CARROT,61,61,9662
675,TOMATO,422,422,9547
675,STRAWBERRY,329,329,9382
675,MELON,280,280,9971
675,EGG,61,61,9820
675,MILK,304,304,9727
675,WOOL,229,229,9971
675,FERTILIZER,100,100,10000
676,WHEAT,51,51,9328
676,CARROT,61,61,9662
676,TOMATO,422,422,9547
676,STRAWBERRY,329,329,9382
676,MELON,280,280,9971
676,EGG,61,61,9820
676,MILK,304,304,9727
676,WOOL,229,229,9971
676,FERTILIZER,100,100,10000
677,WHEAT,51,51,9321
677,CARROT,62,61,9659
677,TOMATO,432,422,9543
677,STRAWBERRY,330,329,9375
677,MELON,280,280,9971
677,EGG,61,61,9819
677,MILK,305,304,9723
677,WOOL,229,229,9971
677,FERTILIZER,100,100,10000
678,WHEAT,51,51,9321
678,CARROT,62,62,9659
678,TOMATO,432,432,9543
678,STRAWBERRY,330,330,9375
678,MELON,280,280,9971
678,EGG,61,61,9819
678,MILK,305,305,9723
678,WOOL,229,229,9971
678,FERTILIZER,100,100,10000
679,WHEAT,51,51,9321
679,CARROT,62,62,9659
679,TOMATO,432,432,9543
679,STRAWBERRY,330,330,9375
679,MELON,280,280,9971
679,EGG,61,61,9819
679,MILK,305,305,9723
679,WOOL,229,229,9971
679,FERTILIZER,100,100,10000
680,WHEAT,51,51,9321
680,CARROT,62,62,9659
680,TOMATO,432,432,9543
680,STRAWBERRY,330,330,9375
680,MELON,280,280,9971
680,EGG,61,61,9819
680,MILK,305,305,9723
680,WOOL,229,229,9971
680,FERTILIZER,100,100,10000
681,WHEAT,51,51,9314
681,CARROT,62,62,9656
681,TOMATO,442,432,9539
681,STRAWBERRY,331,330,9368
681,MELON,280,280,9971
681,EGG,61,61,9818
681,MILK,306,305,9719
681,WOOL,229,229,9971
681,FERTILIZER,100,100,10000
682,WHEAT,51,51,9314
682,CARROT,62,62,9656
682,TOMATO,442,442,9539
682,STRAWBERRY,331,331,9368
682,MELON,280,280,9971
682,EGG,61,61,9818
682,MILK,306,306,9719
682,WOOL,229,229,9971
682,FERTILIZER,100,100,10000
683,WHEAT,51,51,9314
683,CARROT,62,62,9656
683,TOMATO,442,442,9539
683,STRAWBERRY,331,331,9368
683,MELON,280,280,9971
683,EGG,61,61,9818
683,MILK,306,306,9719
683,WOOL,229,229,9971
683,FERTILIZER,100,100,10000
684,WHEAT,51,51,9314
684,CARROT,62,62,9656
684,TOMATO,442,442,9539
684,STRAWBERRY,331,331,9368
684,MELON,280,280,9971
684,EGG,61,61,9818
684,MILK,306,306,9719
684,WOOL,229,229,9971
684,FERTILIZER,100,100,10000
685,WHEAT,51,51,9307
685,CARROT,62,62,9653
685,TOMATO,453,442,9535
685,STRAWBERRY,332,331,9361
685,MELON,280,280,9971
685,EGG,61,61,9817
685,MILK,307,306,9715
685,WOOL,229,229,9971
685,FERTILIZER,100,100,10000
686,WHEAT,51,51,9307
686,CARROT,62,62,9653
686,TOMATO,453,453,9535
686,STRAWBERRY,332,332,9361
686,MELON,280,280,9971
686,EGG,61,61,9817
686,MILK,307,307,9715
686,WOOL,229,229,9971
686,FERTILIZER,100,100,10000
687,WHEAT,51,51,9307
687,CARROT,62,62,9653
687,TOMATO,453,453,9535
687,STRAWBERRY,332,332,9361
687,MELON,280,280,9971
687,EGG,61,61,9817
687,MILK,307,307,9715
687,WOOL,229,229,9971
687,FERTILIZER,100,100,10000
688,WHEAT,51,51,9307
688,CARROT,62,62,9653
688,TOMATO,453,453,9535
688,STRAWBERRY,332,332,9361
688,MELON,280,280,9971
688,EGG,61,61,9817
688,MILK,307,307,9715
688,WOOL,229,229,9971
688,FERTILIZER,100,100,10000
689,WHEAT,51,51,9300
689,CARROT,62,62,9650
689,TOMATO,464,453,9531
689,STRAWBERRY,333,332,9354
689,MELON,280,280,9971
689,EGG,61,61,9816
689,MILK,308,307,9711
689,WOOL,229,229,9971
689,FERTILIZER,100,100,10000
690,WHEAT,51,51,9300
690,CARROT,62,62,9650
690,TOMATO,464,464,9531
690,STRAWBERRY,333,333,9354
690,MELON,280,280,9971
690,EGG,61,61,9816
690,MILK,308,308,9711
690,WOOL,229,229,9971
690,FERTILIZER,100,100,10000
691,WHEAT,51,51,9300
691,CARROT,62,62,9650
691,TOMATO,464,464,9531
691,STRAWBERRY,333,333,9354
691,MELON,280,280,9971
691,EGG,61,61,9816
691,MILK,308,308,9711
691,WOOL,229,229,9971
691,FERTILIZER,100,100,10000
692,WHEAT,51,51,9300
692,CARROT,62,62,9650
692,TOMATO,464,464,9531
692,STRAWBERRY,333,333,9354
692,MELON,280,280,9971
692,EGG,61,61,9816
692,MILK,308,308,9711
692,WOOL,229,229,9971
692,FERTILIZER,100,100,10000
693,WHEAT,52,51,9293
693,CARROT,62,62,9647
693,TOMATO,474,464,9527
693,STRAWBERRY,335,333,9347
693,MELON,280,280,9971
693,EGG,61,61,9815
693,MILK,309,308,9707
693,WOOL,229,229,9971
693,FERTILIZER,100,100,10000
694,WHEAT,52,52,9293
694,CARROT,62,62,9647
694,TOMATO,474,474,9527
694,STRAWBERRY,335,335,9347
694,MELON,280,280,9971
694,EGG,61,61,9815
694,MILK,309,309,9707
694,WOOL,229,229,9971
694,FERTILIZER,100,100,10000
695,WHEAT,52,52,9293
695,CARROT,62,62,9647
695,TOMATO,474,474,9527
695,STRAWBERRY,335,335,9347
695,MELON,280,280,9971
695,EGG,61,61,9815
695,MILK,309,309,9707
695,WOOL,229,229,9971
695,FERTILIZER,100,100,10000
696,WHEAT,52,52,9293
696,CARROT,62,62,9647
696,TOMATO,474,474,9527
696,STRAWBERRY,335,335,9347
696,MELON,280,280,9971
696,EGG,61,61,9815
696,MILK,309,309,9707
696,WOOL,229,229,9971
696,FERTILIZER,100,100,10000
697,WHEAT,52,52,9285
697,CARROT,63,62,9643
697,TOMATO,488,474,9522
697,STRAWBERRY,336,335,9339
697,MELON,280,280,9970
697,EGG,61,61,9813
697,MILK,310,309,9702
697,WOOL,229,229,9970
697,FERTILIZER,100,100,10000
698,WHEAT,52,52,9285
698,CARROT,63,63,9643
698,TOMATO,488,488,9522
698,STRAWBERRY,336,336,9339
698,MELON,280,280,9970
698,EGG,61,61,9813
698,MILK,310,310,9702
698,WOOL,229,229,9970
698,FERTILIZER,100,100,10000
699,WHEAT,52,52,9285
699,CARROT,63,63,9643
699,TOMATO,488,488,9522
699,STRAWBERRY,336,336,9339
699,MELON,280,280,9970
699,EGG,61,61,9813
699,MILK,310,310,9702
699,WOOL,229,229,9970
699,FERTILIZER,100,100,10000
700,WHEAT,52,52,9285
700,CARROT,63,63,9643
700,TOMATO,488,488,9522
700,STRAWBERRY,336,336,9339
700,MELON,280,280,9970
700,EGG,61,61,9813
700,MILK,310,310,9702
700,WOOL,229,229,9970
700,FERTILIZER,100,100,10000
701,WHEAT,52,52,9278
701,CARROT,63,63,9640
701,TOMATO,500,488,9518
701,STRAWBERRY,337,336,9332
701,MELON,280,280,9970
701,EGG,61,61,9812
701,MILK,311,310,9698
701,WOOL,229,229,9970
701,FERTILIZER,100,100,10000
702,WHEAT,52,52,9278
702,CARROT,63,63,9640
702,TOMATO,500,500,9518
702,STRAWBERRY,337,337,9332
702,MELON,280,280,9970
702,EGG,61,61,9812
702,MILK,311,311,9698
702,WOOL,229,229,9970
702,FERTILIZER,100,100,10000
703,WHEAT,52,52,9278
703,CARROT,63,63,9640
703,TOMATO,500,500,9518
703,STRAWBERRY,337,337,9332
703,MELON,280,280,9970
703,EGG,61,61,9812
703,MILK,311,311,9698
703,WOOL,229,229,9970
703,FERTILIZER,100,100,10000
704,WHEAT,52,52,9278
704,CARROT,63,63,9640
704,TOMATO,500,500,9518
704,STRAWBERRY,337,337,9332
704,MELON,280,280,9970
704,EGG,61,61,9812
704,MILK,311,311,9698
704,WOOL,229,229,9970
704,FERTILIZER,100,100,10000
705,WHEAT,52,52,9271
705,CARROT,63,63,9637
705,TOMATO,511,500,9514
705,STRAWBERRY,338,337,9325
705,MELON,280,280,9970
705,EGG,61,61,9811
705,MILK,312,311,9694
705,WOOL,229,229,9970
705,FERTILIZER,100,100,10000
706,WHEAT,52,52,9271
706,CARROT,63,63,9637
706,TOMATO,511,511,9514
706,STRAWBERRY,338,338,9325
706,MELON,280,280,9970
706,EGG,61,61,9811
706,MILK,312,312,9694
706,WOOL,229,229,9970
706,FERTILIZER,100,100,10000
707,WHEAT,52,52,9271
707,CARROT,63,63,9637
707,TOMATO,511,511,9514
707,STRAWBERRY,338,338,9325
707,MELON,280,280,9970
707,EGG,61,61,9811
707,MILK,312,312,9694
707,WOOL,229,229,9970
707,FERTILIZER,100,100,10000
708,WHEAT,52,52,9271
708,CARROT,63,63,9637
708,TOMATO,511,511,9514
708,STRAWBERRY,338,338,9325
708,MELON,280,280,9970
708,EGG,61,61,9811
708,MILK,312,312,9694
708,WOOL,229,229,9970
708,FERTILIZER,100,100,10000
709,WHEAT,52,52,9264
709,CARROT,63,63,9634
709,TOMATO,522,511,9510
709,STRAWBERRY,339,338,9318
709,MELON,280,280,9970
709,EGG,61,61,9810
709,MILK,313,312,9690
709,WOOL,229,229,9970
709,FERTILIZER,100,100,10000
710,WHEAT,52,52,9264
710,CARROT,63,63,9634
710,TOMATO,522,522,9510
710,STRAWBERRY,339,339,9318
710,MELON,280,280,9970
710,EGG,61,61,9810
710,MILK,313,313,9690
710,WOOL,229,229,9970
710,FERTILIZER,100,100,10000
711,WHEAT,52,52,9264
711,CARROT,63,63,9634
711,TOMATO,522,522,9510
711,STRAWBERRY,339,339,9318
711,MELON,280,280,9970
711,EGG,61,61,9810
711,MILK,313,313,9690
711,WOOL,229,229,9970
711,FERTILIZER,100,100,10000
712,WHEAT,52,52,9264
712,CARROT,63,63,9634
712,TOMATO,522,522,9510
712,STRAWBERRY,339,339,9318
712,MELON,280,280,9970
712,EGG,61,61,9810
712,MILK,313,313,9690
712,WOOL,229,229,9970
712,FERTILIZER,100,100,10000
713,WHEAT,52,52,9257
713,CARROT,64,63,9631
713,TOMATO,534,522,9506
713,STRAWBERRY,340,339,9311
713,MELON,280,280,9970
713,EGG,62,61,9809
713,MILK,314,313,9686
713,WOOL,229,229,9970
713,FERTILIZER,100,100,10000
714,WHEAT,52,52,9257
714,CARROT,64,64,9631
714,TOMATO,534,534,9506
714,STRAWBERRY,340,340,9311
714,MELON,280,280,9970
714,EGG,62,62,9809
714,MILK,314,314,9686
714,WOOL,229,229,9970
714,FERTILIZER,100,100,10000
715,WHEAT,52,52,9257
715,CARROT,64,64,9631
715,TOMATO,534,534,9506
715,STRAWBERRY,340,340,9311
715,MELON,280,280,9970
715,EGG,62,62,9809
715,MILK,314,314,9686
715,WOOL,229,229,9970
715,FERTILIZER,100,100,10000
716,WHEAT,52,52,9257
716,CARROT,64,64,9631
716,TOMATO,534,534,9506
716,STRAWBERRY,340,340,9311
716,MELON,280,280,9970
716,EGG,62,62,9809
716,MILK,314,314,9686
716,WOOL,229,229,9970
716,FERTILIZER,100,100,10000
717,WHEAT,52,52,9250
717,CARROT,64,64,9628
717,TOMATO,546,534,9502
717,STRAWBERRY,342,340,9304
717,MELON,280,280,9970
717,EGG,62,62,9808
717,MILK,315,314,9682
717,WOOL,229,229,9970
717,FERTILIZER,100,100,10000
718,WHEAT,52,52,9250
718,CARROT,64,64,9628
718,TOMATO,546,546,9502
718,STRAWBERRY,342,342,9304
718,MELON,280,280,9970
718,EGG,62,62,9808
718,MILK,315,315,9682
718,WOOL,229,229,9970
718,FERTILIZER,100,100,10000
0,WHEAT,25,,10000
0,CARROT,35,,10000
0,TOMATO,60,,10000
0,STRAWBERRY,120,,10000
0,MELON,250,,10000
0,EGG,50,,10000
0,MILK,160,,10000
0,WOOL,200,,10000
0,FERTILIZER,100,,10000
1,WHEAT,26,25,9999
1,CARROT,35,35,9999
1,TOMATO,60,60,9999
1,STRAWBERRY,128,120,9999
1,MELON,256,250,9999
1,EGG,50,50,9999
1,MILK,169,160,9999
1,WOOL,206,200,9999
1,FERTILIZER,100,100,10000
2,WHEAT,26,26,9999
2,CARROT,35,35,9999
2,TOMATO,60,60,9999
2,STRAWBERRY,128,128,9999
2,MELON,256,256,9999
2,EGG,50,50,9999
2,MILK,169,169,9999
2,WOOL,206,206,9999
2,FERTILIZER,100,100,10000
3,WHEAT,26,26,9999
3,CARROT,35,35,9999
3,TOMATO,60,60,9999
3,STRAWBERRY,128,128,9999
3,MELON,256,256,9999
3,EGG,50,50,9999
3,MILK,169,169,9999
3,WOOL,206,206,9999
3,FERTILIZER,100,100,10000
4,WHEAT,26,26,9999
4,CARROT,35,35,9999
4,TOMATO,60,60,9999
4,STRAWBERRY,128,128,9999
4,MELON,256,256,9999
4,EGG,50,50,9999
4,MILK,169,169,9999
4,WOOL,206,206,9999
4,FERTILIZER,100,100,10000
5,WHEAT,26,26,9999
5,CARROT,35,35,9999
5,TOMATO,60,60,9999
5,STRAWBERRY,128,128,9999
5,MELON,256,256,9999
5,EGG,50,50,9999
5,MILK,169,169,9999
5,WOOL,206,206,9999
5,FERTILIZER,100,100,10000
6,WHEAT,26,26,9999
6,CARROT,35,35,9999
6,TOMATO,60,60,9999
6,STRAWBERRY,128,128,9999
6,MELON,256,256,9999
6,EGG,50,50,9999
6,MILK,169,169,9999
6,WOOL,206,206,9999
6,FERTILIZER,100,100,10000
7,WHEAT,26,26,9999
7,CARROT,35,35,9999
7,TOMATO,60,60,9999
7,STRAWBERRY,128,128,9999
7,MELON,256,256,9999
7,EGG,50,50,9999
7,MILK,169,169,9999
7,WOOL,206,206,9999
7,FERTILIZER,100,100,10000
8,WHEAT,26,26,9999
8,CARROT,35,35,9999
8,TOMATO,60,60,9999
8,STRAWBERRY,128,128,9999
8,MELON,256,256,9999
8,EGG,50,50,9999
8,MILK,169,169,9999
8,WOOL,206,206,9999
8,FERTILIZER,100,100,10000
9,WHEAT,26,26,9999
9,CARROT,35,35,9999
9,TOMATO,60,60,9999
9,STRAWBERRY,128,128,9999
9,MELON,256,256,9999
9,EGG,50,50,9999
9,MILK,169,169,9999
9,WOOL,206,206,9999
9,FERTILIZER,100,100,10000
10,WHEAT,26,26,9999
10,CARROT,35,35,9999
10,TOMATO,60,60,9999
10,STRAWBERRY,128,128,9999
10,MELON,256,256,9999
10,EGG,50,50,9999
10,MILK,169,169,9999
10,WOOL,206,206,9999
10,FERTILIZER,100,100,10000
11,WHEAT,26,26,9999
11,CARROT,35,35,9999
11,TOMATO,60,60,9999
11,STRAWBERRY,128,128,9999
11,MELON,256,256,9999
11,EGG,50,50,9999
11,MILK,169,169,9999
11,WOOL,206,206,9999
11,FERTILIZER,100,100,10000
12,WHEAT,26,26,9999
12,CARROT,35,35,9999
12,TOMATO,60,60,9999
12,STRAWBERRY,128,128,9999
12,MELON,256,256,9999
12,EGG,50,50,9999
12,MILK,169,169,9999
12,WOOL,206,206,9999
12,FERTILIZER,100,100,10000
13,WHEAT,26,26,9999
13,CARROT,35,35,9999
13,TOMATO,60,60,9999
13,STRAWBERRY,128,128,9999
13,MELON,256,256,9999
13,EGG,50,50,9999
13,MILK,169,169,9999
13,WOOL,206,206,9999
13,FERTILIZER,100,100,10000
14,WHEAT,26,26,9999
14,CARROT,35,35,9999
14,TOMATO,60,60,9999
14,STRAWBERRY,128,128,9999
14,MELON,256,256,9999
14,EGG,50,50,9999
14,MILK,169,169,9999
14,WOOL,206,206,9999
14,FERTILIZER,100,100,10000
15,WHEAT,26,26,9999
15,CARROT,35,35,9999
15,TOMATO,60,60,9999
15,STRAWBERRY,128,128,9999
15,MELON,256,256,9999
15,EGG,50,50,9999
15,MILK,169,169,9999
15,WOOL,206,206,9999
15,FERTILIZER,100,100,10000
16,WHEAT,26,26,9999
16,CARROT,35,35,9999
16,TOMATO,60,60,9999
16,STRAWBERRY,128,128,9999
16,MELON,256,256,9999
16,EGG,50,50,9999
16,MILK,169,169,9999
16,WOOL,206,206,9999
16,FERTILIZER,100,100,10000
17,WHEAT,26,26,9999
17,CARROT,35,35,9999
17,TOMATO,60,60,9999
17,STRAWBERRY,128,128,9999
17,MELON,256,256,9999
17,EGG,50,50,9999
17,MILK,169,169,9999
17,WOOL,206,206,9999
17,FERTILIZER,100,100,10000
18,WHEAT,26,26,9999
18,CARROT,35,35,9999
18,TOMATO,60,60,9999
18,STRAWBERRY,128,128,9999
18,MELON,256,256,9999
18,EGG,50,50,9999
18,MILK,169,169,9999
18,WOOL,206,206,9999
18,FERTILIZER,100,100,10000
19,WHEAT,26,26,9999
19,CARROT,35,35,9999
19,TOMATO,60,60,9999
19,STRAWBERRY,128,128,9999
19,MELON,256,256,9999
19,EGG,50,50,9999
19,MILK,169,169,9999
19,WOOL,206,206,9999
19,FERTILIZER,100,100,10000
20,WHEAT,26,26,9999
20,CARROT,35,35,9999
20,TOMATO,60,60,9999
20,STRAWBERRY,128,128,9999
20,MELON,256,256,9999
20,EGG,50,50,9999
20,MILK,169,169,9999
20,WOOL,206,206,9999
20,FERTILIZER,100,100,10000
21,WHEAT,26,26,9999
21,CARROT,35,35,9999
21,TOMATO,60,60,9999
21,STRAWBERRY,128,128,9999
21,MELON,256,256,9999
21,EGG,50,50,9999
21,MILK,169,169,9999
21,WOOL,206,206,9999
21,FERTILIZER,100,100,10000
22,WHEAT,26,26,9999
22,CARROT,35,35,9999
22,TOMATO,60,60,9999
22,STRAWBERRY,128,128,9999
22,MELON,256,256,9999
22,EGG,50,50,9999
22,MILK,169,169,9999
22,WOOL,206,206,9999
22,FERTILIZER,100,100,10000
23,WHEAT,26,26,9999
23,CARROT,35,35,9999
23,TOMATO,60,60,9999
23,STRAWBERRY,128,128,9999
23,MELON,256,256,9999
23,EGG,50,50,9999
23,MILK,169,169,9999
23,WOOL,206,206,9999
23,FERTILIZER,100,100,10000
24,WHEAT,26,26,9999
24,CARROT,35,35,9999
24,TOMATO,60,60,9999
24,STRAWBERRY,128,128,9999
24,MELON,256,256,9999
24,EGG,50,50,9999
24,MILK,169,169,9999
24,WOOL,206,206,9999
24,FERTILIZER,100,100,10000
25,WHEAT,26,26,9998
25,CARROT,35,35,9998
25,TOMATO,60,60,9998
25,STRAWBERRY,132,128,9998
25,MELON,260,256,9998
25,EGG,50,50,9998
25,MILK,172,169,9998
25,WOOL,209,206,9998
25,FERTILIZER,100,100,10000
26,WHEAT,26,26,9998
26,CARROT,35,35,9998
26,TOMATO,60,60,9998
26,STRAWBERRY,132,132,9998
26,MELON,260,260,9998
26,EGG,50,50,9998
26,MILK,172,172,9998
26,WOOL,209,209,9998
26,FERTILIZER,100,100,10000
27,WHEAT,26,26,9998
27,CARROT,35,35,9998
27,TOMATO,60,60,9998
27,STRAWBERRY,132,132,9998
27,MELON,260,260,9998
27,EGG,50,50,9998
27,MILK,172,172,9998
27,WOOL,209,209,9998
27,FERTILIZER,100,100,10000
28,WHEAT,26,26,9998
28,CARROT,35,35,9998
28,TOMATO,60,60,9998
28,STRAWBERRY,132,132,9998
28,MELON,260,260,9998
28,EGG,50,50,9998
28,MILK,172,172,9998
28,WOOL,209,209,9998
28,FERTILIZER,100,100,10000
29,WHEAT,26,26,9998
29,CARROT,35,35,9998
29,TOMATO,60,60,9998
29,STRAWBERRY,132,132,9998
29,MELON,260,260,9998
29,EGG,50,50,9998
29,MILK,172,172,9998
29,WOOL,209,209,9998
29,FERTILIZER,100,100,10000
30,WHEAT,26,26,9998
30,CARROT,35,35,9998
30,TOMATO,60,60,9998
30,STRAWBERRY,132,132,9998
30,MELON,260,260,9998
30,EGG,50,50,9998
30,MILK,172,172,9998
30,WOOL,209,209,9998
30,FERTILIZER,100,100,10000
31,WHEAT,26,26,9998
31,CARROT,35,35,9998
31,TOMATO,60,60,9998
31,STRAWBERRY,132,132,9998
31,MELON,260,260,9998
31,EGG,50,50,9998
31,MILK,172,172,9998
31,WOOL,209,209,9998
31,FERTILIZER,100,100,10000
32,WHEAT,26,26,9998
32,CARROT,35,35,9998
32,TOMATO,60,60,9998
32,STRAWBERRY,132,132,9998
32,MELON,260,260,9998
32,EGG,50,50,9998
32,MILK,172,172,9998
32,WOOL,209,209,9998
32,FERTILIZER,100,100,10000
33,WHEAT,26,26,9998
33,CARROT,35,35,9998
33,TOMATO,60,60,9998
33,STRAWBERRY,132,132,9998
33,MELON,260,260,9998
33,EGG,50,50,9998
33,MILK,172,172,9998
33,WOOL,209,209,9998
33,FERTILIZER,100,100,10000
34,WHEAT,26,26,9998
34,CARROT,35,35,9998
34,TOMATO,60,60,9998
34,STRAWBERRY,132,132,9998
34,MELON,260,260,9998
34,EGG,50,50,9998
34,MILK,172,172,9998
34,WOOL,209,209,9998
34,FERTILIZER,100,100,10000
35,WHEAT,26,26,9998
35,CARROT,35,35,9998
35,TOMATO,60,60,9998
35,STRAWBERRY,132,132,9998
35,MELON,260,260,9998
35,EGG,50,50,9998
35,MILK,172,172,9998
35,WOOL,209,209,9998
35,FERTILIZER,100,100,10000
36,WHEAT,26,26,9998
36,CARROT,35,35,9998
36,TOMATO,60,60,9998
36,STRAWBERRY,132,132,9998
36,MELON,260,260,9998
36,EGG,50,50,9998
36,MILK,172,172,9998
36,WOOL,209,209,9998
36,FERTILIZER,100,100,10000
37,WHEAT,26,26,9998
37,CARROT,35,35,9998
37,TOMATO,60,60,9998
37,STRAWBERRY,132,132,9998
37,MELON,260,260,9998
37,EGG,50,50,9998
37,MILK,172,172,9998
37,WOOL,209,209,9998
37,FERTILIZER,100,100,10000
38,WHEAT,26,26,9998
38,CARROT,35,35,9998
38,TOMATO,60,60,9998
38,STRAWBERRY,132,132,9998
38,MELON,260,260,9998
38,EGG,50,50,9998
38,MILK,172,172,9998
38,WOOL,209,209,9998
38,FERTILIZER,100,100,10000
39,WHEAT,26,26,9998
39,CARROT,35,35,9998
39,TOMATO,60,60,9998
39,STRAWBERRY,132,132,9998
39,MELON,260,260,9998
39,EGG,50,50,9998
39,MILK,172,172,9998
39,WOOL,209,209,9998
39,FERTILIZER,100,100,10000
40,WHEAT,26,26,9998
40,CARROT,35,35,9998
40,TOMATO,60,60,9998
40,STRAWBERRY,132,132,9998
40,MELON,260,260,9998
40,EGG,50,50,9998
40,MILK,172,172,9998
40,WOOL,209,209,9998
40,FERTILIZER,100,100,10000
41,WHEAT,26,26,9998
41,CARROT,35,35,9998
41,TOMATO,60,60,9998
41,STRAWBERRY,132,132,9998
41,MELON,260,260,9998
41,EGG,50,50,9998
41,MILK,172,172,9998
41,WOOL,209,209,9998
41,FERTILIZER,100,100,10000
42,WHEAT,26,26,9998
42,CARROT,35,35,9998
42,TOMATO,60,60,9998
42,STRAWBERRY,132,132,9998
42,MELON,260,260,9998
42,EGG,50,50,9998
42,MILK,172,172,9998
42,WOOL,209,209,9998
42,FERTILIZER,100,100,10000
43,WHEAT,26,26,9998
43,CARROT,35,35,9998
43,TOMATO,60,60,9998
43,STRAWBERRY,132,132,9998
43,MELON,260,260,9998
43,EGG,50,50,9998
43,MILK,172,172,9998
43,WOOL,209,209,9998
43,FERTILIZER,100,100,10000
44,WHEAT,26,26,9998
44,CARROT,35,35,9998
44,TOMATO,60,60,9998
44,STRAWBERRY,132,132,9998
44,MELON,260,260,9998
44,EGG,50,50,9998
44,MILK,172,172,9998
44,WOOL,209,209,9998
44,FERTILIZER,100,100,10000
45,WHEAT,26,26,9998
45,CARROT,35,35,9998
45,TOMATO,60,60,9998
45,STRAWBERRY,132,132,9998
45,MELON,260,260,9998
45,EGG,50,50,9998
45,MILK,172,172,9998
45,WOOL,209,209,9998
45,FERTILIZER,100,100,10000
46,WHEAT,26,26,9998
46,CARROT,35,35,9998
46,TOMATO,60,60,9998
46,STRAWBERRY,132,132,9998
46,MELON,260,260,9998
46,EGG,50,50,9998
46,MILK,172,172,9998
46,WOOL,209,209,9998
46,FERTILIZER,100,100,10000
47,WHEAT,26,26,9998
47,CARROT,35,35,9998
47,TOMATO,60,60,9998
47,STRAWBERRY,132,132,9998
47,MELON,260,260,9998
47,EGG,50,50,9998
47,MILK,172,172,9998
47,WOOL,209,209,9998
47,FERTILIZER,100,100,10000
48,WHEAT,26,26,9998
48,CARROT,35,35,9998
48,TOMATO,60,60,9998
48,STRAWBERRY,132,132,9998
48,MELON,260,260,9998
48,EGG,50,50,9998
48,MILK,172,172,9998
48,WOOL,209,209,9998
48,FERTILIZER,100,100,10000
49,WHEAT,27,26,9997
49,CARROT,35,35,9997
49,TOMATO,60,60,9997
49,STRAWBERRY,135,132,9997
49,MELON,262,260,9997
49,EGG,50,50,9997
49,MILK,175,172,9997
49,WOOL,212,209,9997
49,FERTILIZER,100,100,10000
50,WHEAT,27,27,9997
50,CARROT,35,35,9997
50,TOMATO,60,60,9997
50,STRAWBERRY,135,135,9997
50,MELON,262,262,9997
50,EGG,50,50,9997
50,MILK,175,175,9997
50,WOOL,212,212,9997
50,FERTILIZER,100,100,10000
51,WHEAT,27,27,9997
51,CARROT,35,35,9997
51,TOMATO,60,60,9997
51,STRAWBERRY,135,135,9997
51,MELON,262,262,9997
51,EGG,50,50,9997
51,MILK,175,175,9997
51,WOOL,212,212,9997
51,FERTILIZER,100,100,10000
52,WHEAT,27,27,9997
52,CARROT,35,35,9997
52,TOMATO,60,60,9997
52,STRAWBERRY,135,135,9997
52,MELON,262,262,9997
52,EGG,50,50,9997
52,MILK,175,175,9997
52,WOOL,212,212,9997
52,FERTILIZER,100,100,10000
53,WHEAT,27,27,9997
53,CARROT,35,35,9997
53,TOMATO,60,60,9997
53,STRAWBERRY,135,135,9997
53,MELON,262,262,9997
53,EGG,50,50,9997
53,MILK,175,175,9997
53,WOOL,212,212,9997
53,FERTILIZER,100,100,10000
54,WHEAT,27,27,9997
54,CARROT,35,35,9997
54,TOMATO,60,60,9997
54,STRAWBERRY,135,135,9997
54,MELON,262,262,9997
54,EGG,50,50,9997
54,MILK,175,175,9997
54,WOOL,212,212,9997
54,FERTILIZER,100,100,10000
55,WHEAT,27,27,9997
55,CARROT,35,35,9997
55,TOMATO,60,60,9997
55,STRAWBERRY,135,135,9997
55,MELON,262,262,9997
55,EGG,50,50,9997
55,MILK,175,175,9997
55,WOOL,212,212,9997
55,FERTILIZER,100,100,10000
56,WHEAT,27,27,9997
56,CARROT,35,35,9997
56,TOMATO,60,60,9997
56,STRAWBERRY,135,135,9997
56,MELON,262,262,9997
56,EGG,50,50,9997
56,MILK,175,175,9997
56,WOOL,212,212,9997
56,FERTILIZER,100,100,10000
57,WHEAT,27,27,9997
57,CARROT,35,35,9997
57,TOMATO,60,60,9997
57,STRAWBERRY,135,135,9997
57,MELON,262,262,9997
57,EGG,50,50,9997
57,MILK,175,175,9997
57,WOOL,212,212,9997
57,FERTILIZER,100,100,10000
58,WHEAT,27,27,9997
58,CARROT,35,35,9997
58,TOMATO,60,60,9997
58,STRAWBERRY,135,135,9997
58,MELON,262,262,9997
58,EGG,50,50,9997
58,MILK,175,175,9997
58,WOOL,212,212,9997
58,FERTILIZER,100,100,10000
59,WHEAT,27,27,9997
59,CARROT,35,35,9997
59,TOMATO,60,60,9997
59,STRAWBERRY,135,135,9997
59,MELON,262,262,9997
59,EGG,50,50,9997
59,MILK,175,175,9997
59,WOOL,212,212,9997
59,FERTILIZER,100,100,10000
60,WHEAT,27,27,9997
60,CARROT,35,35,9997
60,TOMATO,60,60,9997
60,STRAWBERRY,135,135,9997
60,MELON,262,262,9997
60,EGG,50,50,9997
60,MILK,175,175,9997
60,WOOL,212,212,9997
60,FERTILIZER,100,100,10000
61,WHEAT,27,27,9997
61,CARROT,35,35,9997
61,TOMATO,60,60,9997
61,STRAWBERRY,135,135,9997
61,MELON,262,262,9997
61,EGG,50,50,9997
61,MILK,175,175,9997
61,WOOL,212,212,9997
61,FERTILIZER,100,100,10000
62,WHEAT,27,27,9997
62,CARROT,35,35,9997
62,TOMATO,60,60,9997
62,STRAWBERRY,135,135,9997
62,MELON,262,262,9997
62,EGG,50,50,9997
62,MILK,175,175,9997
62,WOOL,212,212,9997
62,FERTILIZER,100,100,10000
63,WHEAT,27,27,9997
63,CARROT,35,35,9997
63,TOMATO,60,60,9997
63,STRAWBERRY,135,135,9997
63,MELON,262,262,9997
63,EGG,50,50,9997
63,MILK,175,175,9997
63,WOOL,212,212,9997
63,FERTILIZER,100,100,10000
64,WHEAT,27,27,9997
64,CARROT,35,35,9997
64,TOMATO,60,60,9997
64,STRAWBERRY,135,135,9997
64,MELON,262,262,9997
64,EGG,50,50,9997
64,MILK,175,175,9997
64,WOOL,212,212,9997
64,FERTILIZER,100,100,10000
65,WHEAT,27,27,9997
65,CARROT,35,35,9997
65,TOMATO,60,60,9997
65,STRAWBERRY,135,135,9997
65,MELON,262,262,9997
65,EGG,50,50,9997
65,MILK,175,175,9997
65,WOOL,212,212,9997
65,FERTILIZER,100,100,10000
66,WHEAT,27,27,9997
66,CARROT,35,35,9997
66,TOMATO,60,60,9997
66,STRAWBERRY,135,135,9997
66,MELON,262,262,9997
66,EGG,50,50,9997
66,MILK,175,175,9997
66,WOOL,212,212,9997
66,FERTILIZER,100,100,10000
67,WHEAT,27,27,9997
67,CARROT,35,35,9997
67,TOMATO,60,60,9997
67,STRAWBERRY,135,135,9997
67,MELON,262,262,9997
67,EGG,50,50,9997
67,MILK,175,175,9997
67,WOOL,212,212,9997
67,FERTILIZER,100,100,10000
68,WHEAT,27,27,9997
68,CARROT,35,35,9997
68,TOMATO,60,60,9997
68,STRAWBERRY,135,135,9997
68,MELON,262,262,9997
68,EGG,50,50,9997
68,MILK,175,175,9997
68,WOOL,212,212,9997
68,FERTILIZER,100,100,10000
69,WHEAT,27,27,9997
69,CARROT,35,35,9997
69,TOMATO,60,60,9997
69,STRAWBERRY,135,135,9997
69,MELON,262,262,9997
69,EGG,50,50,9997
69,MILK,175,175,9997
69,WOOL,212,212,9997
69,FERTILIZER,100,100,10000
70,WHEAT,27,27,9997
70,CARROT,35,35,9997
70,TOMATO,60,60,9997
70,STRAWBERRY,135,135,9997
70,MELON,262,262,9997
70,EGG,50,50,9997
70,MILK,175,175,9997
70,WOOL,212,212,9997
70,FERTILIZER,100,100,10000
71,WHEAT,27,27,9997
71,CARROT,35,35,9997
71,TOMATO,60,60,9997
71,STRAWBERRY,135,135,9997
71,MELON,262,262,9997
71,EGG,50,50,9997
71,MILK,175,175,9997
71,WOOL,212,212,9997
71,FERTILIZER,100,100,10000
72,WHEAT,27,27,9997
72,CARROT,35,35,9997
72,TOMATO,60,60,9997
72,STRAWBERRY,135,135,9997
72,MELON,262,262,9997
72,EGG,50,50,9997
72,MILK,175,175,9997
72,WOOL,212,212,9997
72,FERTILIZER,100,100,10000
73,WHEAT,27,27,9995
73,CARROT,35,35,9996
73,TOMATO,60,60,9996
73,STRAWBERRY,139,135,9995
73,MELON,264,262,9996
73,EGG,50,50,9995
73,MILK,177,175,9996
73,WOOL,214,212,9996
73,FERTILIZER,100,100,10000
74,WHEAT,27,27,9995
74,CARROT,35,35,9996
74,TOMATO,60,60,9996
74,STRAWBERRY,139,139,9995
74,MELON,264,264,9996
74,EGG,50,50,9995
74,MILK,177,177,9996
74,WOOL,214,214,9996
74,FERTILIZER,100,100,10000
75,WHEAT,27,27,9995
75,CARROT,35,35,9996
75,TOMATO,60,60,9996
75,STRAWBERRY,139,139,9995
75,MELON,264,264,9996
75,EGG,50,50,9995
75,MILK,177,177,9996
75,WOOL,214,214,9996
75,FERTILIZER,100,100,10000
76,WHEAT,27,27,9995
76,CARROT,35,35,9996
76,TOMATO,60,60,9996
76,STRAWBERRY,139,139,9995
76,MELON,264,264,9996
76,EGG,50,50,9995
76,MILK,177,177,9996
76,WOOL,214,214,9996
76,FERTILIZER,100,100,10000
77,WHEAT,27,27,9994
77,CARROT,35,35,9996
77,TOMATO,60,60,9996
77,STRAWBERRY,141,139,9994
77,MELON,264,264,9996
77,EGG,50,50,9994
77,MILK,177,177,9996
77,WOOL,214,214,9996
77,FERTILIZER,100,100,10000
78,WHEAT,27,27,9994
78,CARROT,35,35,9996
78,TOMATO,60,60,9996
78,STRAWBERRY,141,141,9994
78,MELON,264,264,9996
78,EGG,50,50,9994
78,MILK,177,177,9996
78,WOOL,214,214,9996
78,FERTILIZER,100,100,10000
79,WHEAT,27,27,9994
79,CARROT,35,35,9996
79,TOMATO,60,60,9996
79,STRAWBERRY,141,141,9994
79,MELON,264,264,9996
79,EGG,50,50,9994
79,MILK,177,177,9996
79,WOOL,214,214,9996
79,FERTILIZER,100,100,10000
80,WHEAT,27,27,9994
80,CARROT,35,35,9996
80,TOMATO,60,60,9996
80,STRAWBERRY,141,141,9994
80,MELON,264,264,9996
80,EGG,50,50,9994
80,MILK,177,177,9996
80,WOOL,214,214,9996
80,FERTILIZER,100,100,10000
81,WHEAT,28,27,9993
81,CARROT,35,35,9996
81,TOMATO,60,60,9996
81,STRAWBERRY,142,141,9993
81,MELON,264,264,9996
81,EGG,50,50,9993
81,MILK,177,177,9996
81,WOOL,214,214,9996
81,FERTILIZER,100,100,10000
82,WHEAT,28,28,9993
82,CARROT,35,35,9996
82,TOMATO,60,60,9996
82,STRAWBERRY,142,142,9993
82,MELON,264,264,9996
82,EGG,50,50,9993
82,MILK,177,177,9996
82,WOOL,214,214,9996
82,FERTILIZER,100,100,10000
83,WHEAT,28,28,9993
83,CARROT,35,35,9996
83,TOMATO,60,60,9996
83,STRAWBERRY,142,142,9993
83,MELON,264,264,9996
83,EGG,50,50,9993
83,MILK,177,177,9996
83,WOOL,214,214,9996
83,FERTILIZER,100,100,10000
84,WHEAT,28,28,9993
84,CARROT,35,35,9996
84,TOMATO,60,60,9996
84,STRAWBERRY,142,142,9993
84,MELON,264,264,9996
84,EGG,50,50,9993
84,MILK,177,177,9996
84,WOOL,214,214,9996
84,FERTILIZER,100,100,10000
85,WHEAT,28,28,9992
85,CARROT,35,35,9996
85,TOMATO,60,60,9996
85,STRAWBERRY,144,142,9992
85,MELON,264,264,9996
85,EGG,50,50,9992
85,MILK,177,177,9996
85,WOOL,214,214,9996
85,FERTILIZER,100,100,10000
86,WHEAT,28,28,9992
86,CARROT,35,35,9996
86,TOMATO,60,60,9996
86,STRAWBERRY,144,144,9992
86,MELON,264,264,9996
86,EGG,50,50,9992
86,MILK,177,177,9996
86,WOOL,214,214,9996
86,FERTILIZER,100,100,10000
87,WHEAT,28,28,9992
87,CARROT,35,35,9996
87,TOMATO,60,60,9996
87,STRAWBERRY,144,144,9992
87,MELON,264,264,9996
87,EGG,50,50,9992
87,MILK,177,177,9996
87,WOOL,214,214,9996
87,FERTILIZER,100,100,10000
88,WHEAT,28,28,9992
88,CARROT,35,35,9996
88,TOMATO,60,60,9996
88,STRAWBERRY,144,144,9992
88,MELON,264,264,9996
88,EGG,50,50,9992
88,MILK,177,177,9996
88,WOOL,214,214,9996
88,FERTILIZER,100,100,10000
89,WHEAT,28,28,9991
89,CARROT,35,35,9996
89,TOMATO,60,60,9996
89,STRAWBERRY,145,144,9991
89,MELON,264,264,9996
89,EGG,51,50,9991
89,MILK,177,177,9996
89,WOOL,214,214,9996
89,FERTILIZER,100,100,10000
90,WHEAT,28,28,9991
90,CARROT,35,35,9996
90,TOMATO,60,60,9996
90,STRAWBERRY,145,145,9991
90,MELON,264,264,9996
90,EGG,51,51,9991
90,MILK,177,177,9996
90,WOOL,214,214,9996
90,FERTILIZER,100,100,10000
91,WHEAT,28,28,9991
91,CARROT,35,35,9996
91,TOMATO,60,60,9996
91,STRAWBERRY,145,145,9991
91,MELON,264,264,9996
91,EGG,51,51,9991
91,MILK,177,177,9996
91,WOOL,214,214,9996
91,FERTILIZER,100,100,10000
92,WHEAT,28,28,9991
92,CARROT,35,35,9996
92,TOMATO,60,60,9996
92,STRAWBERRY,145,145,9991
92,MELON,264,264,9996
92,EGG,51,51,9991
92,MILK,177,177,9996
92,WOOL,214,214,9996
92,FERTILIZER,100,100,10000
93,WHEAT,28,28,9990
93,CARROT,35,35,9996
93,TOMATO,60,60,9996
93,STRAWBERRY,147,145,9990
93,MELON,264,264,9996
93,EGG,51,51,9990
93,MILK,177,177,9996
93,WOOL,214,214,9996
93,FERTILIZER,100,100,10000
94,WHEAT,28,28,9990
94,CARROT,35,35,9996
94,TOMATO,60,60,9996
94,STRAWBERRY,147,147,9990
94,MELON,264,264,9996
94,EGG,51,51,9990
94,MILK,177,177,9996
94,WOOL,214,214,9996
94,FERTILIZER,100,100,10000
95,WHEAT,28,28,9990
95,CARROT,35,35,9996
95,TOMATO,60,60,9996
95,STRAWBERRY,147,147,9990
95,MELON,264,264,9996
95,EGG,51,51,9990
95,MILK,177,177,9996
95,WOOL,214,214,9996
95,FERTILIZER,100,100,10000
96,WHEAT,28,28,9990
96,CARROT,35,35,9996
96,TOMATO,60,60,9996
96,STRAWBERRY,147,147,9990
96,MELON,264,264,9996
96,EGG,51,51,9990
96,MILK,177,177,9996
96,WOOL,214,214,9996
96,FERTILIZER,100,100,10000
97,WHEAT,28,28,9988
97,CARROT,35,35,9995
97,TOMATO,61,60,9995
97,STRAWBERRY,149,147,9988
97,MELON,266,264,9995
97,EGG,51,51,9988
97,MILK,179,177,9995
97,WOOL,215,214,9995
97,FERTILIZER,100,100,10000
98,WHEAT,28,28,9988
98,CARROT,35,35,9995
98,TOMATO,61,61,9995
98,STRAWBERRY,149,149,9988
98,MELON,266,266,9995
98,EGG,51,51,9988
98,MILK,179,179,9995
98,WOOL,215,215,9995
98,FERTILIZER,100,100,10000
99,WHEAT,28,28,9988
99,CARROT,35,35,9995
99,TOMATO,61,61,9995
99,STRAWBERRY,149,149,9988
99,MELON,266,266,9995
99,EGG,51,51,9988
99,MILK,179,179,9995
99,WOOL,215,215,9995
99,FERTILIZER,100,100,10000
100,WHEAT,28,28,9988
100,CARROT,35,35,9995
100,TOMATO,61,61,9995
100,STRAWBERRY,149,149,9988
100,MELON,266,266,9995
100,EGG,51,51,9988
100,MILK,179,179,9995
100,WOOL,215,215,9995
100,FERTILIZER,100,100,10000
101,WHEAT,29,28,9987
101,CARROT,35,35,9995
101,TOMATO,61,61,9995
101,STRAWBERRY,150,149,9987
101,MELON,266,266,9995
101,EGG,51,51,9987
101,MILK,179,179,9995
101,WOOL,215,215,9995
101,FERTILIZER,100,100,10000
102,WHEAT,29,29,9987
102,CARROT,35,35,9995
102,TOMATO,61,61,9995
102,STRAWBERRY,150,150,9987
102,MELON,266,266,9995
102,EGG,51,51,9987
102,MILK,179,179,9995
102,WOOL,215,215,9995
102,FERTILIZER,100,100,10000
103,WHEAT,29,29,9987
103,CARROT,35,35,9995
103,TOMATO,61,61,9995
103,STRAWBERRY,150,150,9987
103,MELON,266,266,9995
103,EGG,51,51,9987
103,MILK,179,179,9995
103,WOOL,215,215,9995
103,FERTILIZER,100,100,10000
104,WHEAT,29,29,9987
104,CARROT,35,35,9995
104,TOMATO,61,61,9995
104,STRAWBERRY,150,150,9987
104,MELON,266,266,9995
104,EGG,51,51,9987
104,MILK,179,179,9995
104,WOOL,215,215,9995
104,FERTILIZER,100,100,10000
105,WHEAT,29,29,9986
105,CARROT,35,35,9995
105,TOMATO,61,61,9995
105,STRAWBERRY,151,150,9986
105,MELON,266,266,9995
105,EGG,51,51,9986
105,MILK,179,179,9995
105,WOOL,215,215,9995
105,FERTILIZER,100,100,10000
106,WHEAT,29,29,9986
106,CARROT,35,35,9995
106,TOMATO,61,61,9995
106,STRAWBERRY,151,151,9986
106,MELON,266,266,9995
106,EGG,51,51,9986
106,MILK,179,179,9995
106,WOOL,215,215,9995
106,FERTILIZER,100,100,10000
107,WHEAT,29,29,9986
107,CARROT,35,35,9995
107,TOMATO,61,61,9995
107,STRAWBERRY,151,151,9986
107,MELON,266,266,9995
107,EGG,51,51,9986
107,MILK,179,179,9995
107,WOOL,215,215,9995
107,FERTILIZER,100,100,10000
108,WHEAT,29,29,9986
108,CARROT,35,35,9995
108,TOMATO,61,61,9995
108,STRAWBERRY,151,151,9986
108,MELON,266,266,9995
108,EGG,51,51,9986
108,MILK,179,179,9995
108,WOOL,215,215,9995
108,FERTILIZER,100,100,10000
109,WHEAT,29,29,9985
109,CARROT,35,35,9995
109,TOMATO,61,61,9995
109,STRAWBERRY,153,151,9985
109,MELON,266,266,9995
109,EGG,51,51,9985
109,MILK,179,179,9995
109,WOOL,215,215,9995
109,FERTILIZER,100,100,10000
110,WHEAT,29,29,9985
110,CARROT,35,35,9995
110,TOMATO,61,61,9995
110,STRAWBERRY,153,153,9985
110,MELON,266,266,9995
110,EGG,51,51,9985
110,MILK,179,179,9995
110,WOOL,215,215,9995
110,FERTILIZER,100,100,10000
111,WHEAT,29,29,9985
111,CARROT,35,35,9995
111,TOMATO,61,61,9995
111,STRAWBERRY,153,153,9985
111,MELON,266,266,9995
111,EGG,51,51,9985
111,MILK,179,179,9995
111,WOOL,215,215,9995
111,FERTILIZER,100,100,10000
112,WHEAT,29,29,9985
112,CARROT,35,35,9995
112,TOMATO,61,61,9995
112,STRAWBERRY,153,153,9985
112,MELON,266,266,9995
112,EGG,51,51,9985
112,MILK,179,179,9995
112,WOOL,215,215,9995
112,FERTILIZER,100,100,10000
113,WHEAT,29,29,9984
113,CARROT,35,35,9995
113,TOMATO,61,61,9995
113,STRAWBERRY,154,153,9984
113,MELON,266,266,9995
113,EGG,51,51,9984
113,MILK,179,179,9995
113,WOOL,215,215,9995
113,FERTILIZER,100,100,10000
114,WHEAT,29,29,9984
114,CARROT,35,35,9995
114,TOMATO,61,61,9995
114,STRAWBERRY,154,154,9984
114,MELON,266,266,9995
114,EGG,51,51,9984
114,MILK,179,179,9995
114,WOOL,215,215,9995
114,FERTILIZER,100,100,10000
115,WHEAT,29,29,9984
115,CARROT,35,35,9995
115,TOMATO,61,61,9995
115,STRAWBERRY,154,154,9984
115,MELON,266,266,9995
115,EGG,51,51,9984
115,MILK,179,179,9995
115,WOOL,215,215,9995
115,FERTILIZER,100,100,10000
116,WHEAT,29,29,9984
116,CARROT,35,35,9995
116,TOMATO,61,61,9995
116,STRAWBERRY,154,154,9984
116,MELON,266,266,9995
116,EGG,51,51,9984
116,MILK,179,179,9995
116,WOOL,215,215,9995
116,FERTILIZER,100,100,10000
117,WHEAT,29,29,9983
117,CARROT,35,35,9995
117,TOMATO,61,61,9995
117,STRAWBERRY,155,154,9983
117,MELON,266,266,9995
117,EGG,51,51,9983
117,MILK,179,179,9995
117,WOOL,215,215,9995
117,FERTILIZER,100,100,10000
118,WHEAT,29,29,9983
118,CARROT,35,35,9995
118,TOMATO,61,61,9995
118,STRAWBERRY,155,155,9983
118,MELON,266,266,9995
118,EGG,51,51,9983
118,MILK,179,179,9995
118,WOOL,215,215,9995
118,FERTILIZER,100,100,10000
119,WHEAT,29,29,9983
119,CARROT,35,35,9995
119,TOMATO,61,61,9995
119,STRAWBERRY,155,155,9983
119,MELON,266,266,9995
119,EGG,51,51,9983
119,MILK,179,179,9995
119,WOOL,215,215,9995
119,FERTILIZER,100,100,10000
120,WHEAT,29,29,9983
120,CARROT,35,35,9995
120,TOMATO,61,61,9995
120,STRAWBERRY,155,155,9983
120,MELON,266,266,9995
120,EGG,51,51,9983
120,MILK,179,179,9995
120,WOOL,215,215,9995
120,FERTILIZER,100,100,10000
121,WHEAT,29,29,9981
121,CARROT,35,35,9994
121,TOMATO,61,61,9994
121,STRAWBERRY,157,155,9981
121,MELON,267,266,9994
121,EGG,51,51,9981
121,MILK,181,179,9994
121,WOOL,217,215,9994
121,FERTILIZER,100,100,10000
122,WHEAT,29,29,9981
122,CARROT,35,35,9994
122,TOMATO,61,61,9994
122,STRAWBERRY,157,157,9981
122,MELON,267,267,9994
122,EGG,51,51,9981
122,MILK,181,181,9994
122,WOOL,217,217,9994
122,FERTILIZER,100,100,10000
123,WHEAT,29,29,9981
123,CARROT,35,35,9994
123,TOMATO,61,61,9994
123,STRAWBERRY,157,157,9981
123,MELON,267,267,9994
123,EGG,51,51,9981
123,MILK,181,181,9994
123,WOOL,217,217,9994
123,FERTILIZER,100,100,10000
124,WHEAT,29,29,9981
124,CARROT,35,35,9994
124,TOMATO,61,61,9994
124,STRAWBERRY,157,157,9981
124,MELON,267,267,9994
124,EGG,51,51,9981
124,MILK,181,181,9994
124,WOOL,217,217,9994
124,FERTILIZER,100,100,10000
125,WHEAT,29,29,9980
125,CARROT,35,35,9994
125,TOMATO,61,61,9994
125,STRAWBERRY,158,157,9980
125,MELON,267,267,9994
125,EGG,51,51,9980
125,MILK,181,181,9994
125,WOOL,217,217,9994
125,FERTILIZER,100,100,10000
126,WHEAT,29,29,9980
126,CARROT,35,35,9994
126,TOMATO,61,61,9994
126,STRAWBERRY,158,158,9980
126,MELON,267,267,9994
126,EGG,51,51,9980
126,MILK,181,181,9994
126,WOOL,217,217,9994
126,FERTILIZER,100,100,10000
127,WHEAT,29,29,9980
127,CARROT,35,35,9994
127,TOMATO,61,61,9994
127,STRAWBERRY,158,158,9980
127,MELON,267,267,9994
127,EGG,51,51,9980
127,MILK,181,181,9994
127,WOOL,217,217,9994
127,FERTILIZER,100,100,10000
128,WHEAT,29,29,9980
128,CARROT,35,35,9994
128,TOMATO,61,61,9994
128,STRAWBERRY,158,158,9980
128,MELON,267,267,9994
128,EGG,51,51,9980
128,MILK,181,181,9994
128,WOOL,217,217,9994
128,FERTILIZER,100,100,10000
129,WHEAT,30,29,9979
129,CARROT,35,35,9994
129,TOMATO,61,61,9994
129,STRAWBERRY,158,158,9979
129,MELON,267,267,9994
129,EGG,51,51,9979
129,MILK,181,181,9994
129,WOOL,217,217,9994
129,FERTILIZER,100,100,10000
130,WHEAT,30,30,9979
130,CARROT,35,35,9994
130,TOMATO,61,61,9994
130,STRAWBERRY,158,158,9979
130,MELON,267,267,9994
130,EGG,51,51,9979
130,MILK,181,181,9994
130,WOOL,217,217,9994
130,FERTILIZER,100,100,10000
131,WHEAT,30,30,9979
131,CARROT,35,35,9994
131,TOMATO,61,61,9994
131,STRAWBERRY,158,158,9979
131,MELON,267,267,9994
131,EGG,51,51,9979
131,MILK,181,181,9994
131,WOOL,217,217,9994
131,FERTILIZER,100,100,10000
132,WHEAT,30,30,9979
132,CARROT,35,35,9994
132,TOMATO,61,61,9994
132,STRAWBERRY,158,158,9979
132,MELON,267,267,9994
132,EGG,51,51,9979
132,MILK,181,181,9994
132,WOOL,217,217,9994
132,FERTILIZER,100,100,10000
133,WHEAT,30,30,9978
133,CARROT,35,35,9994
133,TOMATO,61,61,9994
133,STRAWBERRY,159,158,9978
133,MELON,267,267,9994
133,EGG,51,51,9978
133,MILK,181,181,9994
133,WOOL,217,217,9994
133,FERTILIZER,100,100,10000
134,WHEAT,30,30,9978
134,CARROT,35,35,9994
134,TOMATO,61,61,9994
134,STRAWBERRY,159,159,9978
134,MELON,267,267,9994
134,EGG,51,51,9978
134,MILK,181,181,9994
134,WOOL,217,217,9994
134,FERTILIZER,100,100,10000
135,WHEAT,30,30,9978
135,CARROT,35,35,9994
135,TOMATO,61,61,9994
135,STRAWBERRY,159,159,9978
135,MELON,267,267,9994
135,EGG,51,51,9978
135,MILK,181,181,9994
135,WOOL,217,217,9994
135,FERTILIZER,100,100,10000
136,WHEAT,30,30,9978
136,CARROT,35,35,9994
136,TOMATO,61,61,9994
136,STRAWBERRY,159,159,9978
136,MELON,267,267,9994
136,EGG,51,51,9978
136,MILK,181,181,9994
136,WOOL,217,217,9994
136,FERTILIZER,100,100,10000
137,WHEAT,30,30,9977
137,CARROT,35,35,9994
137,TOMATO,61,61,9994
137,STRAWBERRY,160,159,9977
137,MELON,267,267,9994
137,EGG,51,51,9977
137,MILK,181,181,9994
137,WOOL,217,217,9994
137,FERTILIZER,100,100,10000
138,WHEAT,30,30,9977
138,CARROT,35,35,9994
138,TOMATO,61,61,9994
138,STRAWBERRY,160,160,9977
138,MELON,267,267,9994
138,EGG,51,51,9977
138,MILK,181,181,9994
138,WOOL,217,217,9994
138,FERTILIZER,100,100,10000
139,WHEAT,30,30,9977
139,CARROT,35,35,9994
139,TOMATO,61,61,9994
139,STRAWBERRY,160,160,9977
139,MELON,267,267,9994
139,EGG,51,51,9977
139,MILK,181,181,9994
139,WOOL,217,217,9994
139,FERTILIZER,100,100,10000
140,WHEAT,30,30,9977
140,CARROT,35,35,9994
140,TOMATO,61,61,9994
140,STRAWBERRY,160,160,9977
140,MELON,267,267,9994
140,EGG,51,51,9977
140,MILK,181,181,9994
140,WOOL,217,217,9994
140,FERTILIZER,100,100,10000
141,WHEAT,30,30,9976
141,CARROT,35,35,9994
141,TOMATO,61,61,9994
141,STRAWBERRY,161,160,9976
141,MELON,267,267,9994
141,EGG,51,51,9976
141,MILK,181,181,9994
141,WOOL,217,217,9994
141,FERTILIZER,100,100,10000
142,WHEAT,30,30,9976
142,CARROT,35,35,9994
142,TOMATO,61,61,9994
142,STRAWBERRY,161,161,9976
142,MELON,267,267,9994
142,EGG,51,51,9976
142,MILK,181,181,9994
142,WOOL,217,217,9994
142,FERTILIZER,100,100,10000
143,WHEAT,30,30,9976
143,CARROT,35,35,9994
143,TOMATO,61,61,9994
143,STRAWBERRY,161,161,9976
143,MELON,267,267,9994
143,EGG,51,51,9976
143,MILK,181,181,9994
143,WOOL,217,217,9994
143,FERTILIZER,100,100,10000
144,WHEAT,30,30,9976
144,CARROT,35,35,9994
144,TOMATO,61,61,9994
144,STRAWBERRY,161,161,9976
144,MELON,267,267,9994
144,EGG,51,51,9976
144,MILK,181,181,9994
144,WOOL,217,217,9994
144,FERTILIZER,100,100,10000
145,WHEAT,30,30,9973
145,CARROT,36,35,9993
145,TOMATO,61,61,9993
145,STRAWBERRY,164,161,9973
145,MELON,268,267,9993
145,EGG,52,51,9974
145,MILK,185,181,9992
145,WOOL,218,217,9993
145,FERTILIZER,100,100,10000
146,WHEAT,30,30,9973
146,CARROT,36,36,9993
146,TOMATO,61,61,9993
146,STRAWBERRY,164,164,9973
146,MELON,268,268,9993
146,EGG,52,52,9974
146,MILK,185,185,9992
146,WOOL,218,218,9993
146,FERTILIZER,100,100,10000
147,WHEAT,30,30,9973
147,CARROT,36,36,9993
147,TOMATO,61,61,9993
147,STRAWBERRY,164,164,9973
147,MELON,268,268,9993
147,EGG,52,52,9974
147,MILK,185,185,9992
147,WOOL,218,218,9993
147,FERTILIZER,100,100,10000
148,WHEAT,30,30,9973
148,CARROT,36,36,9993
148,TOMATO,61,61,9993
148,STRAWBERRY,164,164,9973
148,MELON,268,268,9993
148,EGG,52,52,9974
148,MILK,185,185,9992
148,WOOL,218,218,9993
148,FERTILIZER,100,100,10000
149,WHEAT,30,30,9971
149,CARROT,36,36,9993
149,TOMATO,61,61,9993
149,STRAWBERRY,165,164,9971
149,MELON,268,268,9993
149,EGG,52,52,9973
149,MILK,186,185,9991
149,WOOL,218,218,9993
149,FERTILIZER,100,100,10000
150,WHEAT,30,30,9971
150,CARROT,36,36,9993
150,TOMATO,61,61,9993
150,STRAWBERRY,165,165,9971
150,MELON,268,268,9993
150,EGG,52,52,9973
150,MILK,186,186,9991
150,WOOL,218,218,9993
150,FERTILIZER,100,100,10000
151,WHEAT,30,30,9971
151,CARROT,36,36,9993
151,TOMATO,61,61,9993
151,STRAWBERRY,165,165,9971
151,MELON,268,268,9993
151,EGG,52,52,9973
151,MILK,186,186,9991
151,WOOL,218,218,9993
151,FERTILIZER,100,100,10000
152,WHEAT,30,30,9971
152,CARROT,36,36,9993
152,TOMATO,61,61,9993
152,STRAWBERRY,165,165,9971
152,MELON,268,268,9993
152,EGG,52,52,9973
152,MILK,186,186,9991
152,WOOL,218,218,9993
152,FERTILIZER,100,100,10000
153,WHEAT,31,30,9969
153,CARROT,36,36,9993
153,TOMATO,61,61,9993
153,STRAWBERRY,167,165,9969
153,MELON,268,268,9993
153,EGG,52,52,9972
153,MILK,187,186,9990
153,WOOL,218,218,9993
153,FERTILIZER,100,100,10000
154,WHEAT,31,31,9969
154,CARROT,36,36,9993
154,TOMATO,61,61,9993
154,STRAWBERRY,167,167,9969
154,MELON,268,268,9993
154,EGG,52,52,9972
154,MILK,187,187,9990
154,WOOL,218,218,9993
154,FERTILIZER,100,100,10000
155,WHEAT,31,31,9969
155,CARROT,36,36,9993
155,TOMATO,61,61,9993
155,STRAWBERRY,167,167,9969
155,MELON,268,268,9993
155,EGG,52,52,9972
155,MILK,187,187,9990
155,WOOL,218,218,9993
155,FERTILIZER,100,100,10000
156,WHEAT,31,31,9969
156,CARROT,36,36,9993
156,TOMATO,61,61,9993
156,STRAWBERRY,167,167,9969
156,MELON,268,268,9993
156,EGG,52,52,9972
156,MILK,187,187,9990
156,WOOL,218,218,9993
156,FERTILIZER,100,100,10000
157,WHEAT,31,31,9967
157,CARROT,36,36,9993
157,TOMATO,61,61,9993
157,STRAWBERRY,168,167,9967
157,MELON,268,268,9993
157,EGG,52,52,9971
157,MILK,189,187,9989
157,WOOL,218,218,9993
157,FERTILIZER,100,100,10000
158,WHEAT,31,31,9967
158,CARROT,36,36,9993
158,TOMATO,61,61,9993
158,STRAWBERRY,168,168,9967
158,MELON,268,268,9993
158,EGG,52,52,9971
158,MILK,189,189,9989
158,WOOL,218,218,9993
158,FERTILIZER,100,100,10000
159,WHEAT,31,31,9967
159,CARROT,36,36,9993
159,TOMATO,61,61,9993
159,STRAWBERRY,168,168,9967
159,MELON,268,268,9993
159,EGG,52,52,9971
159,MILK,189,189,9989
159,WOOL,218,218,9993
159,FERTILIZER,100,100,10000
160,WHEAT,31,31,9967
160,CARROT,36,36,9993
160,TOMATO,61,61,9993
160,STRAWBERRY,168,168,9967
160,MELON,268,268,9993
160,EGG,52,52,9971
160,MILK,189,189,9989
160,WOOL,218,218,9993
160,FERTILIZER,100,100,10000
161,WHEAT,31,31,9965
161,CARROT,36,36,9993
161,TOMATO,61,61,9993
161,STRAWBERRY,170,168,9965
161,MELON,268,268,9993
161,EGG,52,52,9970
161,MILK,190,189,9988
161,WOOL,218,218,9993
161,FERTILIZER,100,100,10000
162,WHEAT,31,31,9965
162,CARROT,36,36,9993
162,TOMATO,61,61,9993
162,STRAWBERRY,170,170,9965
162,MELON,268,268,9993
162,EGG,52,52,9970
162,MILK,190,190,9988
162,WOOL,218,218,9993
162,FERTILIZER,100,100,10000
163,WHEAT,31,31,9965
163,CARROT,36,36,9993
163,TOMATO,61,61,9993
163,STRAWBERRY,170,170,9965
163,MELON,268,268,9993
163,EGG,52,52,9970
163,MILK,190,190,9988
163,WOOL,218,218,9993
163,FERTILIZER,100,100,10000
164,WHEAT,31,31,9965
164,CARROT,36,36,9993
164,TOMATO,61,61,9993
164,STRAWBERRY,170,170,9965
164,MELON,268,268,9993
164,EGG,52,52,9970
164,MILK,190,190,9988
164,WOOL,218,218,9993
164,FERTILIZER,100,100,10000
165,WHEAT,31,31,9963
165,CARROT,36,36,9993
165,TOMATO,61,61,9993
165,STRAWBERRY,171,170,9963
165,MELON,268,268,9993
165,EGG,52,52,9969
165,MILK,191,190,9987
165,WOOL,218,218,9993
165,FERTILIZER,100,100,10000
166,WHEAT,31,31,9963
166,CARROT,36,36,9993
166,TOMATO,61,61,9993
166,STRAWBERRY,171,171,9963
166,MELON,268,268,9993
166,EGG,52,52,9969
166,MILK,191,191,9987
166,WOOL,218,218,9993
166,FERTILIZER,100,100,10000
167,WHEAT,31,31,9963
167,CARROT,36,36,9993
167,TOMATO,61,61,9993
167,STRAWBERRY,171,171,9963
167,MELON,268,268,9993
167,EGG,52,52,9969
167,MILK,191,191,9987
167,WOOL,218,218,9993
167,FERTILIZER,100,100,10000
168,WHEAT,31,31,9963
168,CARROT,36,36,9993
168,TOMATO,61,61,9993
168,STRAWBERRY,171,171,9963
168,MELON,268,268,9993
168,EGG,52,52,9969
168,MILK,191,191,9987
168,WOOL,218,218,9993
168,FERTILIZER,100,100,10000
169,WHEAT,31,31,9960
169,CARROT,36,36,9992
169,TOMATO,61,61,9992
169,STRAWBERRY,173,171,9960
169,MELON,269,268,9992
169,EGG,52,52,9967
169,MILK,194,191,9985
169,WOOL,219,218,9992
169,FERTILIZER,100,100,10000
170,WHEAT,31,31,9960
170,CARROT,36,36,9992
170,TOMATO,61,61,9992
170,STRAWBERRY,173,173,9960
170,MELON,269,269,9992
170,EGG,52,52,9967
170,MILK,194,194,9985
170,WOOL,219,219,9992
170,FERTILIZER,100,100,10000
171,WHEAT,31,31,9960
171,CARROT,36,36,9992
171,TOMATO,61,61,9992
171,STRAWBERRY,173,173,9960
171,MELON,269,269,9992
171,EGG,52,52,9967
171,MILK,194,194,9985
171,WOOL,219,219,9992
171,FERTILIZER,100,100,10000
172,WHEAT,31,31,9960
172,CARROT,36,36,9992
172,TOMATO,61,61,9992
172,STRAWBERRY,173,173,9960
172,MELON,269,269,9992
172,EGG,52,52,9967
172,MILK,194,194,9985
172,WOOL,219,219,9992
172,FERTILIZER,100,100,10000
173,WHEAT,31,31,9958
173,CARROT,36,36,9992
173,TOMATO,61,61,9992
173,STRAWBERRY,174,173,9958
173,MELON,269,269,9992
173,EGG,52,52,9966
173,MILK,195,194,9984
173,WOOL,219,219,9992
173,FERTILIZER,100,100,10000
174,WHEAT,31,31,9958
174,CARROT,36,36,9992
174,TOMATO,61,61,9992
174,STRAWBERRY,174,174,9958
174,MELON,269,269,9992
174,EGG,52,52,9966
174,MILK,195,195,9984
174,WOOL,219,219,9992
174,FERTILIZER,100,100,10000
175,WHEAT,31,31,9958
175,CARROT,36,36,9992
175,TOMATO,61,61,9992
175,STRAWBERRY,174,174,9958
175,MELON,269,269,9992
175,EGG,52,52,9966
175,MILK,195,195,9984
175,WOOL,219,219,9992
175,FERTILIZER,100,100,10000
176,WHEAT,31,31,9958
176,CARROT,36,36,9992
176,TOMATO,61,61,9992
176,STRAWBERRY,174,174,9958
176,MELON,269,269,9992
176,EGG,52,52,9966
176,MILK,195,195,9984
176,WOOL,219,219,9992
176,FERTILIZER,100,100,10000
177,WHEAT,32,31,9956
177,CARROT,36,36,9992
177,TOMATO,61,61,9992
177,STRAWBERRY,176,174,9956
177,MELON,269,269,9992
177,EGG,52,52,9965
177,MILK,196,195,9983
177,WOOL,219,219,9992
177,FERTILIZER,100,100,10000
178,WHEAT,32,32,9956
178,CARROT,36,36,9992
178,TOMATO,61,61,9992
178,STRAWBERRY,176,176,9956
178,MELON,269,269,9992
178,EGG,52,52,9965
178,MILK,196,196,9983
178,WOOL,219,219,9992
178,FERTILIZER,100,100,10000
179,WHEAT,32,32,9956
179,CARROT,36,36,9992
179,TOMATO,61,61,9992
179,STRAWBERRY,176,176,9956
179,MELON,269,269,9992
179,EGG,52,52,9965
179,MILK,196,196,9983
179,WOOL,219,219,9992
179,FERTILIZER,100,100,10000
180,WHEAT,32,32,9956
180,CARROT,36,36,9992
180,TOMATO,61,61,9992
180,STRAWBERRY,176,176,9956
180,MELON,269,269,9992
180,EGG,52,52,9965
180,MILK,196,196,9983
180,WOOL,219,219,9992
180,FERTILIZER,100,100,10000
181,WHEAT,32,32,9954
181,CARROT,36,36,9992
181,TOMATO,61,61,9992
181,STRAWBERRY,177,176,9954
181,MELON,269,269,9992
181,EGG,52,52,9964
181,MILK,197,196,9982
181,WOOL,219,219,9992
181,FERTILIZER,100,100,10000
182,WHEAT,32,32,9954
182,CARROT,36,36,9992
182,TOMATO,61,61,9992
182,STRAWBERRY,177,177,9954
182,MELON,269,269,9992
182,EGG,52,52,9964
182,MILK,197,197,9982
182,WOOL,219,219,9992
182,FERTILIZER,100,100,10000
183,WHEAT,32,32,9954
183,CARROT,36,36,9992
183,TOMATO,61,61,9992
183,STRAWBERRY,177,177,9954
183,MELON,269,269,9992
183,EGG,52,52,9964
183,MILK,197,197,9982
183,WOOL,219,219,9992
183,FERTILIZER,100,100,10000
184,WHEAT,32,32,9954
184,CARROT,36,36,9992
184,TOMATO,61,61,9992
184,STRAWBERRY,177,177,9954
184,MELON,269,269,9992
184,EGG,52,52,9964
184,MILK,197,197,9982
184,WOOL,219,219,9992
184,FERTILIZER,100,100,10000
185,WHEAT,32,32,9952
185,CARROT,36,36,9992
185,TOMATO,61,61,9992
185,STRAWBERRY,178,177,9952
185,MELON,269,269,9992
185,EGG,52,52,9963
185,MILK,198,197,9981
185,WOOL,219,219,9992
185,FERTILIZER,100,100,10000
186,WHEAT,32,32,9952
186,CARROT,36,36,9992
186,TOMATO,61,61,9992
186,STRAWBERRY,178,178,9952
186,MELON,269,269,9992
186,EGG,52,52,9963
186,MILK,198,198,9981
186,WOOL,219,219,9992
186,FERTILIZER,100,100,10000
187,WHEAT,32,32,9952
187,CARROT,36,36,9992
187,TOMATO,61,61,9992
187,STRAWBERRY,178,178,9952
187,MELON,269,269,9992
187,EGG,52,52,9963
187,MILK,198,198,9981
187,WOOL,219,219,9992
187,FERTILIZER,100,100,10000
188,WHEAT,32,32,9952
188,CARROT,36,36,9992
188,TOMATO,61,61,9992
188,STRAWBERRY,178,178,9952
188,MELON,269,269,9992
188,EGG,52,52,9963
188,MILK,198,198,9981
188,WOOL,219,219,9992
188,FERTILIZER,100,100,10000
189,WHEAT,32,32,9950
189,CARROT,36,36,9992
189,TOMATO,61,61,9992
189,STRAWBERRY,179,178,9950
189,MELON,269,269,9992
189,EGG,52,52,9962
189,MILK,199,198,9980
189,WOOL,219,219,9992
189,FERTILIZER,100,100,10000
190,WHEAT,32,32,9950
190,CARROT,36,36,9992
190,TOMATO,61,61,9992
190,STRAWBERRY,179,179,9950
190,MELON,269,269,9992
190,EGG,52,52,9962
190,MILK,199,199,9980
190,WOOL,219,219,9992
190,FERTILIZER,100,100,10000
191,WHEAT,32,32,9950
191,CARROT,36,36,9992
191,TOMATO,61,61,9992
191,STRAWBERRY,179,179,9950
191,MELON,269,269,9992
191,EGG,52,52,9962
191,MILK,199,199,9980
191,WOOL,219,219,9992
191,FERTILIZER,100,100,10000
192,WHEAT,32,32,9950
192,CARROT,36,36,9992
192,TOMATO,61,61,9992
192,STRAWBERRY,179,179,9950
192,MELON,269,269,9992
192,EGG,52,52,9962
192,MILK,199,199,9980
192,WOOL,219,219,9992
192,FERTILIZER,100,100,10000
193,WHEAT,32,32,9947
193,CARROT,36,36,9991
193,TOMATO,61,61,9991
193,STRAWBERRY,181,179,9947
193,MELON,270,269,9991
193,EGG,52,52,9960
193,MILK,201,199,9978
193,WOOL,220,219,9991
193,FERTILIZER,100,100,10000
194,WHEAT,32,32,9947
194,CARROT,36,36,9991
194,TOMATO,61,61,9991
194,STRAWBERRY,181,181,9947
194,MELON,270,270,9991
194,EGG,52,52,9960
194,MILK,201,201,9978
194,WOOL,220,220,9991
194,FERTILIZER,100,100,10000
195,WHEAT,32,32,9947
195,CARROT,36,36,9991
195,TOMATO,61,61,9991
195,STRAWBERRY,181,181,9947
195,MELON,270,270,9991
195,EGG,52,52,9960
195,MILK,201,201,9978
195,WOOL,220,220,9991
195,FERTILIZER,100,100,10000
196,WHEAT,32,32,9947
196,CARROT,36,36,9991
196,TOMATO,61,61,9991
196,STRAWBERRY,181,181,9947
196,MELON,270,270,9991
196,EGG,52,52,9960
196,MILK,201,201,9978
196,WOOL,220,220,9991
196,FERTILIZER,100,100,10000
197,WHEAT,32,32,9945
197,CARROT,36,36,9991
197,TOMATO,61,61,9991
197,STRAWBERRY,182,181,9945
197,MELON,270,270,9991
197,EGG,52,52,9959
197,MILK,202,201,9977
197,WOOL,220,220,9991
197,FERTILIZER,100,100,10000
198,WHEAT,32,32,9945
198,CARROT,36,36,9991
198,TOMATO,61,61,9991
198,STRAWBERRY,182,182,9945
198,MELON,270,270,9991
198,EGG,52,52,9959
198,MILK,202,202,9977
198,WOOL,220,220,9991
198,FERTILIZER,100,100,10000
199,WHEAT,32,32,9945
199,CARROT,36,36,9991
199,TOMATO,61,61,9991
199,STRAWBERRY,182,182,9945
199,MELON,270,270,9991
199,EGG,52,52,9959
199,MILK,202,202,9977
199,WOOL,220,220,9991
199,FERTILIZER,100,100,10000
200,WHEAT,32,32,9945
200,CARROT,36,36,9991
200,TOMATO,61,61,9991
200,STRAWBERRY,182,182,9945
200,MELON,270,270,9991
200,EGG,52,52,9959
200,MILK,202,202,9977
200,WOOL,220,220,9991
200,FERTILIZER,100,100,10000
201,WHEAT,33,32,9943
201,CARROT,36,36,9991
201,TOMATO,61,61,9991
201,STRAWBERRY,183,182,9943
201,MELON,270,270,9991
201,EGG,53,52,9958
201,MILK,203,202,9976
201,WOOL,220,220,9991
201,FERTILIZER,100,100,10000
202,WHEAT,33,33,9943
202,CARROT,36,36,9991
202,TOMATO,61,61,9991
202,STRAWBERRY,183,183,9943
202,MELON,270,270,9991
202,EGG,53,53,9958
202,MILK,203,203,9976
202,WOOL,220,220,9991
202,FERTILIZER,100,100,10000
203,WHEAT,33,33,9943
203,CARROT,36,36,9991
203,TOMATO,61,61,9991
203,STRAWBERRY,183,183,9943
203,MELON,270,270,9991
203,EGG,53,53,9958
203,MILK,203,203,9976
203,WOOL,220,220,9991
203,FERTILIZER,100,100,10000
204,WHEAT,33,33,9943
204,CARROT,36,36,9991
204,TOMATO,61,61,9991
204,STRAWBERRY,183,183,9943
204,MELON,270,270,9991
204,EGG,53,53,9958
204,MILK,203,203,9976
204,WOOL,220,220,9991
204,FERTILIZER,100,100,10000
205,WHEAT,33,33,9941
205,CARROT,36,36,9991
205,TOMATO,61,61,9991
205,STRAWBERRY,185,183,9941
205,MELON,270,270,9991
205,EGG,53,53,9957
205,MILK,203,203,9975
205,WOOL,220,220,9991
205,FERTILIZER,100,100,10000
206,WHEAT,33,33,9941
206,CARROT,36,36,9991
206,TOMATO,61,61,9991
206,STRAWBERRY,185,185,9941
206,MELON,270,270,9991
206,EGG,53,53,9957
206,MILK,203,203,9975
206,WOOL,220,220,9991
206,FERTILIZER,100,100,10000
207,WHEAT,33,33,9941
207,CARROT,36,36,9991
207,TOMATO,61,61,9991
207,STRAWBERRY,185,185,9941
207,MELON,270,270,9991
207,EGG,53,53,9957
207,MILK,203,203,9975
207,WOOL,220,220,9991
207,FERTILIZER,100,100,10000
208,WHEAT,33,33,9941
208,CARROT,36,36,9991
208,TOMATO,61,61,9991
208,STRAWBERRY,185,185,9941
208,MELON,270,270,9991
208,EGG,53,53,9957
208,MILK,203,203,9975
208,WOOL,220,220,9991
208,FERTILIZER,100,100,10000
209,WHEAT,33,33,9939
209,CARROT,36,36,9991
209,TOMATO,61,61,9991
209,STRAWBERRY,186,185,9939
209,MELON,270,270,9991
209,EGG,53,53,9956
209,MILK,204,203,9974
209,WOOL,220,220,9991
209,FERTILIZER,100,100,10000
210,WHEAT,33,33,9939
210,CARROT,36,36,9991
210,TOMATO,61,61,9991
210,STRAWBERRY,186,186,9939
210,MELON,270,270,9991
210,EGG,53,53,9956
210,MILK,204,204,9974
210,WOOL,220,220,9991
210,FERTILIZER,100,100,10000
211,WHEAT,33,33,9939
211,CARROT,36,36,9991
211,TOMATO,61,61,9991
211,STRAWBERRY,186,186,9939
211,MELON,270,270,9991
211,EGG,53,53,9956
211,MILK,204,204,9974
211,WOOL,220,220,9991
211,FERTILIZER,100,100,10000
212,WHEAT,33,33,9939
212,CARROT,36,36,9991
212,TOMATO,61,61,9991
212,STRAWBERRY,186,186,9939
212,MELON,270,270,9991
212,EGG,53,53,9956
212,MILK,204,204,9974
212,WOOL,220,220,9991
212,FERTILIZER,100,100,10000
213,WHEAT,33,33,9937
213,CARROT,36,36,9991
213,TOMATO,61,61,9991
213,STRAWBERRY,187,186,9937
213,MELON,270,270,9991
213,EGG,53,53,9955
213,MILK,205,204,9973
213,WOOL,220,220,9991
213,FERTILIZER,100,100,10000
214,WHEAT,33,33,9937
214,CARROT,36,36,9991
214,TOMATO,61,61,9991
214,STRAWBERRY,187,187,9937
214,MELON,270,270,9991
214,EGG,53,53,9955
214,MILK,205,205,9973
214,WOOL,220,220,9991
214,FERTILIZER,100,100,10000
215,WHEAT,33,33,9937
215,CARROT,36,36,9991
215,TOMATO,61,61,9991
215,STRAWBERRY,187,187,9937
215,MELON,270,270,9991
215,EGG,53,53,9955
215,MILK,205,205,9973
215,WOOL,220,220,9991
215,FERTILIZER,100,100,10000
216,WHEAT,33,33,9937
216,CARROT,36,36,9991
216,TOMATO,61,61,9991
216,STRAWBERRY,187,187,9937
216,MELON,270,270,9991
216,EGG,53,53,9955
216,MILK,205,205,9973
216,WOOL,220,220,9991
216,FERTILIZER,100,100,10000
217,WHEAT,33,33,9933
217,CARROT,36,36,9989
217,TOMATO,61,61,9989
217,STRAWBERRY,189,187,9933
217,MELON,271,270,9990
217,EGG,53,53,9953
217,MILK,207,205,9971
217,WOOL,221,220,9990
217,FERTILIZER,100,100,10000
218,WHEAT,33,33,9933
218,CARROT,36,36,9989
218,TOMATO,61,61,9989
218,STRAWBERRY,189,189,9933
218,MELON,271,271,9990
218,EGG,53,53,9953
218,MILK,207,207,9971
218,WOOL,221,221,9990
218,FERTILIZER,100,100,10000
219,WHEAT,33,33,9933
219,CARROT,36,36,9989
219,TOMATO,61,61,9989
219,STRAWBERRY,189,189,9933
219,MELON,271,271,9990
219,EGG,53,53,9953
219,MILK,207,207,9971
219,WOOL,221,221,9990
219,FERTILIZER,100,100,10000
220,WHEAT,33,33,9933
220,CARROT,36,36,9989
220,TOMATO,61,61,9989
220,STRAWBERRY,189,189,9933
220,MELON,271,271,9990
220,EGG,53,53,9953
220,MILK,207,207,9971
220,WOOL,221,221,9990
220,FERTILIZER,100,100,10000
221,WHEAT,33,33,9930
221,CARROT,36,36,9988
221,TOMATO,61,61,9988
221,STRAWBERRY,190,189,9930
221,MELON,271,271,9990
221,EGG,53,53,9952
221,MILK,208,207,9970
221,WOOL,221,221,9990
221,FERTILIZER,100,100,10000
222,WHEAT,33,33,9930
222,CARROT,36,36,9988
222,TOMATO,61,61,9988
222,STRAWBERRY,190,190,9930
222,MELON,271,271,9990
222,EGG,53,53,9952
222,MILK,208,208,9970
222,WOOL,221,221,9990
222,FERTILIZER,100,100,10000
223,WHEAT,33,33,9930
223,CARROT,36,36,9988
223,TOMATO,61,61,9988
223,STRAWBERRY,190,190,9930
223,MELON,271,271,9990
223,EGG,53,53,9952
223,MILK,208,208,9970
223,WOOL,221,221,9990
223,FERTILIZER,100,100,10000
224,WHEAT,33,33,9930
224,CARROT,36,36,9988
224,TOMATO,61,61,9988
224,STRAWBERRY,190,190,9930
224,MELON,271,271,9990
224,EGG,53,53,9952
224,MILK,208,208,9970
224,WOOL,221,221,9990
224,FERTILIZER,100,100,10000
225,WHEAT,34,33,9927
225,CARROT,36,36,9987
225,TOMATO,62,61,9987
225,STRAWBERRY,192,190,9927
225,MELON,271,271,9990
225,EGG,53,53,9951
225,MILK,208,208,9969
225,WOOL,221,221,9990
225,FERTILIZER,100,100,10000
226,WHEAT,34,34,9927
226,CARROT,36,36,9987
226,TOMATO,62,62,9987
226,STRAWBERRY,192,192,9927
226,MELON,271,271,9990
226,EGG,53,53,9951
226,MILK,208,208,9969
226,WOOL,221,221,9990
226,FERTILIZER,100,100,10000
227,WHEAT,34,34,9927
227,CARROT,36,36,9987
227,TOMATO,62,62,9987
227,STRAWBERRY,192,192,9927
227,MELON,271,271,9990
227,EGG,53,53,9951
227,MILK,208,208,9969
227,WOOL,221,221,9990
227,FERTILIZER,100,100,10000
228,WHEAT,34,34,9927
228,CARROT,36,36,9987
228,TOMATO,62,62,9987
228,STRAWBERRY,192,192,9927
228,MELON,271,271,9990
228,EGG,53,53,9951
228,MILK,208,208,9969
228,WOOL,221,221,9990
228,FERTILIZER,100,100,10000
229,WHEAT,34,34,9924
229,CARROT,36,36,9986
229,TOMATO,62,62,9986
229,STRAWBERRY,193,192,9924
229,MELON,271,271,9990
229,EGG,53,53,9950
229,MILK,209,208,9968
229,WOOL,221,221,9990
229,FERTILIZER,100,100,10000
230,WHEAT,34,34,9924
230,CARROT,36,36,9986
230,TOMATO,62,62,9986
230,STRAWBERRY,193,193,9924
230,MELON,271,271,9990
230,EGG,53,53,9950
230,MILK,209,209,9968
230,WOOL,221,221,9990
230,FERTILIZER,100,100,10000
231,WHEAT,34,34,9924
231,CARROT,36,36,9986
231,TOMATO,62,62,9986
231,STRAWBERRY,193,193,9924
231,MELON,271,271,9990
231,EGG,53,53,9950
231,MILK,209,209,9968
231,WOOL,221,221,9990
231,FERTILIZER,100,100,10000
232,WHEAT,34,34,9924
232,CARROT,36,36,9986
232,TOMATO,62,62,9986
232,STRAWBERRY,193,193,9924
232,MELON,271,271,9990
232,EGG,53,53,9950
232,MILK,209,209,9968
232,WOOL,221,221,9990
232,FERTILIZER,100,100,10000
233,WHEAT,34,34,9921
233,CARROT,36,36,9985
233,TOMATO,62,62,9985
233,STRAWBERRY,195,193,9921
233,MELON,271,271,9990
233,EGG,53,53,9949
233,MILK,210,209,9967
233,WOOL,221,221,9990
233,FERTILIZER,100,100,10000
234,WHEAT,34,34,9921
234,CARROT,36,36,9985
234,TOMATO,62,62,9985
234,STRAWBERRY,195,195,9921
234,MELON,271,271,9990
234,EGG,53,53,9949
234,MILK,210,210,9967
234,WOOL,221,221,9990
234,FERTILIZER,100,100,10000
235,WHEAT,34,34,9921
235,CARROT,36,36,9985
235,TOMATO,62,62,9985
235,STRAWBERRY,195,195,9921
235,MELON,271,271,9990
235,EGG,53,53,9949
235,MILK,210,210,9967
235,WOOL,221,221,9990
235,FERTILIZER,100,100,10000
236,WHEAT,34,34,9921
236,CARROT,36,36,9985
236,TOMATO,62,62,9985
236,STRAWBERRY,195,195,9921
236,MELON,271,271,9990
236,EGG,53,53,9949
236,MILK,210,210,9967
236,WOOL,221,221,9990
236,FERTILIZER,100,100,10000
237,WHEAT,34,34,9918
237,CARROT,36,36,9984
237,TOMATO,62,62,9984
237,STRAWBERRY,196,195,9918
237,MELON,271,271,9990
237,EGG,53,53,9948
237,MILK,211,210,9966
237,WOOL,221,221,9990
237,FERTILIZER,100,100,10000
238,WHEAT,34,34,9918
238,CARROT,36,36,9984
238,TOMATO,62,62,9984
238,STRAWBERRY,196,196,9918
238,MELON,271,271,9990
238,EGG,53,53,9948
238,MILK,211,211,9966
238,WOOL,221,221,9990
238,FERTILIZER,100,100,10000
239,WHEAT,34,34,9918
239,CARROT,36,36,9984
239,TOMATO,62,62,9984
239,STRAWBERRY,196,196,9918
239,MELON,271,271,9990
239,EGG,53,53,9948
239,MILK,211,211,9966
239,WOOL,221,221,9990
239,FERTILIZER,100,100,10000
240,WHEAT,34,34,9918
240,CARROT,36,36,9984
240,TOMATO,62,62,9984
240,STRAWBERRY,196,196,9918
240,MELON,271,271,9990
240,EGG,53,53,9948
240,MILK,211,211,9966
240,WOOL,221,221,9990
240,FERTILIZER,100,100,10000
241,WHEAT,34,34,9914
241,CARROT,36,36,9982
241,TOMATO,62,62,9982
241,STRAWBERRY,198,196,9914
241,MELON,272,271,9989
241,EGG,53,53,9946
241,MILK,212,211,9964
241,WOOL,221,221,9989
241,FERTILIZER,100,100,10000
242,WHEAT,34,34,9914
242,CARROT,36,36,9982
242,TOMATO,62,62,9982
242,STRAWBERRY,198,198,9914
242,MELON,272,272,9989
242,EGG,53,53,9946
242,MILK,212,212,9964
242,WOOL,221,221,9989
242,FERTILIZER,100,100,10000
243,WHEAT,34,34,9914
243,CARROT,36,36,9982
243,TOMATO,62,62,9982
243,STRAWBERRY,198,198,9914
243,MELON,272,272,9989
243,EGG,53,53,9946
243,MILK,212,212,9964
243,WOOL,221,221,9989
243,FERTILIZER,100,100,10000
244,WHEAT,34,34,9914
244,CARROT,36,36,9982
244,TOMATO,62,62,9982
244,STRAWBERRY,198,198,9914
244,MELON,272,272,9989
244,EGG,53,53,9946
244,MILK,212,212,9964
244,WOOL,221,221,9989
244,FERTILIZER,100,100,10000
245,WHEAT,34,34,9911
245,CARROT,36,36,9981
245,TOMATO,62,62,9981
245,STRAWBERRY,199,198,9911
245,MELON,272,272,9989
245,EGG,53,53,9945
245,MILK,213,212,9963
245,WOOL,221,221,9989
245,FERTILIZER,100,100,10000
246,WHEAT,34,34,9911
246,CARROT,36,36,9981
246,TOMATO,62,62,9981
246,STRAWBERRY,199,199,9911
246,MELON,272,272,9989
246,EGG,53,53,9945
246,MILK,213,213,9963
246,WOOL,221,221,9989
246,FERTILIZER,100,100,10000
247,WHEAT,34,34,9911
247,CARROT,36,36,9981
247,TOMATO,62,62,9981
247,STRAWBERRY,199,199,9911
247,MELON,272,272,9989
247,EGG,53,53,9945
247,MILK,213,213,9963
247,WOOL,221,221,9989
247,FERTILIZER,100,100,10000
248,WHEAT,34,34,9911
248,CARROT,36,36,9981
248,TOMATO,62,62,9981
248,STRAWBERRY,199,199,9911
248,MELON,272,272,9989
248,EGG,53,53,9945
248,MILK,213,213,9963
248,WOOL,221,221,9989
248,FERTILIZER,100,100,10000
249,WHEAT,35,34,9908
249,CARROT,37,36,9980
249,TOMATO,62,62,9980
249,STRAWBERRY,201,199,9908
249,MELON,272,272,9989
249,EGG,53,53,9944
249,MILK,214,213,9962
249,WOOL,221,221,9989
249,FERTILIZER,100,100,10000
250,WHEAT,35,35,9908
250,CARROT,37,37,9980
250,TOMATO,62,62,9980
250,STRAWBERRY,201,201,9908
250,MELON,272,272,9989
250,EGG,53,53,9944
250,MILK,214,214,9962
250,WOOL,221,221,9989
250,FERTILIZER,100,100,10000
251,WHEAT,35,35,9908
251,CARROT,37,37,9980
251,TOMATO,62,62,9980
251,STRAWBERRY,201,201,9908
251,MELON,272,272,9989
251,EGG,53,53,9944
251,MILK,214,214,9962
251,WOOL,221,221,9989
251,FERTILIZER,100,100,10000
252,WHEAT,35,35,9908
252,CARROT,37,37,9980
252,TOMATO,62,62,9980
252,STRAWBERRY,201,201,9908
252,MELON,272,272,9989
252,EGG,53,53,9944
252,MILK,214,214,9962
252,WOOL,221,221,9989
252,FERTILIZER,100,100,10000
253,WHEAT,35,35,9905
253,CARROT,37,37,9979
253,TOMATO,63,62,9979
253,STRAWBERRY,202,201,9905
253,MELON,272,272,9989
253,EGG,53,53,9943
253,MILK,214,214,9961
253,WOOL,221,221,9989
253,FERTILIZER,100,100,10000
254,WHEAT,35,35,9905
254,CARROT,37,37,9979
254,TOMATO,63,63,9979
254,STRAWBERRY,202,202,9905
254,MELON,272,272,9989
254,EGG,53,53,9943
254,MILK,214,214,9961
254,WOOL,221,221,9989
254,FERTILIZER,100,100,10000
255,WHEAT,35,35,9905
255,CARROT,37,37,9979
255,TOMATO,63,63,9979
255,STRAWBERRY,202,202,9905
255,MELON,272,272,9989
255,EGG,53,53,9943
255,MILK,214,214,9961
255,WOOL,221,221,9989
255,FERTILIZER,100,100,10000
256,WHEAT,35,35,9905
256,CARROT,37,37,9979
256,TOMATO,63,63,9979
256,STRAWBERRY,202,202,9905
256,MELON,272,272,9989
256,EGG,53,53,9943
256,MILK,214,214,9961
256,WOOL,221,221,9989
256,FERTILIZER,100,100,10000
257,WHEAT,35,35,9902
257,CARROT,37,37,9978
257,TOMATO,63,63,9978
257,STRAWBERRY,203,202,9902
257,MELON,272,272,9989
257,EGG,53,53,9942
257,MILK,215,214,9960
257,WOOL,221,221,9989
257,FERTILIZER,100,100,10000
258,WHEAT,35,35,9902
258,CARROT,37,37,9978
258,TOMATO,63,63,9978
258,STRAWBERRY,203,203,9902
258,MELON,272,272,9989
258,EGG,53,53,9942
258,MILK,215,215,9960
258,WOOL,221,221,9989
258,FERTILIZER,100,100,10000
259,WHEAT,35,35,9902
259,CARROT,37,37,9978
259,TOMATO,63,63,9978
259,STRAWBERRY,203,203,9902
259,MELON,272,272,9989
259,EGG,53,53,9942
259,MILK,215,215,9960
259,WOOL,221,221,9989
259,FERTILIZER,100,100,10000
260,WHEAT,35,35,9902
260,CARROT,37,37,9978
260,TOMATO,63,63,9978
260,STRAWBERRY,203,203,9902
260,MELON,272,272,9989
260,EGG,53,53,9942
260,MILK,215,215,9960
260,WOOL,221,221,9989
260,FERTILIZER,100,100,10000
261,WHEAT,35,35,9899
261,CARROT,37,37,9977
261,TOMATO,63,63,9977
261,STRAWBERRY,204,203,9899
261,MELON,272,272,9989
261,EGG,54,53,9941
261,MILK,216,215,9959
261,WOOL,221,221,9989
261,FERTILIZER,100,100,10000
262,WHEAT,35,35,9899
262,CARROT,37,37,9977
262,TOMATO,63,63,9977
262,STRAWBERRY,204,204,9899
262,MELON,272,272,9989
262,EGG,54,54,9941
262,MILK,216,216,9959
262,WOOL,221,221,9989
262,FERTILIZER,100,100,10000
263,WHEAT,35,35,9899
263,CARROT,37,37,9977
263,TOMATO,63,63,9977
263,STRAWBERRY,204,204,9899
263,MELON,272,272,9989
263,EGG,54,54,9941
263,MILK,216,216,9959
263,WOOL,221,221,9989
263,FERTILIZER,100,100,10000
264,WHEAT,35,35,9899
264,CARROT,37,37,9977
264,TOMATO,63,63,9977
264,STRAWBERRY,204,204,9899
264,MELON,272,272,9989
264,EGG,54,54,9941
264,MILK,216,216,9959
264,WOOL,221,221,9989
264,FERTILIZER,100,100,10000
265,WHEAT,35,35,9895
265,CARROT,37,37,9975
265,TOMATO,63,63,9975
265,STRAWBERRY,206,204,9895
265,MELON,272,272,9988
265,EGG,54,54,9939
265,MILK,217,216,9957
265,WOOL,222,221,9988
265,FERTILIZER,100,100,10000
266,WHEAT,35,35,9895
266,CARROT,37,37,9975
266,TOMATO,63,63,9975
266,STRAWBERRY,206,206,9895
266,MELON,272,272,9988
266,EGG,54,54,9939
266,MILK,217,217,9957
266,WOOL,222,222,9988
266,FERTILIZER,100,100,10000
267,WHEAT,35,35,9895
267,CARROT,37,37,9975
267,TOMATO,63,63,9975
267,STRAWBERRY,206,206,9895
267,MELON,272,272,9988
267,EGG,54,54,9939
267,MILK,217,217,9957
267,WOOL,222,222,9988
267,FERTILIZER,100,100,10000
268,WHEAT,35,35,9895
268,CARROT,37,37,9975
268,TOMATO,63,63,9975
268,STRAWBERRY,206,206,9895
268,MELON,272,272,9988
268,EGG,54,54,9939
268,MILK,217,217,9957
268,WOOL,222,222,9988
268,FERTILIZER,100,100,10000
269,WHEAT,35,35,9892
269,CARROT,37,37,9974
269,TOMATO,63,63,9974
269,STRAWBERRY,207,206,9892
269,MELON,272,272,9988
269,EGG,54,54,9938
269,MILK,218,217,9956
269,WOOL,222,222,9988
269,FERTILIZER,100,100,10000
270,WHEAT,35,35,9892
270,CARROT,37,37,9974
270,TOMATO,63,63,9974
270,STRAWBERRY,207,207,9892
270,MELON,272,272,9988
270,EGG,54,54,9938
270,MILK,218,218,9956
270,WOOL,222,222,9988
270,FERTILIZER,100,100,10000
271,WHEAT,35,35,9892
271,CARROT,37,37,9974
271,TOMATO,63,63,9974
271,STRAWBERRY,207,207,9892
271,MELON,272,272,9988
271,EGG,54,54,9938
271,MILK,218,218,9956
271,WOOL,222,222,9988
271,FERTILIZER,100,100,10000
272,WHEAT,35,35,9892
272,CARROT,37,37,9974
272,TOMATO,63,63,9974
272,STRAWBERRY,207,207,9892
272,MELON,272,272,9988
272,EGG,54,54,9938
272,MILK,218,218,9956
272,WOOL,222,222,9988
272,FERTILIZER,100,100,10000
273,WHEAT,36,35,9889
273,CARROT,37,37,9973
273,TOMATO,63,63,9973
273,STRAWBERRY,208,207,9889
273,MELON,272,272,9988
273,EGG,54,54,9937
273,MILK,218,218,9955
273,WOOL,222,222,9988
273,FERTILIZER,100,100,10000
274,WHEAT,36,36,9889
274,CARROT,37,37,9973
274,TOMATO,63,63,9973
274,STRAWBERRY,208,208,9889
274,MELON,272,272,9988
274,EGG,54,54,9937
274,MILK,218,218,9955
274,WOOL,222,222,9988
274,FERTILIZER,100,100,10000
275,WHEAT,36,36,9889
275,CARROT,37,37,9973
275,TOMATO,63,63,9973
275,STRAWBERRY,208,208,9889
275,MELON,272,272,9988
275,EGG,54,54,9937
275,MILK,218,218,9955
275,WOOL,222,222,9988
275,FERTILIZER,100,100,10000
276,WHEAT,36,36,9889
276,CARROT,37,37,9973
276,TOMATO,63,63,9973
276,STRAWBERRY,208,208,9889
276,MELON,272,272,9988
276,EGG,54,54,9937
276,MILK,218,218,9955
276,WOOL,222,222,9988
276,FERTILIZER,100,100,10000
277,WHEAT,36,36,9886
277,CARROT,37,37,9972
277,TOMATO,63,63,9972
277,STRAWBERRY,210,208,9886
277,MELON,272,272,9988
277,EGG,54,54,9936
277,MILK,219,218,9954
277,WOOL,222,222,9988
277,FERTILIZER,100,100,10000
278,WHEAT,36,36,9886
278,CARROT,37,37,9972
278,TOMATO,63,63,9972
278,STRAWBERRY,210,210,9886
278,MELON,272,272,9988
278,EGG,54,54,9936
278,MILK,219,219,9954
278,WOOL,222,222,9988
278,FERTILIZER,100,100,10000
279,WHEAT,36,36,9886
279,CARROT,37,37,9972
279,TOMATO,63,63,9972
279,STRAWBERRY,210,210,9886
279,MELON,272,272,9988
279,EGG,54,54,9936
279,MILK,219,219,9954
279,WOOL,222,222,9988
279,FERTILIZER,100,100,10000
280,WHEAT,36,36,9886
280,CARROT,37,37,9972
280,TOMATO,63,63,9972
280,STRAWBERRY,210,210,9886
280,MELON,272,272,9988
280,EGG,54,54,9936
280,MILK,219,219,9954
280,WOOL,222,222,9988
280,FERTILIZER,100,100,10000
281,WHEAT,36,36,9883
281,CARROT,37,37,9971
281,TOMATO,63,63,9971
281,STRAWBERRY,211,210,9883
281,MELON,272,272,9988
281,EGG,54,54,9935
281,MILK,220,219,9953
281,WOOL,222,222,9988
281,FERTILIZER,100,100,10000
282,WHEAT,36,36,9883
282,CARROT,37,37,9971
282,TOMATO,63,63,9971
282,STRAWBERRY,211,211,9883
282,MELON,272,272,9988
282,EGG,54,54,9935
282,MILK,220,220,9953
282,WOOL,222,222,9988
282,FERTILIZER,100,100,10000
283,WHEAT,36,36,9883
283,CARROT,37,37,9971
283,TOMATO,63,63,9971
283,STRAWBERRY,211,211,9883
283,MELON,272,272,9988
283,EGG,54,54,9935
283,MILK,220,220,9953
283,WOOL,222,222,9988
283,FERTILIZER,100,100,10000
284,WHEAT,36,36,9883
284,CARROT,37,37,9971
284,TOMATO,63,63,9971
284,STRAWBERRY,211,211,9883
284,MELON,272,272,9988
284,EGG,54,54,9935
284,MILK,220,220,9953
284,WOOL,222,222,9988
284,FERTILIZER,100,100,10000
285,WHEAT,36,36,9880
285,CARROT,37,37,9970
285,TOMATO,64,63,9970
285,STRAWBERRY,212,211,9880
285,MELON,272,272,9988
285,EGG,54,54,9934
285,MILK,220,220,9952
285,WOOL,222,222,9988
285,FERTILIZER,100,100,10000
286,WHEAT,36,36,9880
286,CARROT,37,37,9970
286,TOMATO,64,64,9970
286,STRAWBERRY,212,212,9880
286,MELON,272,272,9988
286,EGG,54,54,9934
286,MILK,220,220,9952
286,WOOL,222,222,9988
286,FERTILIZER,100,100,10000
287,WHEAT,36,36,9880
287,CARROT,37,37,9970
287,TOMATO,64,64,9970
287,STRAWBERRY,212,212,9880
287,MELON,272,272,9988
287,EGG,54,54,9934
287,MILK,220,220,9952
287,WOOL,222,222,9988
287,FERTILIZER,100,100,10000
288,WHEAT,36,36,9880
288,CARROT,37,37,9970
288,TOMATO,64,64,9970
288,STRAWBERRY,212,212,9880
288,MELON,272,272,9988
288,EGG,54,54,9934
288,MILK,220,220,9952
288,WOOL,222,222,9988
288,FERTILIZER,100,100,10000
289,WHEAT,36,36,9875
289,CARROT,37,37,9968
289,TOMATO,64,64,9968
289,STRAWBERRY,214,212,9875
289,MELON,273,272,9987
289,EGG,54,54,9932
289,MILK,222,220,9949
289,WOOL,223,222,9987
289,FERTILIZER,100,100,10000
290,WHEAT,36,36,9875
290,CARROT,37,37,9968
290,TOMATO,64,64,9968
290,STRAWBERRY,214,214,9875
290,MELON,273,273,9987
290,EGG,54,54,9932
290,MILK,222,222,9949
290,WOOL,223,223,9987
290,FERTILIZER,100,100,10000
291,WHEAT,36,36,9875
291,CARROT,37,37,9968
291,TOMATO,64,64,9968
291,STRAWBERRY,214,214,9875
291,MELON,273,273,9987
291,EGG,54,54,9932
291,MILK,222,222,9949
291,WOOL,223,223,9987
291,FERTILIZER,100,100,10000
292,WHEAT,36,36,9875
292,CARROT,37,37,9968
292,TOMATO,64,64,9968
292,STRAWBERRY,214,214,9875
292,MELON,273,273,9987
292,EGG,54,54,9932
292,MILK,222,222,9949
292,WOOL,223,223,9987
292,FERTILIZER,100,100,10000
293,WHEAT,36,36,9871
293,CARROT,38,37,9967
293,TOMATO,64,64,9967
293,STRAWBERRY,215,214,9871
293,MELON,273,273,9987
293,EGG,54,54,9931
293,MILK,223,222,9947
293,WOOL,223,223,9987
293,FERTILIZER,100,100,10000
294,WHEAT,36,36,9871
294,CARROT,38,38,9967
294,TOMATO,64,64,9967
294,STRAWBERRY,215,215,9871
294,MELON,273,273,9987
294,EGG,54,54,9931
294,MILK,223,223,9947
294,WOOL,223,223,9987
294,FERTILIZER,100,100,10000
295,WHEAT,36,36,9871
295,CARROT,38,38,9967
295,TOMATO,64,64,9967
295,STRAWBERRY,215,215,9871
295,MELON,273,273,9987
295,EGG,54,54,9931
295,MILK,223,223,9947
295,WOOL,223,223,9987
295,FERTILIZER,100,100,10000
296,WHEAT,36,36,9871
296,CARROT,38,38,9967
296,TOMATO,64,64,9967
296,STRAWBERRY,215,215,9871
296,MELON,273,273,9987
296,EGG,54,54,9931
296,MILK,223,223,9947
296,WOOL,223,223,9987
296,FERTILIZER,100,100,10000
297,WHEAT,37,36,9867
297,CARROT,38,38,9966
297,TOMATO,64,64,9966
297,STRAWBERRY,217,215,9867
297,MELON,273,273,9987
297,EGG,54,54,9930
297,MILK,224,223,9945
297,WOOL,223,223,9987
297,FERTILIZER,100,100,10000
298,WHEAT,37,37,9867
298,CARROT,38,38,9966
298,TOMATO,64,64,9966
298,STRAWBERRY,217,217,9867
298,MELON,273,273,9987
298,EGG,54,54,9930
298,MILK,224,224,9945
298,WOOL,223,223,9987
298,FERTILIZER,100,100,10000
299,WHEAT,37,37,9867
299,CARROT,38,38,9966
299,TOMATO,64,64,9966
299,STRAWBERRY,217,217,9867
299,MELON,273,273,9987
299,EGG,54,54,9930
299,MILK,224,224,9945
299,WOOL,223,223,9987
299,FERTILIZER,100,100,10000
300,WHEAT,37,37,9867
300,CARROT,38,38,9966
300,TOMATO,64,64,9966
300,STRAWBERRY,217,217,9867
300,MELON,273,273,9987
300,EGG,54,54,9930
300,MILK,224,224,9945
300,WOOL,223,223,9987
300,FERTILIZER,100,100,10000
301,WHEAT,37,37,9863
301,CARROT,38,38,9965
301,TOMATO,64,64,9965
301,STRAWBERRY,218,217,9863
301,MELON,273,273,9987
301,EGG,54,54,9929
301,MILK,226,224,9943
301,WOOL,223,223,9987
301,FERTILIZER,100,100,10000
302,WHEAT,37,37,9863
302,CARROT,38,38,9965
302,TOMATO,64,64,9965
302,STRAWBERRY,218,218,9863
302,MELON,273,273,9987
302,EGG,54,54,9929
302,MILK,226,226,9943
302,WOOL,223,223,9987
302,FERTILIZER,100,100,10000
303,WHEAT,37,37,9863
303,CARROT,38,38,9965
303,TOMATO,64,64,9965
303,STRAWBERRY,218,218,9863
303,MELON,273,273,9987
303,EGG,54,54,9929
303,MILK,226,226,9943
303,WOOL,223,223,9987
303,FERTILIZER,100,100,10000
304,WHEAT,37,37,9863
304,CARROT,38,38,9965
304,TOMATO,64,64,9965
304,STRAWBERRY,218,218,9863
304,MELON,273,273,9987
304,EGG,54,54,9929
304,MILK,226,226,9943
304,WOOL,223,223,9987
304,FERTILIZER,100,100,10000
305,WHEAT,37,37,9859
305,CARROT,38,38,9964
305,TOMATO,64,64,9964
305,STRAWBERRY,220,218,9859
305,MELON,273,273,9987
305,EGG,54,54,9928
305,MILK,227,226,9941
305,WOOL,223,223,9987
305,FERTILIZER,100,100,10000
306,WHEAT,37,37,9859
306,CARROT,38,38,9964
306,TOMATO,64,64,9964
306,STRAWBERRY,220,220,9859
306,MELON,273,273,9987
306,EGG,54,54,9928
306,MILK,227,227,9941
306,WOOL,223,223,9987
306,FERTILIZER,100,100,10000
307,WHEAT,37,37,9859
307,CARROT,38,38,9964
307,TOMATO,64,64,9964
307,STRAWBERRY,220,220,9859
307,MELON,273,273,9987
307,EGG,54,54,9928
307,MILK,227,227,9941
307,WOOL,223,223,9987
307,FERTILIZER,100,100,10000
308,WHEAT,37,37,9859
308,CARROT,38,38,9964
308,TOMATO,64,64,9964
308,STRAWBERRY,220,220,9859
308,MELON,273,273,9987
308,EGG,54,54,9928
308,MILK,227,227,9941
308,WOOL,223,223,9987
308,FERTILIZER,100,100,10000
309,WHEAT,37,37,9855
309,CARROT,38,38,9963
309,TOMATO,64,64,9963
309,STRAWBERRY,221,220,9855
309,MELON,273,273,9987
309,EGG,54,54,9927
309,MILK,228,227,9939
309,WOOL,223,223,9987
309,FERTILIZER,100,100,10000
310,WHEAT,37,37,9855
310,CARROT,38,38,9963
310,TOMATO,64,64,9963
310,STRAWBERRY,221,221,9855
310,MELON,273,273,9987
310,EGG,54,54,9927
310,MILK,228,228,9939
310,WOOL,223,223,9987
310,FERTILIZER,100,100,10000
311,WHEAT,37,37,9855
311,CARROT,38,38,9963
311,TOMATO,64,64,9963
311,STRAWBERRY,221,221,9855
311,MELON,273,273,9987
311,EGG,54,54,9927
311,MILK,228,228,9939
311,WOOL,223,223,9987
311,FERTILIZER,100,100,10000
312,WHEAT,37,37,9855
312,CARROT,38,38,9963
312,TOMATO,64,64,9963
312,STRAWBERRY,221,221,9855
312,MELON,273,273,9987
312,EGG,54,54,9927
312,MILK,228,228,9939
312,WOOL,223,223,9987
312,FERTILIZER,100,100,10000
313,WHEAT,37,37,9850
313,CARROT,38,38,9961
313,TOMATO,65,64,9961
313,STRAWBERRY,223,221,9850
313,MELON,274,273,9986
313,EGG,55,54,9925
313,MILK,230,228,9936
313,WOOL,223,223,9986
313,FERTILIZER,100,100,10000
314,WHEAT,37,37,9850
314,CARROT,38,38,9961
314,TOMATO,65,65,9961
314,STRAWBERRY,223,223,9850
314,MELON,274,274,9986
314,EGG,55,55,9925
314,MILK,230,230,9936
314,WOOL,223,223,9986
314,FERTILIZER,100,100,10000
315,WHEAT,37,37,9850
315,CARROT,38,38,9961
315,TOMATO,65,65,9961
315,STRAWBERRY,223,223,9850
315,MELON,274,274,9986
315,EGG,55,55,9925
315,MILK,230,230,9936
315,WOOL,223,223,9986
315,FERTILIZER,100,100,10000
316,WHEAT,37,37,9850
316,CARROT,38,38,9961
316,TOMATO,65,65,9961
316,STRAWBERRY,223,223,9850
316,MELON,274,274,9986
316,EGG,55,55,9925
316,MILK,230,230,9936
316,WOOL,223,223,9986
316,FERTILIZER,100,100,10000
317,WHEAT,37,37,9846
317,CARROT,38,38,9960
317,TOMATO,65,65,9960
317,STRAWBERRY,224,223,9846
317,MELON,274,274,9986
317,EGG,55,55,9924
317,MILK,231,230,9934
317,WOOL,223,223,9986
317,FERTILIZER,100,100,10000
318,WHEAT,37,37,9846
318,CARROT,38,38,9960
318,TOMATO,65,65,9960
318,STRAWBERRY,224,224,9846
318,MELON,274,274,9986
318,EGG,55,55,9924
318,MILK,231,231,9934
318,WOOL,223,223,9986
318,FERTILIZER,100,100,10000
319,WHEAT,37,37,9846
319,CARROT,38,38,9960
319,TOMATO,65,65,9960
319,STRAWBERRY,224,224,9846
319,MELON,274,274,9986
319,EGG,55,55,9924
319,MILK,231,231,9934
319,WOOL,223,223,9986
319,FERTILIZER,100,100,10000
320,WHEAT,37,37,9846
320,CARROT,38,38,9960
320,TOMATO,65,65,9960
320,STRAWBERRY,224,224,9846
320,MELON,274,274,9986
320,EGG,55,55,9924
320,MILK,231,231,9934
320,WOOL,223,223,9986
320,FERTILIZER,100,100,10000
321,WHEAT,38,37,9842
321,CARROT,38,38,9959
321,TOMATO,65,65,9959
321,STRAWBERRY,226,224,9842
321,MELON,274,274,9986
321,EGG,55,55,9923
321,MILK,232,231,9932
321,WOOL,223,223,9986
321,FERTILIZER,100,100,10000
322,WHEAT,38,38,9842
322,CARROT,38,38,9959
322,TOMATO,65,65,9959
322,STRAWBERRY,226,226,9842
322,MELON,274,274,9986
322,EGG,55,55,9923
322,MILK,232,232,9932
322,WOOL,223,223,9986
322,FERTILIZER,100,100,10000
323,WHEAT,38,38,9842
323,CARROT,38,38,9959
323,TOMATO,65,65,9959
323,STRAWBERRY,226,226,9842
323,MELON,274,274,9986
323,EGG,55,55,9923
323,MILK,232,232,9932
323,WOOL,223,223,9986
323,FERTILIZER,100,100,10000
324,WHEAT,38,38,9842
324,CARROT,38,38,9959
324,TOMATO,65,65,9959
324,STRAWBERRY,226,226,9842
324,MELON,274,274,9986
324,EGG,55,55,9923
324,MILK,232,232,9932
324,WOOL,223,223,9986
324,FERTILIZER,100,100,10000
325,WHEAT,38,38,9838
325,CARROT,38,38,9958
325,TOMATO,65,65,9958
325,STRAWBERRY,227,226,9838
325,MELON,274,274,9986
325,EGG,55,55,9922
325,MILK,233,232,9930
325,WOOL,223,223,9986
325,FERTILIZER,100,100,10000
326,WHEAT,38,38,9838
326,CARROT,38,38,9958
326,TOMATO,65,65,9958
326,STRAWBERRY,227,227,9838
326,MELON,274,274,9986
326,EGG,55,55,9922
326,MILK,233,233,9930
326,WOOL,223,223,9986
326,FERTILIZER,100,100,10000
327,WHEAT,38,38,9838
327,CARROT,38,38,9958
327,TOMATO,65,65,9958
327,STRAWBERRY,227,227,9838
327,MELON,274,274,9986
327,EGG,55,55,9922
327,MILK,233,233,9930
327,WOOL,223,223,9986
327,FERTILIZER,100,100,10000
328,WHEAT,38,38,9838
328,CARROT,38,38,9958
328,TOMATO,65,65,9958
328,STRAWBERRY,227,227,9838
328,MELON,274,274,9986
328,EGG,55,55,9922
328,MILK,233,233,9930
328,WOOL,223,223,9986
328,FERTILIZER,100,100,10000
329,WHEAT,38,38,9834
329,CARROT,38,38,9957
329,TOMATO,65,65,9957
329,STRAWBERRY,228,227,9834
329,MELON,274,274,9986
329,EGG,55,55,9921
329,MILK,234,233,9928
329,WOOL,223,223,9986
329,FERTILIZER,100,100,10000
330,WHEAT,38,38,9834
330,CARROT,38,38,9957
330,TOMATO,65,65,9957
330,STRAWBERRY,228,228,9834
330,MELON,274,274,9986
330,EGG,55,55,9921
330,MILK,234,234,9928
330,WOOL,223,223,9986
330,FERTILIZER,100,100,10000
331,WHEAT,38,38,9834
331,CARROT,38,38,9957
331,TOMATO,65,65,9957
331,STRAWBERRY,228,228,9834
331,MELON,274,274,9986
331,EGG,55,55,9921
331,MILK,234,234,9928
331,WOOL,223,223,9986
331,FERTILIZER,100,100,10000
332,WHEAT,38,38,9834
332,CARROT,38,38,9957
332,TOMATO,65,65,9957
332,STRAWBERRY,228,228,9834
332,MELON,274,274,9986
332,EGG,55,55,9921
332,MILK,234,234,9928
332,WOOL,223,223,9986
332,FERTILIZER,100,100,10000
333,WHEAT,38,38,9830
333,CARROT,38,38,9956
333,TOMATO,65,65,9956
333,STRAWBERRY,230,228,9830
333,MELON,274,274,9986
333,EGG,55,55,9920
333,MILK,235,234,9926
333,WOOL,223,223,9986
333,FERTILIZER,100,100,10000
334,WHEAT,38,38,9830
334,CARROT,38,38,9956
334,TOMATO,65,65,9956
334,STRAWBERRY,230,230,9830
334,MELON,274,274,9986
334,EGG,55,55,9920
334,MILK,235,235,9926
334,WOOL,223,223,9986
334,FERTILIZER,100,100,10000
335,WHEAT,38,38,9830
335,CARROT,38,38,9956
335,TOMATO,65,65,9956
335,STRAWBERRY,230,230,9830
335,MELON,274,274,9986
335,EGG,55,55,9920
335,MILK,235,235,9926
335,WOOL,223,223,9986
335,FERTILIZER,100,100,10000
336,WHEAT,38,38,9830
336,CARROT,38,38,9956
336,TOMATO,65,65,9956
336,STRAWBERRY,230,230,9830
336,MELON,274,274,9986
336,EGG,55,55,9920
336,MILK,235,235,9926
336,WOOL,223,223,9986
336,FERTILIZER,100,100,10000
337,WHEAT,38,38,9825
337,CARROT,39,38,9954
337,TOMATO,66,65,9954
337,STRAWBERRY,231,230,9825
337,MELON,274,274,9985
337,EGG,55,55,9918
337,MILK,236,235,9923
337,WOOL,224,223,9985
337,FERTILIZER,100,100,10000
338,WHEAT,38,38,9825
338,CARROT,39,39,9954
338,TOMATO,66,66,9954
338,STRAWBERRY,231,231,9825
338,MELON,274,274,9985
338,EGG,55,55,9918
338,MILK,236,236,9923
338,WOOL,224,224,9985
338,FERTILIZER,100,100,10000
339,WHEAT,38,38,9825
339,CARROT,39,39,9954
339,TOMATO,66,66,9954
339,STRAWBERRY,231,231,9825
339,MELON,274,274,9985
339,EGG,55,55,9918
339,MILK,236,236,9923
339,WOOL,224,224,9985
339,FERTILIZER,100,100,10000
340,WHEAT,38,38,9825
340,CARROT,39,39,9954
340,TOMATO,66,66,9954
340,STRAWBERRY,231,231,9825
340,MELON,274,274,9985
340,EGG,55,55,9918
340,MILK,236,236,9923
340,WOOL,224,224,9985
340,FERTILIZER,100,100,10000
341,WHEAT,38,38,9821
341,CARROT,39,39,9953
341,TOMATO,66,66,9953
341,STRAWBERRY,232,231,9821
341,MELON,274,274,9985
341,EGG,55,55,9917
341,MILK,237,236,9921
341,WOOL,224,224,9985
341,FERTILIZER,100,100,10000
342,WHEAT,38,38,9821
342,CARROT,39,39,9953
342,TOMATO,66,66,9953
342,STRAWBERRY,232,232,9821
342,MELON,274,274,9985
342,EGG,55,55,9917
342,MILK,237,237,9921
342,WOOL,224,224,9985
342,FERTILIZER,100,100,10000
343,WHEAT,38,38,9821
343,CARROT,39,39,9953
343,TOMATO,66,66,9953
343,STRAWBERRY,232,232,9821
343,MELON,274,274,9985
343,EGG,55,55,9917
343,MILK,237,237,9921
343,WOOL,224,224,9985
343,FERTILIZER,100,100,10000
344,WHEAT,38,38,9821
344,CARROT,39,39,9953
344,TOMATO,66,66,9953
344,STRAWBERRY,232,232,9821
344,MELON,274,274,9985
344,EGG,55,55,9917
344,MILK,237,237,9921
344,WOOL,224,224,9985
344,FERTILIZER,100,100,10000
345,WHEAT,39,38,9817
345,CARROT,39,39,9952
345,TOMATO,66,66,9952
345,STRAWBERRY,234,232,9817
345,MELON,274,274,9985
345,EGG,55,55,9916
345,MILK,238,237,9919
345,WOOL,224,224,9985
345,FERTILIZER,100,100,10000
346,WHEAT,39,39,9817
346,CARROT,39,39,9952
346,TOMATO,66,66,9952
346,STRAWBERRY,234,234,9817
346,MELON,274,274,9985
346,EGG,55,55,9916
346,MILK,238,238,9919
346,WOOL,224,224,9985
346,FERTILIZER,100,100,10000
347,WHEAT,39,39,9817
347,CARROT,39,39,9952
347,TOMATO,66,66,9952
347,STRAWBERRY,234,234,9817
347,MELON,274,274,9985
347,EGG,55,55,9916
347,MILK,238,238,9919
347,WOOL,224,224,9985
347,FERTILIZER,100,100,10000
348,WHEAT,39,39,9817
348,CARROT,39,39,9952
348,TOMATO,66,66,9952
348,STRAWBERRY,234,234,9817
348,MELON,274,274,9985
348,EGG,55,55,9916
348,MILK,238,238,9919
348,WOOL,224,224,9985
348,FERTILIZER,100,100,10000
349,WHEAT,39,39,9813
349,CARROT,39,39,9951
349,TOMATO,66,66,9951
349,STRAWBERRY,235,234,9813
349,MELON,274,274,9985
349,EGG,55,55,9915
349,MILK,239,238,9917
349,WOOL,224,224,9985
349,FERTILIZER,100,100,10000
350,WHEAT,39,39,9813
350,CARROT,39,39,9951
350,TOMATO,66,66,9951
350,STRAWBERRY,235,235,9813
350,MELON,274,274,9985
350,EGG,55,55,9915
350,MILK,239,239,9917
350,WOOL,224,224,9985
350,FERTILIZER,100,100,10000
351,WHEAT,39,39,9813
351,CARROT,39,39,9951
351,TOMATO,66,66,9951
351,STRAWBERRY,235,235,9813
351,MELON,274,274,9985
351,EGG,55,55,9915
351,MILK,239,239,9917
351,WOOL,224,224,9985
351,FERTILIZER,100,100,10000
352,WHEAT,39,39,9813
352,CARROT,39,39,9951
352,TOMATO,66,66,9951
352,STRAWBERRY,235,235,9813
352,MELON,274,274,9985
352,EGG,55,55,9915
352,MILK,239,239,9917
352,WOOL,224,224,9985
352,FERTILIZER,100,100,10000
353,WHEAT,39,39,9809
353,CARROT,39,39,9950
353,TOMATO,66,66,9950
353,STRAWBERRY,236,235,9809
353,MELON,274,274,9985
353,EGG,55,55,9914
353,MILK,240,239,9915
353,WOOL,224,224,9985
353,FERTILIZER,100,100,10000
354,WHEAT,39,39,9809
354,CARROT,39,39,9950
354,TOMATO,66,66,9950
354,STRAWBERRY,236,236,9809
354,MELON,274,274,9985
354,EGG,55,55,9914
354,MILK,240,240,9915
354,WOOL,224,224,9985
354,FERTILIZER,100,100,10000
355,WHEAT,39,39,9809
355,CARROT,39,39,9950
355,TOMATO,66,66,9950
355,STRAWBERRY,236,236,9809
355,MELON,274,274,9985
355,EGG,55,55,9914
355,MILK,240,240,9915
355,WOOL,224,224,9985
355,FERTILIZER,100,100,10000
356,WHEAT,39,39,9809
356,CARROT,39,39,9950
356,TOMATO,66,66,9950
356,STRAWBERRY,236,236,9809
356,MELON,274,274,9985
356,EGG,55,55,9914
356,MILK,240,240,9915
356,WOOL,224,224,9985
356,FERTILIZER,100,100,10000
357,WHEAT,39,39,9805
357,CARROT,39,39,9949
357,TOMATO,66,66,9949
357,STRAWBERRY,237,236,9805
357,MELON,274,274,9985
357,EGG,55,55,9913
357,MILK,241,240,9913
357,WOOL,224,224,9985
357,FERTILIZER,100,100,10000
358,WHEAT,39,39,9805
358,CARROT,39,39,9949
358,TOMATO,66,66,9949
358,STRAWBERRY,237,237,9805
358,MELON,274,274,9985
358,EGG,55,55,9913
358,MILK,241,241,9913
358,WOOL,224,224,9985
358,FERTILIZER,100,100,10000
359,WHEAT,39,39,9805
359,CARROT,39,39,9949
359,TOMATO,66,66,9949
359,STRAWBERRY,237,237,9805
359,MELON,274,274,9985
359,EGG,55,55,9913
359,MILK,241,241,9913
359,WOOL,224,224,9985
359,FERTILIZER,100,100,10000
360,WHEAT,39,39,9805
360,CARROT,39,39,9949
360,TOMATO,66,66,9949
360,STRAWBERRY,237,237,9805
360,MELON,274,274,9985
360,EGG,55,55,9913
360,MILK,241,241,9913
360,WOOL,224,224,9985
360,FERTILIZER,100,100,10000
361,WHEAT,39,39,9800
361,CARROT,39,39,9947
361,TOMATO,66,66,9947
361,STRAWBERRY,239,237,9799
361,MELON,275,274,9984
361,EGG,55,55,9911
361,MILK,243,241,9909
361,WOOL,224,224,9984
361,FERTILIZER,100,100,10000
362,WHEAT,39,39,9800
362,CARROT,39,39,9947
362,TOMATO,66,66,9947
362,STRAWBERRY,239,239,9799
362,MELON,275,275,9984
362,EGG,55,55,9911
362,MILK,243,243,9909
362,WOOL,224,224,9984
362,FERTILIZER,100,100,10000
363,WHEAT,39,39,9800
363,CARROT,39,39,9947
363,TOMATO,66,66,9947
363,STRAWBERRY,239,239,9799
363,MELON,275,275,9984
363,EGG,55,55,9911
363,MILK,243,243,9909
363,WOOL,224,224,9984
363,FERTILIZER,100,100,10000
364,WHEAT,39,39,9800
364,CARROT,39,39,9947
364,TOMATO,66,66,9947
364,STRAWBERRY,239,239,9799
364,MELON,275,275,9984
364,EGG,55,55,9911
364,MILK,243,243,9909
364,WOOL,224,224,9984
364,FERTILIZER,100,100,10000
365,WHEAT,39,39,9796
365,CARROT,39,39,9946
365,TOMATO,66,66,9946
365,STRAWBERRY,241,239,9794
365,MELON,275,275,9984
365,EGG,55,55,9910
365,MILK,244,243,9906
365,WOOL,224,224,9984
365,FERTILIZER,100,100,10000
366,WHEAT,39,39,9796
366,CARROT,39,39,9946
366,TOMATO,66,66,9946
366,STRAWBERRY,241,241,9794
366,MELON,275,275,9984
366,EGG,55,55,9910
366,MILK,244,244,9906
366,WOOL,224,224,9984
366,FERTILIZER,100,100,10000
367,WHEAT,39,39,9796
367,CARROT,39,39,9946
367,TOMATO,66,66,9946
367,STRAWBERRY,241,241,9794
367,MELON,275,275,9984
367,EGG,55,55,9910
367,MILK,244,244,9906
367,WOOL,224,224,9984
367,FERTILIZER,100,100,10000
368,WHEAT,39,39,9796
368,CARROT,39,39,9946
368,TOMATO,66,66,9946
368,STRAWBERRY,241,241,9794
368,MELON,275,275,9984
368,EGG,55,55,9910
368,MILK,244,244,9906
368,WOOL,224,224,9984
368,FERTILIZER,100,100,10000
369,WHEAT,39,39,9792
369,CARROT,39,39,9945
369,TOMATO,67,66,9945
369,STRAWBERRY,242,241,9789
369,MELON,275,275,9984
369,EGG,55,55,9909
369,MILK,246,244,9903
369,WOOL,224,224,9984
369,FERTILIZER,100,100,10000
370,WHEAT,39,39,9792
370,CARROT,39,39,9945
370,TOMATO,67,67,9945
370,STRAWBERRY,242,242,9789
370,MELON,275,275,9984
370,EGG,55,55,9909
370,MILK,246,246,9903
370,WOOL,224,224,9984
370,FERTILIZER,100,100,10000
371,WHEAT,39,39,9792
371,CARROT,39,39,9945
371,TOMATO,67,67,9945
371,STRAWBERRY,242,242,9789
371,MELON,275,275,9984
371,EGG,55,55,9909
371,MILK,246,246,9903
371,WOOL,224,224,9984
371,FERTILIZER,100,100,10000
372,WHEAT,39,39,9792
372,CARROT,39,39,9945
372,TOMATO,67,67,9945
372,STRAWBERRY,242,242,9789
372,MELON,275,275,9984
372,EGG,55,55,9909
372,MILK,246,246,9903
372,WOOL,224,224,9984
372,FERTILIZER,100,100,10000
373,WHEAT,40,39,9788
373,CARROT,39,39,9944
373,TOMATO,67,67,9944
373,STRAWBERRY,243,242,9784
373,MELON,275,275,9984
373,EGG,56,55,9908
373,MILK,247,246,9900
373,WOOL,224,224,9984
373,FERTILIZER,100,100,10000
374,WHEAT,40,40,9788
374,CARROT,39,39,9944
374,TOMATO,67,67,9944
374,STRAWBERRY,243,243,9784
374,MELON,275,275,9984
374,EGG,56,56,9908
374,MILK,247,247,9900
374,WOOL,224,224,9984
374,FERTILIZER,100,100,10000
375,WHEAT,40,40,9788
375,CARROT,39,39,9944
375,TOMATO,67,67,9944
375,STRAWBERRY,243,243,9784
375,MELON,275,275,9984
375,EGG,56,56,9908
375,MILK,247,247,9900
375,WOOL,224,224,9984
375,FERTILIZER,100,100,10000
376,WHEAT,40,40,9788
376,CARROT,39,39,9944
376,TOMATO,67,67,9944
376,STRAWBERRY,243,243,9784
376,MELON,275,275,9984
376,EGG,56,56,9908
376,MILK,247,247,9900
376,WOOL,224,224,9984
376,FERTILIZER,100,100,10000
377,WHEAT,40,40,9784
377,CARROT,39,39,9943
377,TOMATO,67,67,9943
377,STRAWBERRY,245,243,9779
377,MELON,275,275,9984
377,EGG,56,56,9907
377,MILK,248,247,9897
377,WOOL,224,224,9984
377,FERTILIZER,100,100,10000
378,WHEAT,40,40,9784
378,CARROT,39,39,9943
378,TOMATO,67,67,9943
378,STRAWBERRY,245,245,9779
378,MELON,275,275,9984
378,EGG,56,56,9907
378,MILK,248,248,9897
378,WOOL,224,224,9984
378,FERTILIZER,100,100,10000
379,WHEAT,40,40,9784
379,CARROT,39,39,9943
379,TOMATO,67,67,9943
379,STRAWBERRY,245,245,9779
379,MELON,275,275,9984
379,EGG,56,56,9907
379,MILK,248,248,9897
379,WOOL,224,224,9984
379,FERTILIZER,100,100,10000
380,WHEAT,40,40,9784
380,CARROT,39,39,9943
380,TOMATO,67,67,9943
380,STRAWBERRY,245,245,9779
380,MELON,275,275,9984
380,EGG,56,56,9907
380,MILK,248,248,9897
380,WOOL,224,224,9984
380,FERTILIZER,100,100,10000
381,WHEAT,40,40,9780
381,CARROT,40,39,9942
381,TOMATO,67,67,9942
381,STRAWBERRY,246,245,9774
381,MELON,275,275,9984
381,EGG,56,56,9906
381,MILK,249,248,9894
381,WOOL,224,224,9984
381,FERTILIZER,100,100,10000
382,WHEAT,40,40,9780
382,CARROT,40,40,9942
382,TOMATO,67,67,9942
382,STRAWBERRY,246,246,9774
382,MELON,275,275,9984
382,EGG,56,56,9906
382,MILK,249,249,9894
382,WOOL,224,224,9984
382,FERTILIZER,100,100,10000
383,WHEAT,40,40,9780
383,CARROT,40,40,9942
383,TOMATO,67,67,9942
383,STRAWBERRY,246,246,9774
383,MELON,275,275,9984
383,EGG,56,56,9906
383,MILK,249,249,9894
383,WOOL,224,224,9984
383,FERTILIZER,100,100,10000
384,WHEAT,40,40,9780
384,CARROT,40,40,9942
384,TOMATO,67,67,9942
384,STRAWBERRY,246,246,9774
384,MELON,275,275,9984
384,EGG,56,56,9906
384,MILK,249,249,9894
384,WOOL,224,224,9984
384,FERTILIZER,100,100,10000
385,WHEAT,40,40,9775
385,CARROT,40,40,9940
385,TOMATO,67,67,9940
385,STRAWBERRY,248,246,9768
385,MELON,275,275,9983
385,EGG,56,56,9904
385,MILK,251,249,9890
385,WOOL,225,224,9983
385,FERTILIZER,100,100,10000
386,WHEAT,40,40,9775
386,CARROT,40,40,9940
386,TOMATO,67,67,9940
386,STRAWBERRY,248,248,9768
386,MELON,275,275,9983
386,EGG,56,56,9904
386,MILK,251,251,9890
386,WOOL,225,225,9983
386,FERTILIZER,100,100,10000
387,WHEAT,40,40,9775
387,CARROT,40,40,9940
387,TOMATO,67,67,9940
387,STRAWBERRY,248,248,9768
387,MELON,275,275,9983
387,EGG,56,56,9904
387,MILK,251,251,9890
387,WOOL,225,225,9983
387,FERTILIZER,100,100,10000
388,WHEAT,40,40,9775
388,CARROT,40,40,9940
388,TOMATO,67,67,9940
388,STRAWBERRY,248,248,9768
388,MELON,275,275,9983
388,EGG,56,56,9904
388,MILK,251,251,9890
388,WOOL,225,225,9983
388,FERTILIZER,100,100,10000
389,WHEAT,40,40,9771
389,CARROT,40,40,9939
389,TOMATO,67,67,9939
389,STRAWBERRY,249,248,9763
389,MELON,275,275,9983
389,EGG,56,56,9903
389,MILK,252,251,9887
389,WOOL,225,225,9983
389,FERTILIZER,100,100,10000
390,WHEAT,40,40,9771
390,CARROT,40,40,9939
390,TOMATO,67,67,9939
390,STRAWBERRY,249,249,9763
390,MELON,275,275,9983
390,EGG,56,56,9903
390,MILK,252,252,9887
390,WOOL,225,225,9983
390,FERTILIZER,100,100,10000
391,WHEAT,40,40,9771
391,CARROT,40,40,9939
391,TOMATO,67,67,9939
391,STRAWBERRY,249,249,9763
391,MELON,275,275,9983
391,EGG,56,56,9903
391,MILK,252,252,9887
391,WOOL,225,225,9983
391,FERTILIZER,100,100,10000
392,WHEAT,40,40,9771
392,CARROT,40,40,9939
392,TOMATO,67,67,9939
392,STRAWBERRY,249,249,9763
392,MELON,275,275,9983
392,EGG,56,56,9903
392,MILK,252,252,9887
392,WOOL,225,225,9983
392,FERTILIZER,100,100,10000
393,WHEAT,40,40,9767
393,CARROT,40,40,9938
393,TOMATO,67,67,9938
393,STRAWBERRY,251,249,9758
393,MELON,275,275,9983
393,EGG,56,56,9902
393,MILK,254,252,9884
393,WOOL,225,225,9983
393,FERTILIZER,100,100,10000
394,WHEAT,40,40,9767
394,CARROT,40,40,9938
394,TOMATO,67,67,9938
394,STRAWBERRY,251,251,9758
394,MELON,275,275,9983
394,EGG,56,56,9902
394,MILK,254,254,9884
394,WOOL,225,225,9983
394,FERTILIZER,100,100,10000
395,WHEAT,40,40,9767
395,CARROT,40,40,9938
395,TOMATO,67,67,9938
395,STRAWBERRY,251,251,9758
395,MELON,275,275,9983
395,EGG,56,56,9902
395,MILK,254,254,9884
395,WOOL,225,225,9983
395,FERTILIZER,100,100,10000
396,WHEAT,40,40,9767
396,CARROT,40,40,9938
396,TOMATO,67,67,9938
396,STRAWBERRY,251,251,9758
396,MELON,275,275,9983
396,EGG,56,56,9902
396,MILK,254,254,9884
396,WOOL,225,225,9983
396,FERTILIZER,100,100,10000
397,WHEAT,40,40,9763
397,CARROT,40,40,9937
397,TOMATO,68,67,9937
397,STRAWBERRY,252,251,9753
397,MELON,275,275,9983
397,EGG,56,56,9901
397,MILK,255,254,9881
397,WOOL,225,225,9983
397,FERTILIZER,100,100,10000
398,WHEAT,40,40,9763
398,CARROT,40,40,9937
398,TOMATO,68,68,9937
398,STRAWBERRY,252,252,9753
398,MELON,275,275,9983
398,EGG,56,56,9901
398,MILK,255,255,9881
398,WOOL,225,225,9983
398,FERTILIZER,100,100,10000
399,WHEAT,40,40,9763
399,CARROT,40,40,9937
399,TOMATO,68,68,9937
399,STRAWBERRY,252,252,9753
399,MELON,275,275,9983
399,EGG,56,56,9901
399,MILK,255,255,9881
399,WOOL,225,225,9983
399,FERTILIZER,100,100,10000
400,WHEAT,40,40,9763
400,CARROT,40,40,9937
400,TOMATO,68,68,9937
400,STRAWBERRY,252,252,9753
400,MELON,275,275,9983
400,EGG,56,56,9901
400,MILK,255,255,9881
400,WOOL,225,225,9983
400,FERTILIZER,100,100,10000
401,WHEAT,41,40,9759
401,CARROT,40,40,9936
401,TOMATO,68,68,9936
401,STRAWBERRY,253,252,9748
401,MELON,275,275,9983
401,EGG,56,56,9900
401,MILK,256,255,9878
401,WOOL,225,225,9983
401,FERTILIZER,100,100,10000
402,WHEAT,41,41,9759
402,CARROT,40,40,9936
402,TOMATO,68,68,9936
402,STRAWBERRY,253,253,9748
402,MELON,275,275,9983
402,EGG,56,56,9900
402,MILK,256,256,9878
402,WOOL,225,225,9983
402,FERTILIZER,100,100,10000
403,WHEAT,41,41,9759
403,CARROT,40,40,9936
403,TOMATO,68,68,9936
403,STRAWBERRY,253,253,9748
403,MELON,275,275,9983
403,EGG,56,56,9900
403,MILK,256,256,9878
403,WOOL,225,225,9983
403,FERTILIZER,100,100,10000
404,WHEAT,41,41,9759
404,CARROT,40,40,9936
404,TOMATO,68,68,9936
404,STRAWBERRY,253,253,9748
404,MELON,275,275,9983
404,EGG,56,56,9900
404,MILK,256,256,9878
404,WOOL,225,225,9983
404,FERTILIZER,100,100,10000
405,WHEAT,41,41,9755
405,CARROT,40,40,9935
405,TOMATO,68,68,9935
405,STRAWBERRY,255,253,9743
405,MELON,275,275,9983
405,EGG,56,56,9899
405,MILK,257,256,9875
405,WOOL,225,225,9983
405,FERTILIZER,100,100,10000
406,WHEAT,41,41,9755
406,CARROT,40,40,9935
406,TOMATO,68,68,9935
406,STRAWBERRY,255,255,9743
406,MELON,275,275,9983
406,EGG,56,56,9899
406,MILK,257,257,9875
406,WOOL,225,225,9983
406,FERTILIZER,100,100,10000
407,WHEAT,41,41,9755
407,CARROT,40,40,9935
407,TOMATO,68,68,9935
407,STRAWBERRY,255,255,9743
407,MELON,275,275,9983
407,EGG,56,56,9899
407,MILK,257,257,9875
407,WOOL,225,225,9983
407,FERTILIZER,100,100,10000
408,WHEAT,41,41,9755
408,CARROT,40,40,9935
408,TOMATO,68,68,9935
408,STRAWBERRY,255,255,9743
408,MELON,275,275,9983
408,EGG,56,56,9899
408,MILK,257,257,9875
408,WOOL,225,225,9983
408,FERTILIZER,100,100,10000
409,WHEAT,41,41,9750
409,CARROT,40,40,9933
409,TOMATO,68,68,9933
409,STRAWBERRY,256,255,9737
409,MELON,276,275,9982
409,EGG,56,56,9897
409,MILK,259,257,9871
409,WOOL,225,225,9982
409,FERTILIZER,100,100,10000
410,WHEAT,41,41,9750
410,CARROT,40,40,9933
410,TOMATO,68,68,9933
410,STRAWBERRY,256,256,9737
410,MELON,276,276,9982
410,EGG,56,56,9897
410,MILK,259,259,9871
410,WOOL,225,225,9982
410,FERTILIZER,100,100,10000
411,WHEAT,41,41,9750
411,CARROT,40,40,9933
411,TOMATO,68,68,9933
411,STRAWBERRY,256,256,9737
411,MELON,276,276,9982
411,EGG,56,56,9897
411,MILK,259,259,9871
411,WOOL,225,225,9982
411,FERTILIZER,100,100,10000
412,WHEAT,41,41,9750
412,CARROT,40,40,9933
412,TOMATO,68,68,9933
412,STRAWBERRY,256,256,9737
412,MELON,276,276,9982
412,EGG,56,56,9897
412,MILK,259,259,9871
412,WOOL,225,225,9982
412,FERTILIZER,100,100,10000
413,WHEAT,41,41,9746
413,CARROT,40,40,9932
413,TOMATO,68,68,9932
413,STRAWBERRY,258,256,9732
413,MELON,276,276,9982
413,EGG,56,56,9896
413,MILK,260,259,9868
413,WOOL,225,225,9982
413,FERTILIZER,100,100,10000
414,WHEAT,41,41,9746
414,CARROT,40,40,9932
414,TOMATO,68,68,9932
414,STRAWBERRY,258,258,9732
414,MELON,276,276,9982
414,EGG,56,56,9896
414,MILK,260,260,9868
414,WOOL,225,225,9982
414,FERTILIZER,100,100,10000
415,WHEAT,41,41,9746
415,CARROT,40,40,9932
415,TOMATO,68,68,9932
415,STRAWBERRY,258,258,9732
415,MELON,276,276,9982
415,EGG,56,56,9896
415,MILK,260,260,9868
415,WOOL,225,225,9982
415,FERTILIZER,100,100,10000
416,WHEAT,41,41,9746
416,CARROT,40,40,9932
416,TOMATO,68,68,9932
416,STRAWBERRY,258,258,9732
416,MELON,276,276,9982
416,EGG,56,56,9896
416,MILK,260,260,9868
416,WOOL,225,225,9982
416,FERTILIZER,100,100,10000
417,WHEAT,41,41,9742
417,CARROT,40,40,9931
417,TOMATO,68,68,9931
417,STRAWBERRY,259,258,9727
417,MELON,276,276,9982
417,EGG,56,56,9895
417,MILK,261,260,9865
417,WOOL,225,225,9982
417,FERTILIZER,100,100,10000
418,WHEAT,41,41,9742
418,CARROT,40,40,9931
418,TOMATO,68,68,9931
418,STRAWBERRY,259,259,9727
418,MELON,276,276,9982
418,EGG,56,56,9895
418,MILK,261,261,9865
418,WOOL,225,225,9982
418,FERTILIZER,100,100,10000
419,WHEAT,41,41,9742
419,CARROT,40,40,9931
419,TOMATO,68,68,9931
419,STRAWBERRY,259,259,9727
419,MELON,276,276,9982
419,EGG,56,56,9895
419,MILK,261,261,9865
419,WOOL,225,225,9982
419,FERTILIZER,100,100,10000
420,WHEAT,41,41,9742
420,CARROT,40,40,9931
420,TOMATO,68,68,9931
420,STRAWBERRY,259,259,9727
420,MELON,276,276,9982
420,EGG,56,56,9895
420,MILK,261,261,9865
420,WOOL,225,225,9982
420,FERTILIZER,100,100,10000
421,WHEAT,41,41,9738
421,CARROT,40,40,9930
421,TOMATO,68,68,9930
421,STRAWBERRY,260,259,9722
421,MELON,276,276,9982
421,EGG,56,56,9894
421,MILK,262,261,9862
421,WOOL,225,225,9982
421,FERTILIZER,100,100,10000
422,WHEAT,41,41,9738
422,CARROT,40,40,9930
422,TOMATO,68,68,9930
422,STRAWBERRY,260,260,9722
422,MELON,276,276,9982
422,EGG,56,56,9894
422,MILK,262,262,9862
422,WOOL,225,225,9982
422,FERTILIZER,100,100,10000
423,WHEAT,41,41,9738
423,CARROT,40,40,9930
423,TOMATO,68,68,9930
423,STRAWBERRY,260,260,9722
423,MELON,276,276,9982
423,EGG,56,56,9894
423,MILK,262,262,9862
423,WOOL,225,225,9982
423,FERTILIZER,100,100,10000
424,WHEAT,41,41,9738
424,CARROT,40,40,9930
424,TOMATO,68,68,9930
424,STRAWBERRY,260,260,9722
424,MELON,276,276,9982
424,EGG,56,56,9894
424,MILK,262,262,9862
424,WOOL,225,225,9982
424,FERTILIZER,100,100,10000
425,WHEAT,41,41,9734
425,CARROT,41,40,9929
425,TOMATO,69,68,9929
425,STRAWBERRY,261,260,9717
425,MELON,276,276,9982
425,EGG,56,56,9893
425,MILK,263,262,9859
425,WOOL,225,225,9982
425,FERTILIZER,100,100,10000
426,WHEAT,41,41,9734
426,CARROT,41,41,9929
426,TOMATO,69,69,9929
426,STRAWBERRY,261,261,9717
426,MELON,276,276,9982
426,EGG,56,56,9893
426,MILK,263,263,9859
426,WOOL,225,225,9982
426,FERTILIZER,100,100,10000
427,WHEAT,41,41,9734
427,CARROT,41,41,9929
427,TOMATO,69,69,9929
427,STRAWBERRY,261,261,9717
427,MELON,276,276,9982
427,EGG,56,56,9893
427,MILK,263,263,9859
427,WOOL,225,225,9982
427,FERTILIZER,100,100,10000
428,WHEAT,41,41,9734
428,CARROT,41,41,9929
428,TOMATO,69,69,9929
428,STRAWBERRY,261,261,9717
428,MELON,276,276,9982
428,EGG,56,56,9893
428,MILK,263,263,9859
428,WOOL,225,225,9982
428,FERTILIZER,100,100,10000
429,WHEAT,41,41,9730
429,CARROT,41,41,9928
429,TOMATO,69,69,9928
429,STRAWBERRY,263,261,9712
429,MELON,276,276,9982
429,EGG,57,56,9892
429,MILK,264,263,9856
429,WOOL,225,225,9982
429,FERTILIZER,100,100,10000
430,WHEAT,41,41,9730
430,CARROT,41,41,9928
430,TOMATO,69,69,9928
430,STRAWBERRY,263,263,9712
430,MELON,276,276,9982
430,EGG,57,57,9892
430,MILK,264,264,9856
430,WOOL,225,225,9982
430,FERTILIZER,100,100,10000
431,WHEAT,41,41,9730
431,CARROT,41,41,9928
431,TOMATO,69,69,9928
431,STRAWBERRY,263,263,9712
431,MELON,276,276,9982
431,EGG,57,57,9892
431,MILK,264,264,9856
431,WOOL,225,225,9982
431,FERTILIZER,100,100,10000
432,WHEAT,41,41,9730
432,CARROT,41,41,9928
432,TOMATO,69,69,9928
432,STRAWBERRY,263,263,9712
432,MELON,276,276,9982
432,EGG,57,57,9892
432,MILK,264,264,9856
432,WOOL,225,225,9982
432,FERTILIZER,100,100,10000
433,WHEAT,42,41,9724
433,CARROT,41,41,9926
433,TOMATO,69,69,9925
433,STRAWBERRY,264,263,9706
433,MELON,276,276,9981
433,EGG,57,57,9890
433,MILK,266,264,9851
433,WOOL,226,225,9981
433,FERTILIZER,100,100,10000
434,WHEAT,42,42,9724
434,CARROT,41,41,9926
434,TOMATO,69,69,9925
434,STRAWBERRY,264,264,9706
434,MELON,276,276,9981
434,EGG,57,57,9890
434,MILK,266,266,9851
434,WOOL,226,226,9981
434,FERTILIZER,100,100,10000
435,WHEAT,42,42,9724
435,CARROT,41,41,9926
435,TOMATO,69,69,9925
435,STRAWBERRY,264,264,9706
435,MELON,276,276,9981
435,EGG,57,57,9890
435,MILK,266,266,9851
435,WOOL,226,226,9981
435,FERTILIZER,100,100,10000
436,WHEAT,42,42,9724
436,CARROT,41,41,9926
436,TOMATO,69,69,9925
436,STRAWBERRY,264,264,9706
436,MELON,276,276,9981
436,EGG,57,57,9890
436,MILK,266,266,9851
436,WOOL,226,226,9981
436,FERTILIZER,100,100,10000
437,WHEAT,42,42,9719
437,CARROT,41,41,9925
437,TOMATO,69,69,9923
437,STRAWBERRY,265,264,9701
437,MELON,276,276,9981
437,EGG,57,57,9889
437,MILK,268,266,9847
437,WOOL,226,226,9981
437,FERTILIZER,100,100,10000
438,WHEAT,42,42,9719
438,CARROT,41,41,9925
438,TOMATO,69,69,9923
438,STRAWBERRY,265,265,9701
438,MELON,276,276,9981
438,EGG,57,57,9889
438,MILK,268,268,9847
438,WOOL,226,226,9981
438,FERTILIZER,100,100,10000
439,WHEAT,42,42,9719
439,CARROT,41,41,9925
439,TOMATO,69,69,9923
439,STRAWBERRY,265,265,9701
439,MELON,276,276,9981
439,EGG,57,57,9889
439,MILK,268,268,9847
439,WOOL,226,226,9981
439,FERTILIZER,100,100,10000
440,WHEAT,42,42,9719
440,CARROT,41,41,9925
440,TOMATO,69,69,9923
440,STRAWBERRY,265,265,9701
440,MELON,276,276,9981
440,EGG,57,57,9889
440,MILK,268,268,9847
440,WOOL,226,226,9981
440,FERTILIZER,100,100,10000
441,WHEAT,42,42,9714
441,CARROT,41,41,9924
441,TOMATO,69,69,9921
441,STRAWBERRY,266,265,9696
441,MELON,276,276,9981
441,EGG,57,57,9888
441,MILK,269,268,9843
441,WOOL,226,226,9981
441,FERTILIZER,100,100,10000
442,WHEAT,42,42,9714
442,CARROT,41,41,9924
442,TOMATO,69,69,9921
442,STRAWBERRY,266,266,9696
442,MELON,276,276,9981
442,EGG,57,57,9888
442,MILK,269,269,9843
442,WOOL,226,226,9981
442,FERTILIZER,100,100,10000
443,WHEAT,42,42,9714
443,CARROT,41,41,9924
443,TOMATO,69,69,9921
443,STRAWBERRY,266,266,9696
443,MELON,276,276,9981
443,EGG,57,57,9888
443,MILK,269,269,9843
443,WOOL,226,226,9981
443,FERTILIZER,100,100,10000
444,WHEAT,42,42,9714
444,CARROT,41,41,9924
444,TOMATO,69,69,9921
444,STRAWBERRY,266,266,9696
444,MELON,276,276,9981
444,EGG,57,57,9888
444,MILK,269,269,9843
444,WOOL,226,226,9981
444,FERTILIZER,100,100,10000
445,WHEAT,42,42,9709
445,CARROT,41,41,9923
445,TOMATO,70,69,9919
445,STRAWBERRY,268,266,9691
445,MELON,276,276,9981
445,EGG,57,57,9887
445,MILK,270,269,9839
445,WOOL,226,226,9981
445,FERTILIZER,100,100,10000
446,WHEAT,42,42,9709
446,CARROT,41,41,9923
446,TOMATO,70,70,9919
446,STRAWBERRY,268,268,9691
446,MELON,276,276,9981
446,EGG,57,57,9887
446,MILK,270,270,9839
446,WOOL,226,226,9981
446,FERTILIZER,100,100,10000
447,WHEAT,42,42,9709
447,CARROT,41,41,9923
447,TOMATO,70,70,9919
447,STRAWBERRY,268,268,9691
447,MELON,276,276,9981
447,EGG,57,57,9887
447,MILK,270,270,9839
447,WOOL,226,226,9981
447,FERTILIZER,100,100,10000
448,WHEAT,42,42,9709
448,CARROT,41,41,9923
448,TOMATO,70,70,9919
448,STRAWBERRY,268,268,9691
448,MELON,276,276,9981
448,EGG,57,57,9887
448,MILK,270,270,9839
448,WOOL,226,226,9981
448,FERTILIZER,100,100,10000
449,WHEAT,42,42,9704
449,CARROT,41,41,9922
449,TOMATO,70,70,9917
449,STRAWBERRY,269,268,9686
449,MELON,276,276,9981
449,EGG,57,57,9886
449,MILK,272,270,9835
449,WOOL,226,226,9981
449,FERTILIZER,100,100,10000
450,WHEAT,42,42,9704
450,CARROT,41,41,9922
450,TOMATO,70,70,9917
450,STRAWBERRY,269,269,9686
450,MELON,276,276,9981
450,EGG,57,57,9886
450,MILK,272,272,9835
450,WOOL,226,226,9981
450,FERTILIZER,100,100,10000
451,WHEAT,42,42,9704
451,CARROT,41,41,9922
451,TOMATO,70,70,9917
451,STRAWBERRY,269,269,9686
451,MELON,276,276,9981
451,EGG,57,57,9886
451,MILK,272,272,9835
451,WOOL,226,226,9981
451,FERTILIZER,100,100,10000
452,WHEAT,42,42,9704
452,CARROT,41,41,9922
452,TOMATO,70,70,9917
452,STRAWBERRY,269,269,9686
452,MELON,276,276,9981
452,EGG,57,57,9886
452,MILK,272,272,9835
452,WOOL,226,226,9981
452,FERTILIZER,100,100,10000
453,WHEAT,42,42,9699
453,CARROT,41,41,9921
453,TOMATO,70,70,9915
453,STRAWBERRY,270,269,9681
453,MELON,276,276,9981
453,EGG,57,57,9885
453,MILK,273,272,9831
453,WOOL,226,226,9981
453,FERTILIZER,100,100,10000
454,WHEAT,42,42,9699
454,CARROT,41,41,9921
454,TOMATO,70,70,9915
454,STRAWBERRY,270,270,9681
454,MELON,276,276,9981
454,EGG,57,57,9885
454,MILK,273,273,9831
454,WOOL,226,226,9981
454,FERTILIZER,100,100,10000
455,WHEAT,42,42,9699
455,CARROT,41,41,9921
455,TOMATO,70,70,9915
455,STRAWBERRY,270,270,9681
455,MELON,276,276,9981
455,EGG,57,57,9885
455,MILK,273,273,9831
455,WOOL,226,226,9981
455,FERTILIZER,100,100,10000
456,WHEAT,42,42,9699
456,CARROT,41,41,9921
456,TOMATO,70,70,9915
456,STRAWBERRY,270,270,9681
456,MELON,276,276,9981
456,EGG,57,57,9885
456,MILK,273,273,9831
456,WOOL,226,226,9981
456,FERTILIZER,100,100,10000
457,WHEAT,43,42,9693
457,CARROT,41,41,9919
457,TOMATO,71,70,9912
457,STRAWBERRY,271,270,9675
457,MELON,277,276,9980
457,EGG,57,57,9883
457,MILK,275,273,9826
457,WOOL,226,226,9980
457,FERTILIZER,100,100,10000
458,WHEAT,43,43,9693
458,CARROT,41,41,9919
458,TOMATO,71,71,9912
458,STRAWBERRY,271,271,9675
458,MELON,277,277,9980
458,EGG,57,57,9883
458,MILK,275,275,9826
458,WOOL,226,226,9980
458,FERTILIZER,100,100,10000
459,WHEAT,43,43,9693
459,CARROT,41,41,9919
459,TOMATO,71,71,9912
459,STRAWBERRY,271,271,9675
459,MELON,277,277,9980
459,EGG,57,57,9883
459,MILK,275,275,9826
459,WOOL,226,226,9980
459,FERTILIZER,100,100,10000
460,WHEAT,43,43,9693
460,CARROT,41,41,9919
460,TOMATO,71,71,9912
460,STRAWBERRY,271,271,9675
460,MELON,277,277,9980
460,EGG,57,57,9883
460,MILK,275,275,9826
460,WOOL,226,226,9980
460,FERTILIZER,100,100,10000
461,WHEAT,43,43,9688
461,CARROT,41,41,9918
461,TOMATO,71,71,9910
461,STRAWBERRY,273,271,9670
461,MELON,277,277,9980
461,EGG,57,57,9882
461,MILK,276,275,9822
461,WOOL,226,226,9980
461,FERTILIZER,100,100,10000
462,WHEAT,43,43,9688
462,CARROT,41,41,9918
462,TOMATO,71,71,9910
462,STRAWBERRY,273,273,9670
462,MELON,277,277,9980
462,EGG,57,57,9882
462,MILK,276,276,9822
462,WOOL,226,226,9980
462,FERTILIZER,100,100,10000
463,WHEAT,43,43,9688
463,CARROT,41,41,9918
463,TOMATO,71,71,9910
463,STRAWBERRY,273,273,9670
463,MELON,277,277,9980
463,EGG,57,57,9882
463,MILK,276,276,9822
463,WOOL,226,226,9980
463,FERTILIZER,100,100,10000
464,WHEAT,43,43,9688
464,CARROT,41,41,9918
464,TOMATO,71,71,9910
464,STRAWBERRY,273,273,9670
464,MELON,277,277,9980
464,EGG,57,57,9882
464,MILK,276,276,9822
464,WOOL,226,226,9980
464,FERTILIZER,100,100,10000
465,WHEAT,43,43,9683
465,CARROT,41,41,9917
465,TOMATO,71,71,9908
465,STRAWBERRY,274,273,9665
465,MELON,277,277,9980
465,EGG,57,57,9881
465,MILK,277,276,9818
465,WOOL,226,226,9980
465,FERTILIZER,100,100,10000
466,WHEAT,43,43,9683
466,CARROT,41,41,9917
466,TOMATO,71,71,9908
466,STRAWBERRY,274,274,9665
466,MELON,277,277,9980
466,EGG,57,57,9881
466,MILK,277,277,9818
466,WOOL,226,226,9980
466,FERTILIZER,100,100,10000
467,WHEAT,43,43,9683
467,CARROT,41,41,9917
467,TOMATO,71,71,9908
467,STRAWBERRY,274,274,9665
467,MELON,277,277,9980
467,EGG,57,57,9881
467,MILK,277,277,9818
467,WOOL,226,226,9980
467,FERTILIZER,100,100,10000
468,WHEAT,43,43,9683
468,CARROT,41,41,9917
468,TOMATO,71,71,9908
468,STRAWBERRY,274,274,9665
468,MELON,277,277,9980
468,EGG,57,57,9881
468,MILK,277,277,9818
468,WOOL,226,226,9980
468,FERTILIZER,100,100,10000
469,WHEAT,43,43,9678
469,CARROT,42,41,9916
469,TOMATO,71,71,9906
469,STRAWBERRY,275,274,9660
469,MELON,277,277,9980
469,EGG,57,57,9880
469,MILK,279,277,9814
469,WOOL,226,226,9980
469,FERTILIZER,100,100,10000
470,WHEAT,43,43,9678
470,CARROT,42,42,9916
470,TOMATO,71,71,9906
470,STRAWBERRY,275,275,9660
470,MELON,277,277,9980
470,EGG,57,57,9880
470,MILK,279,279,9814
470,WOOL,226,226,9980
470,FERTILIZER,100,100,10000
471,WHEAT,43,43,9678
471,CARROT,42,42,9916
471,TOMATO,71,71,9906
471,STRAWBERRY,275,275,9660
471,MELON,277,277,9980
471,EGG,57,57,9880
471,MILK,279,279,9814
471,WOOL,226,226,9980
471,FERTILIZER,100,100,10000
472,WHEAT,43,43,9678
472,CARROT,42,42,9916
472,TOMATO,71,71,9906
472,STRAWBERRY,275,275,9660
472,MELON,277,277,9980
472,EGG,57,57,9880
472,MILK,279,279,9814
472,WOOL,226,226,9980
472,FERTILIZER,100,100,10000
473,WHEAT,43,43,9673
473,CARROT,42,42,9915
473,TOMATO,72,71,9904
473,STRAWBERRY,276,275,9655
473,MELON,277,277,9980
473,EGG,57,57,9879
473,MILK,280,279,9810
473,WOOL,226,226,9980
473,FERTILIZER,100,100,10000
474,WHEAT,43,43,9673
474,CARROT,42,42,9915
474,TOMATO,72,72,9904
474,STRAWBERRY,276,276,9655
474,MELON,277,277,9980
474,EGG,57,57,9879
474,MILK,280,280,9810
474,WOOL,226,226,9980
474,FERTILIZER,100,100,10000
475,WHEAT,43,43,9673
475,CARROT,42,42,9915
475,TOMATO,72,72,9904
475,STRAWBERRY,276,276,9655
475,MELON,277,277,9980
475,EGG,57,57,9879
475,MILK,280,280,9810
475,WOOL,226,226,9980
475,FERTILIZER,100,100,10000
476,WHEAT,43,43,9673
476,CARROT,42,42,9915
476,TOMATO,72,72,9904
476,STRAWBERRY,276,276,9655
476,MELON,277,277,9980
476,EGG,57,57,9879
476,MILK,280,280,9810
476,WOOL,226,226,9980
476,FERTILIZER,100,100,10000
477,WHEAT,43,43,9668
477,CARROT,42,42,9914
477,TOMATO,72,72,9902
477,STRAWBERRY,277,276,9650
477,MELON,277,277,9980
477,EGG,57,57,9878
477,MILK,281,280,9806
477,WOOL,226,226,9980
477,FERTILIZER,100,100,10000
478,WHEAT,43,43,9668
478,CARROT,42,42,9914
478,TOMATO,72,72,9902
478,STRAWBERRY,277,277,9650
478,MELON,277,277,9980
478,EGG,57,57,9878
478,MILK,281,281,9806
478,WOOL,226,226,9980
478,FERTILIZER,100,100,10000
479,WHEAT,43,43,9668
479,CARROT,42,42,9914
479,TOMATO,72,72,9902
479,STRAWBERRY,277,277,9650
479,MELON,277,277,9980
479,EGG,57,57,9878
479,MILK,281,281,9806
479,WOOL,226,226,9980
479,FERTILIZER,100,100,10000
480,WHEAT,43,43,9668
480,CARROT,42,42,9914
480,TOMATO,72,72,9902
480,STRAWBERRY,277,277,9650
480,MELON,277,277,9980
480,EGG,57,57,9878
480,MILK,281,281,9806
480,WOOL,226,226,9980
480,FERTILIZER,100,100,10000
481,WHEAT,43,43,9662
481,CARROT,42,42,9912
481,TOMATO,72,72,9899
481,STRAWBERRY,278,277,9644
481,MELON,277,277,9979
481,EGG,57,57,9876
481,MILK,283,281,9801
481,WOOL,227,226,9979
481,FERTILIZER,100,100,10000
482,WHEAT,43,43,9662
482,CARROT,42,42,9912
482,TOMATO,72,72,9899
482,STRAWBERRY,278,278,9644
482,MELON,277,277,9979
482,EGG,57,57,9876
482,MILK,283,283,9801
482,WOOL,227,227,9979
482,FERTILIZER,100,100,10000
483,WHEAT,43,43,9662
483,CARROT,42,42,9912
483,TOMATO,72,72,9899
483,STRAWBERRY,278,278,9644
483,MELON,277,277,9979
483,EGG,57,57,9876
483,MILK,283,283,9801
483,WOOL,227,227,9979
483,FERTILIZER,100,100,10000
484,WHEAT,43,43,9662
484,CARROT,42,42,9912
484,TOMATO,72,72,9899
484,STRAWBERRY,278,278,9644
484,MELON,277,277,9979
484,EGG,57,57,9876
484,MILK,283,283,9801
484,WOOL,227,227,9979
484,FERTILIZER,100,100,10000
485,WHEAT,44,43,9657
485,CARROT,42,42,9911
485,TOMATO,72,72,9897
485,STRAWBERRY,280,278,9639
485,MELON,277,277,9979
485,EGG,58,57,9875
485,MILK,284,283,9797
485,WOOL,227,227,9979
485,FERTILIZER,100,100,10000
486,WHEAT,44,44,9657
486,CARROT,42,42,9911
486,TOMATO,72,72,9897
486,STRAWBERRY,280,280,9639
486,MELON,277,277,9979
486,EGG,58,58,9875
486,MILK,284,284,9797
486,WOOL,227,227,9979
486,FERTILIZER,100,100,10000
487,WHEAT,44,44,9657
487,CARROT,42,42,9911
487,TOMATO,72,72,9897
487,STRAWBERRY,280,280,9639
487,MELON,277,277,9979
487,EGG,58,58,9875
487,MILK,284,284,9797
487,WOOL,227,227,9979
487,FERTILIZER,100,100,10000
488,WHEAT,44,44,9657
488,CARROT,42,42,9911
488,TOMATO,72,72,9897
488,STRAWBERRY,280,280,9639
488,MELON,277,277,9979
488,EGG,58,58,9875
488,MILK,284,284,9797
488,WOOL,227,227,9979
488,FERTILIZER,100,100,10000
489,WHEAT,44,44,9652
489,CARROT,42,42,9910
489,TOMATO,73,72,9895
489,STRAWBERRY,281,280,9634
489,MELON,277,277,9979
489,EGG,58,58,9874
489,MILK,285,284,9793
489,WOOL,227,227,9979
489,FERTILIZER,100,100,10000
490,WHEAT,44,44,9652
490,CARROT,42,42,9910
490,TOMATO,73,73,9895
490,STRAWBERRY,281,281,9634
490,MELON,277,277,9979
490,EGG,58,58,9874
490,MILK,285,285,9793
490,WOOL,227,227,9979
490,FERTILIZER,100,100,10000
491,WHEAT,44,44,9652
491,CARROT,42,42,9910
491,TOMATO,73,73,9895
491,STRAWBERRY,281,281,9634
491,MELON,277,277,9979
491,EGG,58,58,9874
491,MILK,285,285,9793
491,WOOL,227,227,9979
491,FERTILIZER,100,100,10000
492,WHEAT,44,44,9652
492,CARROT,42,42,9910
492,TOMATO,73,73,9895
492,STRAWBERRY,281,281,9634
492,MELON,277,277,9979
492,EGG,58,58,9874
492,MILK,285,285,9793
492,WOOL,227,227,9979
492,FERTILIZER,100,100,10000
493,WHEAT,44,44,9647
493,CARROT,42,42,9909
493,TOMATO,73,73,9893
493,STRAWBERRY,282,281,9629
493,MELON,277,277,9979
493,EGG,58,58,9873
493,MILK,286,285,9789
493,WOOL,227,227,9979
493,FERTILIZER,100,100,10000
494,WHEAT,44,44,9647
494,CARROT,42,42,9909
494,TOMATO,73,73,9893
494,STRAWBERRY,282,282,9629
494,MELON,277,277,9979
494,EGG,58,58,9873
494,MILK,286,286,9789
494,WOOL,227,227,9979
494,FERTILIZER,100,100,10000
495,WHEAT,44,44,9647
495,CARROT,42,42,9909
495,TOMATO,73,73,9893
495,STRAWBERRY,282,282,9629
495,MELON,277,277,9979
495,EGG,58,58,9873
495,MILK,286,286,9789
495,WOOL,227,227,9979
495,FERTILIZER,100,100,10000
496,WHEAT,44,44,9647
496,CARROT,42,42,9909
496,TOMATO,73,73,9893
496,STRAWBERRY,282,282,9629
496,MELON,277,277,9979
496,EGG,58,58,9873
496,MILK,286,286,9789
496,WOOL,227,227,9979
496,FERTILIZER,100,100,10000
497,WHEAT,44,44,9642
497,CARROT,42,42,9908
497,TOMATO,73,73,9891
497,STRAWBERRY,283,282,9624
497,MELON,277,277,9979
497,EGG,58,58,9872
497,MILK,287,286,9785
497,WOOL,227,227,9979
497,FERTILIZER,100,100,10000
498,WHEAT,44,44,9642
498,CARROT,42,42,9908
498,TOMATO,73,73,9891
498,STRAWBERRY,283,283,9624
498,MELON,277,277,9979
498,EGG,58,58,9872
498,MILK,287,287,9785
498,WOOL,227,227,9979
498,FERTILIZER,100,100,10000
499,WHEAT,44,44,9642
499,CARROT,42,42,9908
499,TOMATO,73,73,9891
499,STRAWBERRY,283,283,9624
499,MELON,277,277,9979
499,EGG,58,58,9872
499,MILK,287,287,9785
499,WOOL,227,227,9979
499,FERTILIZER,100,100,10000
500,WHEAT,44,44,9642
500,CARROT,42,42,9908
500,TOMATO,73,73,9891
500,STRAWBERRY,283,283,9624
500,MELON,277,277,9979
500,EGG,58,58,9872
500,MILK,287,287,9785
500,WOOL,227,227,9979
500,FERTILIZER,100,100,10000
501,WHEAT,44,44,9637
501,CARROT,42,42,9907
501,TOMATO,73,73,9889
501,STRAWBERRY,284,283,9619
501,MELON,277,277,9979
501,EGG,58,58,9871
501,MILK,289,287,9781
501,WOOL,227,227,9979
501,FERTILIZER,100,100,10000
502,WHEAT,44,44,9637
502,CARROT,42,42,9907
502,TOMATO,73,73,9889
502,STRAWBERRY,284,284,9619
502,MELON,277,277,9979
502,EGG,58,58,9871
502,MILK,289,289,9781
502,WOOL,227,227,9979
502,FERTILIZER,100,100,10000
503,WHEAT,44,44,9637
503,CARROT,42,42,9907
503,TOMATO,73,73,9889
503,STRAWBERRY,284,284,9619
503,MELON,277,277,9979
503,EGG,58,58,9871
503,MILK,289,289,9781
503,WOOL,227,227,9979
503,FERTILIZER,100,100,10000
504,WHEAT,44,44,9637
504,CARROT,42,42,9907
504,TOMATO,73,73,9889
504,STRAWBERRY,284,284,9619
504,MELON,277,277,9979
504,EGG,58,58,9871
504,MILK,289,289,9781
504,WOOL,227,227,9979
504,FERTILIZER,100,100,10000
505,WHEAT,44,44,9631
505,CARROT,42,42,9905
505,TOMATO,74,73,9886
505,STRAWBERRY,285,284,9612
505,MELON,277,277,9978
505,EGG,58,58,9869
505,MILK,290,289,9775
505,WOOL,227,227,9978
505,FERTILIZER,100,100,10000
506,WHEAT,44,44,9631
506,CARROT,42,42,9905
506,TOMATO,74,74,9886
506,STRAWBERRY,285,285,9612
506,MELON,277,277,9978
506,EGG,58,58,9869
506,MILK,290,290,9775
506,WOOL,227,227,9978
506,FERTILIZER,100,100,10000
507,WHEAT,44,44,9631
507,CARROT,42,42,9905
507,TOMATO,74,74,9886
507,STRAWBERRY,285,285,9612
507,MELON,277,277,9978
507,EGG,58,58,9869
507,MILK,290,290,9775
507,WOOL,227,227,9978
507,FERTILIZER,100,100,10000
508,WHEAT,44,44,9631
508,CARROT,42,42,9905
508,TOMATO,74,74,9886
508,STRAWBERRY,285,285,9612
508,MELON,277,277,9978
508,EGG,58,58,9869
508,MILK,290,290,9775
508,WOOL,227,227,9978
508,FERTILIZER,100,100,10000
509,WHEAT,44,44,9626
509,CARROT,42,42,9904
509,TOMATO,74,74,9884
509,STRAWBERRY,287,285,9606
509,MELON,277,277,9978
509,EGG,58,58,9868
509,MILK,292,290,9770
509,WOOL,227,227,9978
509,FERTILIZER,100,100,10000
510,WHEAT,44,44,9626
510,CARROT,42,42,9904
510,TOMATO,74,74,9884
510,STRAWBERRY,287,287,9606
510,MELON,277,277,9978
510,EGG,58,58,9868
510,MILK,292,292,9770
510,WOOL,227,227,9978
510,FERTILIZER,100,100,10000
511,WHEAT,44,44,9626
511,CARROT,42,42,9904
511,TOMATO,74,74,9884
511,STRAWBERRY,287,287,9606
511,MELON,277,277,9978
511,EGG,58,58,9868
511,MILK,292,292,9770
511,WOOL,227,227,9978
511,FERTILIZER,100,100,10000
512,WHEAT,44,44,9626
512,CARROT,42,42,9904
512,TOMATO,74,74,9884
512,STRAWBERRY,287,287,9606
512,MELON,277,277,9978
512,EGG,58,58,9868
512,MILK,292,292,9770
512,WOOL,227,227,9978
512,FERTILIZER,100,100,10000
513,WHEAT,44,44,9621
513,CARROT,43,42,9903
513,TOMATO,74,74,9882
513,STRAWBERRY,288,287,9600
513,MELON,277,277,9978
513,EGG,58,58,9867
513,MILK,293,292,9765
513,WOOL,227,227,9978
513,FERTILIZER,100,100,10000
514,WHEAT,44,44,9621
514,CARROT,43,43,9903
514,TOMATO,74,74,9882
514,STRAWBERRY,288,288,9600
514,MELON,277,277,9978
514,EGG,58,58,9867
514,MILK,293,293,9765
514,WOOL,227,227,9978
514,FERTILIZER,100,100,10000
515,WHEAT,44,44,9621
515,CARROT,43,43,9903
515,TOMATO,74,74,9882
515,STRAWBERRY,288,288,9600
515,MELON,277,277,9978
515,EGG,58,58,9867
515,MILK,293,293,9765
515,WOOL,227,227,9978
515,FERTILIZER,100,100,10000
516,WHEAT,44,44,9621
516,CARROT,43,43,9903
516,TOMATO,74,74,9882
516,STRAWBERRY,288,288,9600
516,MELON,277,277,9978
516,EGG,58,58,9867
516,MILK,293,293,9765
516,WOOL,227,227,9978
516,FERTILIZER,100,100,10000
517,WHEAT,45,44,9616
517,CARROT,43,43,9902
517,TOMATO,74,74,9880
517,STRAWBERRY,289,288,9594
517,MELON,277,277,9978
517,EGG,58,58,9866
517,MILK,295,293,9760
517,WOOL,227,227,9978
517,FERTILIZER,100,100,10000
518,WHEAT,45,45,9616
518,CARROT,43,43,9902
518,TOMATO,74,74,9880
518,STRAWBERRY,289,289,9594
518,MELON,277,277,9978
518,EGG,58,58,9866
518,MILK,295,295,9760
518,WOOL,227,227,9978
518,FERTILIZER,100,100,10000
519,WHEAT,45,45,9616
519,CARROT,43,43,9902
519,TOMATO,74,74,9880
519,STRAWBERRY,289,289,9594
519,MELON,277,277,9978
519,EGG,58,58,9866
519,MILK,295,295,9760
519,WOOL,227,227,9978
519,FERTILIZER,100,100,10000
520,WHEAT,45,45,9616
520,CARROT,43,43,9902
520,TOMATO,74,74,9880
520,STRAWBERRY,289,289,9594
520,MELON,277,277,9978
520,EGG,58,58,9866
520,MILK,295,295,9760
520,WOOL,227,227,9978
520,FERTILIZER,100,100,10000
521,WHEAT,45,45,9611
521,CARROT,43,43,9901
521,TOMATO,75,74,9878
521,STRAWBERRY,291,289,9588
521,MELON,277,277,9978
521,EGG,58,58,9865
521,MILK,296,295,9755
521,WOOL,227,227,9978
521,FERTILIZER,100,100,10000
522,WHEAT,45,45,9611
522,CARROT,43,43,9901
522,TOMATO,75,75,9878
522,STRAWBERRY,291,291,9588
522,MELON,277,277,9978
522,EGG,58,58,9865
522,MILK,296,296,9755
522,WOOL,227,227,9978
522,FERTILIZER,100,100,10000
523,WHEAT,45,45,9611
523,CARROT,43,43,9901
523,TOMATO,75,75,9878
523,STRAWBERRY,291,291,9588
523,MELON,277,277,9978
523,EGG,58,58,9865
523,MILK,296,296,9755
523,WOOL,227,227,9978
523,FERTILIZER,100,100,10000
524,WHEAT,45,45,9611
524,CARROT,43,43,9901
524,TOMATO,75,75,9878
524,STRAWBERRY,291,291,9588
524,MELON,277,277,9978
524,EGG,58,58,9865
524,MILK,296,296,9755
524,WOOL,227,227,9978
524,FERTILIZER,100,100,10000
525,WHEAT,45,45,9606
525,CARROT,43,43,9900
525,TOMATO,75,75,9876
525,STRAWBERRY,292,291,9582
525,MELON,277,277,9978
525,EGG,58,58,9864
525,MILK,297,296,9750
525,WOOL,227,227,9978
525,FERTILIZER,100,100,10000
526,WHEAT,45,45,9606
526,CARROT,43,43,9900
526,TOMATO,75,75,9876
526,STRAWBERRY,292,292,9582
526,MELON,277,277,9978
526,EGG,58,58,9864
526,MILK,297,297,9750
526,WOOL,227,227,9978
526,FERTILIZER,100,100,10000
527,WHEAT,45,45,9606
527,CARROT,43,43,9900
527,TOMATO,75,75,9876
527,STRAWBERRY,292,292,9582
527,MELON,277,277,9978
527,EGG,58,58,9864
527,MILK,297,297,9750
527,WOOL,227,227,9978
527,FERTILIZER,100,100,10000
528,WHEAT,45,45,9606
528,CARROT,43,43,9900
528,TOMATO,75,75,9876
528,STRAWBERRY,292,292,9582
528,MELON,277,277,9978
528,EGG,58,58,9864
528,MILK,297,297,9750
528,WOOL,227,227,9978
528,FERTILIZER,100,100,10000
529,WHEAT,45,45,9600
529,CARROT,43,43,9898
529,TOMATO,75,75,9873
529,STRAWBERRY,293,292,9575
529,MELON,278,277,9977
529,EGG,58,58,9862
529,MILK,299,297,9744
529,WOOL,227,227,9977
529,FERTILIZER,100,100,10000
530,WHEAT,45,45,9600
530,CARROT,43,43,9898
530,TOMATO,75,75,9873
530,STRAWBERRY,293,293,9575
530,MELON,278,278,9977
530,EGG,58,58,9862
530,MILK,299,299,9744
530,WOOL,227,227,9977
530,FERTILIZER,100,100,10000
531,WHEAT,45,45,9600
531,CARROT,43,43,9898
531,TOMATO,75,75,9873
531,STRAWBERRY,293,293,9575
531,MELON,278,278,9977
531,EGG,58,58,9862
531,MILK,299,299,9744
531,WOOL,227,227,9977
531,FERTILIZER,100,100,10000
532,WHEAT,45,45,9600
532,CARROT,43,43,9898
532,TOMATO,75,75,9873
532,STRAWBERRY,293,293,9575
532,MELON,278,278,9977
532,EGG,58,58,9862
532,MILK,299,299,9744
532,WOOL,227,227,9977
532,FERTILIZER,100,100,10000
533,WHEAT,45,45,9595
533,CARROT,43,43,9897
533,TOMATO,75,75,9871
533,STRAWBERRY,294,293,9569
533,MELON,278,278,9977
533,EGG,58,58,9861
533,MILK,300,299,9739
533,WOOL,227,227,9977
533,FERTILIZER,100,100,10000
534,WHEAT,45,45,9595
534,CARROT,43,43,9897
534,TOMATO,75,75,9871
534,STRAWBERRY,294,294,9569
534,MELON,278,278,9977
534,EGG,58,58,9861
534,MILK,300,300,9739
534,WOOL,227,227,9977
534,FERTILIZER,100,100,10000
535,WHEAT,45,45,9595
535,CARROT,43,43,9897
535,TOMATO,75,75,9871
535,STRAWBERRY,294,294,9569
535,MELON,278,278,9977
535,EGG,58,58,9861
535,MILK,300,300,9739
535,WOOL,227,227,9977
535,FERTILIZER,100,100,10000
536,WHEAT,45,45,9595
536,CARROT,43,43,9897
536,TOMATO,75,75,9871
536,STRAWBERRY,294,294,9569
536,MELON,278,278,9977
536,EGG,58,58,9861
536,MILK,300,300,9739
536,WOOL,227,227,9977
536,FERTILIZER,100,100,10000
537,WHEAT,45,45,9590
537,CARROT,43,43,9896
537,TOMATO,76,75,9869
537,STRAWBERRY,296,294,9563
537,MELON,278,278,9977
537,EGG,58,58,9860
537,MILK,302,300,9734
537,WOOL,227,227,9977
537,FERTILIZER,100,100,10000
538,WHEAT,45,45,9590
538,CARROT,43,43,9896
538,TOMATO,76,76,9869
538,STRAWBERRY,296,296,9563
538,MELON,278,278,9977
538,EGG,58,58,9860
538,MILK,302,302,9734
538,WOOL,227,227,9977
538,FERTILIZER,100,100,10000
539,WHEAT,45,45,9590
539,CARROT,43,43,9896
539,TOMATO,76,76,9869
539,STRAWBERRY,296,296,9563
539,MELON,278,278,9977
539,EGG,58,58,9860
539,MILK,302,302,9734
539,WOOL,227,227,9977
539,FERTILIZER,100,100,10000
540,WHEAT,45,45,9590
540,CARROT,43,43,9896
540,TOMATO,76,76,9869
540,STRAWBERRY,296,296,9563
540,MELON,278,278,9977
540,EGG,58,58,9860
540,MILK,302,302,9734
540,WOOL,227,227,9977
540,FERTILIZER,100,100,10000
541,WHEAT,45,45,9585
541,CARROT,43,43,9895
541,TOMATO,76,76,9867
541,STRAWBERRY,297,296,9557
541,MELON,278,278,9977
541,EGG,58,58,9859
541,MILK,303,302,9729
541,WOOL,227,227,9977
541,FERTILIZER,100,100,10000
542,WHEAT,45,45,9585
542,CARROT,43,43,9895
542,TOMATO,76,76,9867
542,STRAWBERRY,297,297,9557
542,MELON,278,278,9977
542,EGG,58,58,9859
542,MILK,303,303,9729
542,WOOL,227,227,9977
542,FERTILIZER,100,100,10000
543,WHEAT,45,45,9585
543,CARROT,43,43,9895
543,TOMATO,76,76,9867
543,STRAWBERRY,297,297,9557
543,MELON,278,278,9977
543,EGG,58,58,9859
543,MILK,303,303,9729
543,WOOL,227,227,9977
543,FERTILIZER,100,100,10000
544,WHEAT,45,45,9585
544,CARROT,43,43,9895
544,TOMATO,76,76,9867
544,STRAWBERRY,297,297,9557
544,MELON,278,278,9977
544,EGG,58,58,9859
544,MILK,303,303,9729
544,WOOL,227,227,9977
544,FERTILIZER,100,100,10000
545,WHEAT,45,45,9580
545,CARROT,43,43,9894
545,TOMATO,76,76,9865
545,STRAWBERRY,298,297,9551
545,MELON,278,278,9977
545,EGG,59,58,9858
545,MILK,304,303,9724
545,WOOL,227,227,9977
545,FERTILIZER,100,100,10000
546,WHEAT,45,45,9580
546,CARROT,43,43,9894
546,TOMATO,76,76,9865
546,STRAWBERRY,298,298,9551
546,MELON,278,278,9977
546,EGG,59,59,9858
546,MILK,304,304,9724
546,WOOL,227,227,9977
546,FERTILIZER,100,100,10000
547,WHEAT,45,45,9580
547,CARROT,43,43,9894
547,TOMATO,76,76,9865
547,STRAWBERRY,298,298,9551
547,MELON,278,278,9977
547,EGG,59,59,9858
547,MILK,304,304,9724
547,WOOL,227,227,9977
547,FERTILIZER,100,100,10000
548,WHEAT,45,45,9580
548,CARROT,43,43,9894
548,TOMATO,76,76,9865
548,STRAWBERRY,298,298,9551
548,MELON,278,278,9977
548,EGG,59,59,9858
548,MILK,304,304,9724
548,WOOL,227,227,9977
548,FERTILIZER,100,100,10000
549,WHEAT,46,45,9575
549,CARROT,43,43,9893
549,TOMATO,76,76,9863
549,STRAWBERRY,299,298,9545
549,MELON,278,278,9977
549,EGG,59,59,9857
549,MILK,306,304,9719
549,WOOL,227,227,9977
549,FERTILIZER,100,100,10000
550,WHEAT,46,46,9575
550,CARROT,43,43,9893
550,TOMATO,76,76,9863
550,STRAWBERRY,299,299,9545
550,MELON,278,278,9977
550,EGG,59,59,9857
550,MILK,306,306,9719
550,WOOL,227,227,9977
550,FERTILIZER,100,100,10000
551,WHEAT,46,46,9575
551,CARROT,43,43,9893
551,TOMATO,76,76,9863
551,STRAWBERRY,299,299,9545
551,MELON,278,278,9977
551,EGG,59,59,9857
551,MILK,306,306,9719
551,WOOL,227,227,9977
551,FERTILIZER,100,100,10000
552,WHEAT,46,46,9575
552,CARROT,43,43,9893
552,TOMATO,76,76,9863
552,STRAWBERRY,299,299,9545
552,MELON,278,278,9977
552,EGG,59,59,9857
552,MILK,306,306,9719
552,WOOL,227,227,9977
552,FERTILIZER,100,100,10000
553,WHEAT,46,46,9569
553,CARROT,43,43,9891
553,TOMATO,77,76,9860
553,STRAWBERRY,301,299,9538
553,MELON,278,278,9976
553,EGG,59,59,9855
553,MILK,307,306,9713
553,WOOL,228,227,9976
553,FERTILIZER,100,100,10000
554,WHEAT,46,46,9569
554,CARROT,43,43,9891
554,TOMATO,77,77,9860
554,STRAWBERRY,301,301,9538
554,MELON,278,278,9976
554,EGG,59,59,9855
554,MILK,307,307,9713
554,WOOL,228,228,9976
554,FERTILIZER,100,100,10000
555,WHEAT,46,46,9569
555,CARROT,43,43,9891
555,TOMATO,77,77,9860
555,STRAWBERRY,301,301,9538
555,MELON,278,278,9976
555,EGG,59,59,9855
555,MILK,307,307,9713
555,WOOL,228,228,9976
555,FERTILIZER,100,100,10000
556,WHEAT,46,46,9569
556,CARROT,43,43,9891
556,TOMATO,77,77,9860
556,STRAWBERRY,301,301,9538
556,MELON,278,278,9976
556,EGG,59,59,9855
556,MILK,307,307,9713
556,WOOL,228,228,9976
556,FERTILIZER,100,100,10000
557,WHEAT,46,46,9564
557,CARROT,44,43,9890
557,TOMATO,77,77,9858
557,STRAWBERRY,302,301,9532
557,MELON,278,278,9976
557,EGG,59,59,9854
557,MILK,309,307,9708
557,WOOL,228,228,9976
557,FERTILIZER,100,100,10000
558,WHEAT,46,46,9564
558,CARROT,44,44,9890
558,TOMATO,77,77,9858
558,STRAWBERRY,302,302,9532
558,MELON,278,278,9976
558,EGG,59,59,9854
558,MILK,309,309,9708
558,WOOL,228,228,9976
558,FERTILIZER,100,100,10000
559,WHEAT,46,46,9564
559,CARROT,44,44,9890
559,TOMATO,77,77,9858
559,STRAWBERRY,302,302,9532
559,MELON,278,278,9976
559,EGG,59,59,9854
559,MILK,309,309,9708
559,WOOL,228,228,9976
559,FERTILIZER,100,100,10000
560,WHEAT,46,46,9564
560,CARROT,44,44,9890
560,TOMATO,77,77,9858
560,STRAWBERRY,302,302,9532
560,MELON,278,278,9976
560,EGG,59,59,9854
560,MILK,309,309,9708
560,WOOL,228,228,9976
560,FERTILIZER,100,100,10000
561,WHEAT,46,46,9559
561,CARROT,44,44,9889
561,TOMATO,77,77,9856
561,STRAWBERRY,303,302,9526
561,MELON,278,278,9976
561,EGG,59,59,9853
561,MILK,310,309,9703
561,WOOL,228,228,9976
561,FERTILIZER,100,100,10000
562,WHEAT,46,46,9559
562,CARROT,44,44,9889
562,TOMATO,77,77,9856
562,STRAWBERRY,303,303,9526
562,MELON,278,278,9976
562,EGG,59,59,9853
562,MILK,310,310,9703
562,WOOL,228,228,9976
562,FERTILIZER,100,100,10000
563,WHEAT,46,46,9559
563,CARROT,44,44,9889
563,TOMATO,77,77,9856
563,STRAWBERRY,303,303,9526
563,MELON,278,278,9976
563,EGG,59,59,9853
563,MILK,310,310,9703
563,WOOL,228,228,9976
563,FERTILIZER,100,100,10000
564,WHEAT,46,46,9559
564,CARROT,44,44,9889
564,TOMATO,77,77,9856
564,STRAWBERRY,303,303,9526
564,MELON,278,278,9976
564,EGG,59,59,9853
564,MILK,310,310,9703
564,WOOL,228,228,9976
564,FERTILIZER,100,100,10000
565,WHEAT,46,46,9554
565,CARROT,44,44,9888
565,TOMATO,78,77,9854
565,STRAWBERRY,304,303,9520
565,MELON,278,278,9976
565,EGG,59,59,9852
565,MILK,311,310,9698
565,WOOL,228,228,9976
565,FERTILIZER,100,100,10000
566,WHEAT,46,46,9554
566,CARROT,44,44,9888
566,TOMATO,78,78,9854
566,STRAWBERRY,304,304,9520
566,MELON,278,278,9976
566,EGG,59,59,9852
566,MILK,311,311,9698
566,WOOL,228,228,9976
566,FERTILIZER,100,100,10000
567,WHEAT,46,46,9554
567,CARROT,44,44,9888
567,TOMATO,78,78,9854
567,STRAWBERRY,304,304,9520
567,MELON,278,278,9976
567,EGG,59,59,9852
567,MILK,311,311,9698
567,WOOL,228,228,9976
567,FERTILIZER,100,100,10000
568,WHEAT,46,46,9554
568,CARROT,44,44,9888
568,TOMATO,78,78,9854
568,STRAWBERRY,304,304,9520
568,MELON,278,278,9976
568,EGG,59,59,9852
568,MILK,311,311,9698
568,WOOL,228,228,9976
568,FERTILIZER,100,100,10000
569,WHEAT,46,46,9549
569,CARROT,44,44,9887
569,TOMATO,78,78,9852
569,STRAWBERRY,305,304,9514
569,MELON,278,278,9976
569,EGG,59,59,9851
569,MILK,312,311,9693
569,WOOL,228,228,9976
569,FERTILIZER,100,100,10000
570,WHEAT,46,46,9549
570,CARROT,44,44,9887
570,TOMATO,78,78,9852
570,STRAWBERRY,305,305,9514
570,MELON,278,278,9976
570,EGG,59,59,9851
570,MILK,312,312,9693
570,WOOL,228,228,9976
570,FERTILIZER,100,100,10000
571,WHEAT,46,46,9549
571,CARROT,44,44,9887
571,TOMATO,78,78,9852
571,STRAWBERRY,305,305,9514
571,MELON,278,278,9976
571,EGG,59,59,9851
571,MILK,312,312,9693
571,WOOL,228,228,9976
571,FERTILIZER,100,100,10000
572,WHEAT,46,46,9549
572,CARROT,44,44,9887
572,TOMATO,78,78,9852
572,STRAWBERRY,305,305,9514
572,MELON,278,278,9976
572,EGG,59,59,9851
572,MILK,312,312,9693
572,WOOL,228,228,9976
572,FERTILIZER,100,100,10000
573,WHEAT,46,46,9544
573,CARROT,44,44,9886
573,TOMATO,78,78,9850
573,STRAWBERRY,306,305,9508
573,MELON,278,278,9976
573,EGG,59,59,9850
573,MILK,314,312,9688
573,WOOL,228,228,9976
573,FERTILIZER,100,100,10000
574,WHEAT,46,46,9544
574,CARROT,44,44,9886
574,TOMATO,78,78,9850
574,STRAWBERRY,306,306,9508
574,MELON,278,278,9976
574,EGG,59,59,9850
574,MILK,314,314,9688
574,WOOL,228,228,9976
574,FERTILIZER,100,100,10000
575,WHEAT,46,46,9544
575,CARROT,44,44,9886
575,TOMATO,78,78,9850
575,STRAWBERRY,306,306,9508
575,MELON,278,278,9976
575,EGG,59,59,9850
575,MILK,314,314,9688
575,WOOL,228,228,9976
575,FERTILIZER,100,100,10000
576,WHEAT,46,46,9544
576,CARROT,44,44,9886
576,TOMATO,78,78,9850
576,STRAWBERRY,306,306,9508
576,MELON,278,278,9976
576,EGG,59,59,9850
576,MILK,314,314,9688
576,WOOL,228,228,9976
576,FERTILIZER,100,100,10000
577,WHEAT,47,46,9537
577,CARROT,44,44,9884
577,TOMATO,78,78,9847
577,STRAWBERRY,308,306,9500
577,MELON,279,278,9975
577,EGG,59,59,9848
577,MILK,315,314,9681
577,WOOL,228,228,9975
577,FERTILIZER,100,100,10000
578,WHEAT,47,47,9537
578,CARROT,44,44,9884
578,TOMATO,78,78,9847
578,STRAWBERRY,308,308,9500
578,MELON,279,279,9975
578,EGG,59,59,9848
578,MILK,315,315,9681
578,WOOL,228,228,9975
578,FERTILIZER,100,100,10000
579,WHEAT,47,47,9537
579,CARROT,44,44,9884
579,TOMATO,78,78,9847
579,STRAWBERRY,308,308,9500
579,MELON,279,279,9975
579,EGG,59,59,9848
579,MILK,315,315,9681
579,WOOL,228,228,9975
579,FERTILIZER,100,100,10000
580,WHEAT,47,47,9537
580,CARROT,44,44,9884
580,TOMATO,78,78,9847
580,STRAWBERRY,308,308,9500
580,MELON,279,279,9975
580,EGG,59,59,9848
580,MILK,315,315,9681
580,WOOL,228,228,9975
580,FERTILIZER,100,100,10000
581,WHEAT,47,47,9531
581,CARROT,44,44,9883
581,TOMATO,79,78,9845
581,STRAWBERRY,309,308,9493
581,MELON,279,279,9975
581,EGG,59,59,9847
581,MILK,317,315,9675
581,WOOL,228,228,9975
581,FERTILIZER,100,100,10000
582,WHEAT,47,47,9531
582,CARROT,44,44,9883
582,TOMATO,79,79,9845
582,STRAWBERRY,309,309,9493
582,MELON,279,279,9975
582,EGG,59,59,9847
582,MILK,317,317,9675
582,WOOL,228,228,9975
582,FERTILIZER,100,100,10000
583,WHEAT,47,47,9531
583,CARROT,44,44,9883
583,TOMATO,79,79,9845
583,STRAWBERRY,309,309,9493
583,MELON,279,279,9975
583,EGG,59,59,9847
583,MILK,317,317,9675
583,WOOL,228,228,9975
583,FERTILIZER,100,100,10000
584,WHEAT,47,47,9531
584,CARROT,44,44,9883
584,TOMATO,79,79,9845
584,STRAWBERRY,309,309,9493
584,MELON,279,279,9975
584,EGG,59,59,9847
584,MILK,317,317,9675
584,WOOL,228,228,9975
584,FERTILIZER,100,100,10000
585,WHEAT,47,47,9525
585,CARROT,44,44,9882
585,TOMATO,79,79,9843
585,STRAWBERRY,310,309,9486
585,MELON,279,279,9975
585,EGG,59,59,9846
585,MILK,318,317,9669
585,WOOL,228,228,9975
585,FERTILIZER,100,100,10000
586,WHEAT,47,47,9525
586,CARROT,44,44,9882
586,TOMATO,79,79,9843
586,STRAWBERRY,310,310,9486
586,MELON,279,279,9975
586,EGG,59,59,9846
586,MILK,318,318,9669
586,WOOL,228,228,9975
586,FERTILIZER,100,100,10000
587,WHEAT,47,47,9525
587,CARROT,44,44,9882
587,TOMATO,79,79,9843
587,STRAWBERRY,310,310,9486
587,MELON,279,279,9975
587,EGG,59,59,9846
587,MILK,318,318,9669
587,WOOL,228,228,9975
587,FERTILIZER,100,100,10000
588,WHEAT,47,47,9525
588,CARROT,44,44,9882
588,TOMATO,79,79,9843
588,STRAWBERRY,310,310,9486
588,MELON,279,279,9975
588,EGG,59,59,9846
588,MILK,318,318,9669
588,WOOL,228,228,9975
588,FERTILIZER,100,100,10000
589,WHEAT,47,47,9519
589,CARROT,44,44,9881
589,TOMATO,79,79,9841
589,STRAWBERRY,312,310,9479
589,MELON,279,279,9975
589,EGG,59,59,9845
589,MILK,320,318,9663
589,WOOL,228,228,9975
589,FERTILIZER,100,100,10000
590,WHEAT,47,47,9519
590,CARROT,44,44,9881
590,TOMATO,79,79,9841
590,STRAWBERRY,312,312,9479
590,MELON,279,279,9975
590,EGG,59,59,9845
590,MILK,320,320,9663
590,WOOL,228,228,9975
590,FERTILIZER,100,100,10000
591,WHEAT,47,47,9519
591,CARROT,44,44,9881
591,TOMATO,79,79,9841
591,STRAWBERRY,312,312,9479
591,MELON,279,279,9975
591,EGG,59,59,9845
591,MILK,320,320,9663
591,WOOL,228,228,9975
591,FERTILIZER,100,100,10000
592,WHEAT,47,47,9519
592,CARROT,44,44,9881
592,TOMATO,79,79,9841
592,STRAWBERRY,312,312,9479
592,MELON,279,279,9975
592,EGG,59,59,9845
592,MILK,320,320,9663
592,WOOL,228,228,9975
592,FERTILIZER,100,100,10000
593,WHEAT,47,47,9513
593,CARROT,44,44,9880
593,TOMATO,79,79,9839
593,STRAWBERRY,313,312,9472
593,MELON,279,279,9975
593,EGG,59,59,9844
593,MILK,321,320,9657
593,WOOL,228,228,9975
593,FERTILIZER,100,100,10000
594,WHEAT,47,47,9513
594,CARROT,44,44,9880
594,TOMATO,79,79,9839
594,STRAWBERRY,313,313,9472
594,MELON,279,279,9975
594,EGG,59,59,9844
594,MILK,321,321,9657
594,WOOL,228,228,9975
594,FERTILIZER,100,100,10000
595,WHEAT,47,47,9513
595,CARROT,44,44,9880
595,TOMATO,79,79,9839
595,STRAWBERRY,313,313,9472
595,MELON,279,279,9975
595,EGG,59,59,9844
595,MILK,321,321,9657
595,WOOL,228,228,9975
595,FERTILIZER,100,100,10000
596,WHEAT,47,47,9513
596,CARROT,44,44,9880
596,TOMATO,79,79,9839
596,STRAWBERRY,313,313,9472
596,MELON,279,279,9975
596,EGG,59,59,9844
596,MILK,321,321,9657
596,WOOL,228,228,9975
596,FERTILIZER,100,100,10000
597,WHEAT,47,47,9507
597,CARROT,44,44,9879
597,TOMATO,80,79,9837
597,STRAWBERRY,314,313,9465
597,MELON,279,279,9975
597,EGG,59,59,9843
597,MILK,322,321,9651
597,WOOL,228,228,9975
597,FERTILIZER,100,100,10000
598,WHEAT,47,47,9507
598,CARROT,44,44,9879
598,TOMATO,80,80,9837
598,STRAWBERRY,314,314,9465
598,MELON,279,279,9975
598,EGG,59,59,9843
598,MILK,322,322,9651
598,WOOL,228,228,9975
598,FERTILIZER,100,100,10000
599,WHEAT,47,47,9507
599,CARROT,44,44,9879
599,TOMATO,80,80,9837
599,STRAWBERRY,314,314,9465
599,MELON,279,279,9975
599,EGG,59,59,9843
599,MILK,322,322,9651
599,WOOL,228,228,9975
599,FERTILIZER,100,100,10000
600,WHEAT,47,47,9507
600,CARROT,44,44,9879
600,TOMATO,80,80,9837
600,STRAWBERRY,314,314,9465
600,MELON,279,279,9975
600,EGG,59,59,9843
600,MILK,322,322,9651
600,WOOL,228,228,9975
600,FERTILIZER,100,100,10000
601,WHEAT,47,47,9500
601,CARROT,45,44,9877
601,TOMATO,80,80,9834
601,STRAWBERRY,316,314,9457
601,MELON,279,279,9974
601,EGG,60,59,9841
601,MILK,324,322,9644
601,WOOL,228,228,9974
601,FERTILIZER,100,100,10000
602,WHEAT,47,47,9500
602,CARROT,45,45,9877
602,TOMATO,80,80,9834
602,STRAWBERRY,316,316,9457
602,MELON,279,279,9974
602,EGG,60,60,9841
602,MILK,324,324,9644
602,WOOL,228,228,9974
602,FERTILIZER,100,100,10000
603,WHEAT,47,47,9500
603,CARROT,45,45,9877
603,TOMATO,80,80,9834
603,STRAWBERRY,316,316,9457
603,MELON,279,279,9974
603,EGG,60,60,9841
603,MILK,324,324,9644
603,WOOL,228,228,9974
603,FERTILIZER,100,100,10000
604,WHEAT,47,47,9500
604,CARROT,45,45,9877
604,TOMATO,80,80,9834
604,STRAWBERRY,316,316,9457
604,MELON,279,279,9974
604,EGG,60,60,9841
604,MILK,324,324,9644
604,WOOL,228,228,9974
604,FERTILIZER,100,100,10000
605,WHEAT,47,47,9494
605,CARROT,45,45,9876
605,TOMATO,80,80,9832
605,STRAWBERRY,317,316,9450
605,MELON,279,279,9974
605,EGG,60,60,9840
605,MILK,325,324,9638
605,WOOL,228,228,9974
605,FERTILIZER,100,100,10000
606,WHEAT,47,47,9494
606,CARROT,45,45,9876
606,TOMATO,80,80,9832
606,STRAWBERRY,317,317,9450
606,MELON,279,279,9974
606,EGG,60,60,9840
606,MILK,325,325,9638
606,WOOL,228,228,9974
606,FERTILIZER,100,100,10000
607,WHEAT,47,47,9494
607,CARROT,45,45,9876
607,TOMATO,80,80,9832
607,STRAWBERRY,317,317,9450
607,MELON,279,279,9974
607,EGG,60,60,9840
607,MILK,325,325,9638
607,WOOL,228,228,9974
607,FERTILIZER,100,100,10000
608,WHEAT,47,47,9494
608,CARROT,45,45,9876
608,TOMATO,80,80,9832
608,STRAWBERRY,317,317,9450
608,MELON,279,279,9974
608,EGG,60,60,9840
608,MILK,325,325,9638
608,WOOL,228,228,9974
608,FERTILIZER,100,100,10000
609,WHEAT,48,47,9488
609,CARROT,45,45,9875
609,TOMATO,80,80,9830
609,STRAWBERRY,318,317,9443
609,MELON,279,279,9974
609,EGG,60,60,9839
609,MILK,327,325,9632
609,WOOL,228,228,9974
609,FERTILIZER,100,100,10000
610,WHEAT,48,48,9488
610,CARROT,45,45,9875
610,TOMATO,80,80,9830
610,STRAWBERRY,318,318,9443
610,MELON,279,279,9974
610,EGG,60,60,9839
610,MILK,327,327,9632
610,WOOL,228,228,9974
610,FERTILIZER,100,100,10000
611,WHEAT,48,48,9488
611,CARROT,45,45,9875
611,TOMATO,80,80,9830
611,STRAWBERRY,318,318,9443
611,MELON,279,279,9974
611,EGG,60,60,9839
611,MILK,327,327,9632
611,WOOL,228,228,9974
611,FERTILIZER,100,100,10000
612,WHEAT,48,48,9488
612,CARROT,45,45,9875
612,TOMATO,80,80,9830
612,STRAWBERRY,318,318,9443
612,MELON,279,279,9974
612,EGG,60,60,9839
612,MILK,327,327,9632
612,WOOL,228,228,9974
612,FERTILIZER,100,100,10000
613,WHEAT,48,48,9482
613,CARROT,45,45,9874
613,TOMATO,81,80,9828
613,STRAWBERRY,319,318,9436
613,MELON,279,279,9974
613,EGG,60,60,9838
613,MILK,328,327,9626
613,WOOL,228,228,9974
613,FERTILIZER,100,100,10000
614,WHEAT,48,48,9482
614,CARROT,45,45,9874
614,TOMATO,81,81,9828
614,STRAWBERRY,319,319,9436
614,MELON,279,279,9974
614,EGG,60,60,9838
614,MILK,328,328,9626
614,WOOL,228,228,9974
614,FERTILIZER,100,100,10000
615,WHEAT,48,48,9482
615,CARROT,45,45,9874
615,TOMATO,81,81,9828
615,STRAWBERRY,319,319,9436
615,MELON,279,279,9974
615,EGG,60,60,9838
615,MILK,328,328,9626
615,WOOL,228,228,9974
615,FERTILIZER,100,100,10000
616,WHEAT,48,48,9482
616,CARROT,45,45,9874
616,TOMATO,81,81,9828
616,STRAWBERRY,319,319,9436
616,MELON,279,279,9974
616,EGG,60,60,9838
616,MILK,328,328,9626
616,WOOL,228,228,9974
616,FERTILIZER,100,100,10000
617,WHEAT,48,48,9476
617,CARROT,45,45,9873
617,TOMATO,81,81,9826
617,STRAWBERRY,321,319,9429
617,MELON,279,279,9974
617,EGG,60,60,9837
617,MILK,329,328,9620
617,WOOL,228,228,9974
617,FERTILIZER,100,100,10000
618,WHEAT,48,48,9476
618,CARROT,45,45,9873
618,TOMATO,81,81,9826
618,STRAWBERRY,321,321,9429
618,MELON,279,279,9974
618,EGG,60,60,9837
618,MILK,329,329,9620
618,WOOL,228,228,9974
618,FERTILIZER,100,100,10000
619,WHEAT,48,48,9476
619,CARROT,45,45,9873
619,TOMATO,81,81,9826
619,STRAWBERRY,321,321,9429
619,MELON,279,279,9974
619,EGG,60,60,9837
619,MILK,329,329,9620
619,WOOL,228,228,9974
619,FERTILIZER,100,100,10000
620,WHEAT,48,48,9476
620,CARROT,45,45,9873
620,TOMATO,81,81,9826
620,STRAWBERRY,321,321,9429
620,MELON,279,279,9974
620,EGG,60,60,9837
620,MILK,329,329,9620
620,WOOL,228,228,9974
620,FERTILIZER,100,100,10000
621,WHEAT,48,48,9470
621,CARROT,45,45,9872
621,TOMATO,81,81,9824
621,STRAWBERRY,322,321,9422
621,MELON,279,279,9974
621,EGG,60,60,9836
621,MILK,331,329,9614
621,WOOL,228,228,9974
621,FERTILIZER,100,100,10000
622,WHEAT,48,48,9470
622,CARROT,45,45,9872
622,TOMATO,81,81,9824
622,STRAWBERRY,322,322,9422
622,MELON,279,279,9974
622,EGG,60,60,9836
622,MILK,331,331,9614
622,WOOL,228,228,9974
622,FERTILIZER,100,100,10000
623,WHEAT,48,48,9470
623,CARROT,45,45,9872
623,TOMATO,81,81,9824
623,STRAWBERRY,322,322,9422
623,MELON,279,279,9974
623,EGG,60,60,9836
623,MILK,331,331,9614
623,WOOL,228,228,9974
623,FERTILIZER,100,100,10000
624,WHEAT,48,48,9470
624,CARROT,45,45,9872
624,TOMATO,81,81,9824
624,STRAWBERRY,322,322,9422
624,MELON,279,279,9974
624,EGG,60,60,9836
624,MILK,331,331,9614
624,WOOL,228,228,9974
624,FERTILIZER,100,100,10000
625,WHEAT,48,48,9463
625,CARROT,45,45,9870
625,TOMATO,81,81,9821
625,STRAWBERRY,323,322,9414
625,MELON,279,279,9973
625,EGG,60,60,9834
625,MILK,332,331,9607
625,WOOL,229,228,9973
625,FERTILIZER,100,100,10000
626,WHEAT,48,48,9463
626,CARROT,45,45,9870
626,TOMATO,81,81,9821
626,STRAWBERRY,323,323,9414
626,MELON,279,279,9973
626,EGG,60,60,9834
626,MILK,332,332,9607
626,WOOL,229,229,9973
626,FERTILIZER,100,100,10000
627,WHEAT,48,48,9463
627,CARROT,45,45,9870
627,TOMATO,81,81,9821
627,STRAWBERRY,323,323,9414
627,MELON,279,279,9973
627,EGG,60,60,9834
627,MILK,332,332,9607
627,WOOL,229,229,9973
627,FERTILIZER,100,100,10000
628,WHEAT,48,48,9463
628,CARROT,45,45,9870
628,TOMATO,81,81,9821
628,STRAWBERRY,323,323,9414
628,MELON,279,279,9973
628,EGG,60,60,9834
628,MILK,332,332,9607
628,WOOL,229,229,9973
628,FERTILIZER,100,100,10000
629,WHEAT,48,48,9457
629,CARROT,45,45,9869
629,TOMATO,82,81,9819
629,STRAWBERRY,325,323,9407
629,MELON,279,279,9973
629,EGG,60,60,9833
629,MILK,334,332,9601
629,WOOL,229,229,9973
629,FERTILIZER,100,100,10000
630,WHEAT,48,48,9457
630,CARROT,45,45,9869
630,TOMATO,82,82,9819
630,STRAWBERRY,325,325,9407
630,MELON,279,279,9973
630,EGG,60,60,9833
630,MILK,334,334,9601
630,WOOL,229,229,9973
630,FERTILIZER,100,100,10000
631,WHEAT,48,48,9457
631,CARROT,45,45,9869
631,TOMATO,82,82,9819
631,STRAWBERRY,325,325,9407
631,MELON,279,279,9973
631,EGG,60,60,9833
631,MILK,334,334,9601
631,WOOL,229,229,9973
631,FERTILIZER,100,100,10000
632,WHEAT,48,48,9457
632,CARROT,45,45,9869
632,TOMATO,82,82,9819
632,STRAWBERRY,325,325,9407
632,MELON,279,279,9973
632,EGG,60,60,9833
632,MILK,334,334,9601
632,WOOL,229,229,9973
632,FERTILIZER,100,100,10000
633,WHEAT,48,48,9451
633,CARROT,45,45,9868
633,TOMATO,82,82,9817
633,STRAWBERRY,326,325,9400
633,MELON,279,279,9973
633,EGG,60,60,9832
633,MILK,335,334,9595
633,WOOL,229,229,9973
633,FERTILIZER,100,100,10000
634,WHEAT,48,48,9451
634,CARROT,45,45,9868
634,TOMATO,82,82,9817
634,STRAWBERRY,326,326,9400
634,MELON,279,279,9973
634,EGG,60,60,9832
634,MILK,335,335,9595
634,WOOL,229,229,9973
634,FERTILIZER,100,100,10000
635,WHEAT,48,48,9451
635,CARROT,45,45,9868
635,TOMATO,82,82,9817
635,STRAWBERRY,326,326,9400
635,MELON,279,279,9973
635,EGG,60,60,9832
635,MILK,335,335,9595
635,WOOL,229,229,9973
635,FERTILIZER,100,100,10000
636,WHEAT,48,48,9451
636,CARROT,45,45,9868
636,TOMATO,82,82,9817
636,STRAWBERRY,326,326,9400
636,MELON,279,279,9973
636,EGG,60,60,9832
636,MILK,335,335,9595
636,WOOL,229,229,9973
636,FERTILIZER,100,100,10000
637,WHEAT,49,48,9445
637,CARROT,45,45,9867
637,TOMATO,82,82,9815
637,STRAWBERRY,327,326,9393
637,MELON,279,279,9973
637,EGG,60,60,9831
637,MILK,336,335,9589
637,WOOL,229,229,9973
637,FERTILIZER,100,100,10000
638,WHEAT,49,49,9445
638,CARROT,45,45,9867
638,TOMATO,82,82,9815
638,STRAWBERRY,327,327,9393
638,MELON,279,279,9973
638,EGG,60,60,9831
638,MILK,336,336,9589
638,WOOL,229,229,9973
638,FERTILIZER,100,100,10000
639,WHEAT,49,49,9445
639,CARROT,45,45,9867
639,TOMATO,82,82,9815
639,STRAWBERRY,327,327,9393
639,MELON,279,279,9973
639,EGG,60,60,9831
639,MILK,336,336,9589
639,WOOL,229,229,9973
639,FERTILIZER,100,100,10000
640,WHEAT,49,49,9445
640,CARROT,45,45,9867
640,TOMATO,82,82,9815
640,STRAWBERRY,327,327,9393
640,MELON,279,279,9973
640,EGG,60,60,9831
640,MILK,336,336,9589
640,WOOL,229,229,9973
640,FERTILIZER,100,100,10000
641,WHEAT,49,49,9439
641,CARROT,45,45,9866
641,TOMATO,82,82,9813
641,STRAWBERRY,328,327,9386
641,MELON,279,279,9973
641,EGG,60,60,9830
641,MILK,337,336,9583
641,WOOL,229,229,9973
641,FERTILIZER,100,100,10000
642,WHEAT,49,49,9439
642,CARROT,45,45,9866
642,TOMATO,82,82,9813
642,STRAWBERRY,328,328,9386
642,MELON,279,279,9973
642,EGG,60,60,9830
642,MILK,337,337,9583
642,WOOL,229,229,9973
642,FERTILIZER,100,100,10000
643,WHEAT,49,49,9439
643,CARROT,45,45,9866
643,TOMATO,82,82,9813
643,STRAWBERRY,328,328,9386
643,MELON,279,279,9973
643,EGG,60,60,9830
643,MILK,337,337,9583
643,WOOL,229,229,9973
643,FERTILIZER,100,100,10000
644,WHEAT,49,49,9439
644,CARROT,45,45,9866
644,TOMATO,82,82,9813
644,STRAWBERRY,328,328,9386
644,MELON,279,279,9973
644,EGG,60,60,9830
644,MILK,337,337,9583
644,WOOL,229,229,9973
644,FERTILIZER,100,100,10000
645,WHEAT,49,49,9433
645,CARROT,46,45,9865
645,TOMATO,83,82,9811
645,STRAWBERRY,329,328,9379
645,MELON,279,279,9973
645,EGG,60,60,9829
645,MILK,339,337,9577
645,WOOL,229,229,9973
645,FERTILIZER,100,100,10000
646,WHEAT,49,49,9433
646,CARROT,46,46,9865
646,TOMATO,83,83,9811
646,STRAWBERRY,329,329,9379
646,MELON,279,279,9973
646,EGG,60,60,9829
646,MILK,339,339,9577
646,WOOL,229,229,9973
646,FERTILIZER,100,100,10000
647,WHEAT,49,49,9433
647,CARROT,46,46,9865
647,TOMATO,83,83,9811
647,STRAWBERRY,329,329,9379
647,MELON,279,279,9973
647,EGG,60,60,9829
647,MILK,339,339,9577
647,WOOL,229,229,9973
647,FERTILIZER,100,100,10000
648,WHEAT,49,49,9433
648,CARROT,46,46,9865
648,TOMATO,83,83,9811
648,STRAWBERRY,329,329,9379
648,MELON,279,279,9973
648,EGG,60,60,9829
648,MILK,339,339,9577
648,WOOL,229,229,9973
648,FERTILIZER,100,100,10000
649,WHEAT,49,49,9426
649,CARROT,46,46,9863
649,TOMATO,83,83,9808
649,STRAWBERRY,331,329,9371
649,MELON,280,279,9972
649,EGG,60,60,9827
649,MILK,340,339,9570
649,WOOL,229,229,9972
649,FERTILIZER,100,100,10000
650,WHEAT,49,49,9426
650,CARROT,46,46,9863
650,TOMATO,83,83,9808
650,STRAWBERRY,331,331,9371
650,MELON,280,280,9972
650,EGG,60,60,9827
650,MILK,340,340,9570
650,WOOL,229,229,9972
650,FERTILIZER,100,100,10000
651,WHEAT,49,49,9426
651,CARROT,46,46,9863
651,TOMATO,83,83,9808
651,STRAWBERRY,331,331,9371
651,MELON,280,280,9972
651,EGG,60,60,9827
651,MILK,340,340,9570
651,WOOL,229,229,9972
651,FERTILIZER,100,100,10000
652,WHEAT,49,49,9426
652,CARROT,46,46,9863
652,TOMATO,83,83,9808
652,STRAWBERRY,331,331,9371
652,MELON,280,280,9972
652,EGG,60,60,9827
652,MILK,340,340,9570
652,WOOL,229,229,9972
652,FERTILIZER,100,100,10000
653,WHEAT,49,49,9420
653,CARROT,46,46,9862
653,TOMATO,83,83,9806
653,STRAWBERRY,332,331,9364
653,MELON,280,280,9972
653,EGG,60,60,9826
653,MILK,341,340,9564
653,WOOL,229,229,9972
653,FERTILIZER,100,100,10000
654,WHEAT,49,49,9420
654,CARROT,46,46,9862
654,TOMATO,83,83,9806
654,STRAWBERRY,332,332,9364
654,MELON,280,280,9972
654,EGG,60,60,9826
654,MILK,341,341,9564
654,WOOL,229,229,9972
654,FERTILIZER,100,100,10000
655,WHEAT,49,49,9420
655,CARROT,46,46,9862
655,TOMATO,83,83,9806
655,STRAWBERRY,332,332,9364
655,MELON,280,280,9972
655,EGG,60,60,9826
655,MILK,341,341,9564
655,WOOL,229,229,9972
655,FERTILIZER,100,100,10000
656,WHEAT,49,49,9420
656,CARROT,46,46,9862
656,TOMATO,83,83,9806
656,STRAWBERRY,332,332,9364
656,MELON,280,280,9972
656,EGG,60,60,9826
656,MILK,341,341,9564
656,WOOL,229,229,9972
656,FERTILIZER,100,100,10000
657,WHEAT,49,49,9414
657,CARROT,46,46,9861
657,TOMATO,84,83,9804
657,STRAWBERRY,333,332,9357
657,MELON,280,280,9972
657,EGG,61,60,9825
657,MILK,343,341,9558
657,WOOL,229,229,9972
657,FERTILIZER,100,100,10000
658,WHEAT,49,49,9414
658,CARROT,46,46,9861
658,TOMATO,84,84,9804
658,STRAWBERRY,333,333,9357
658,MELON,280,280,9972
658,EGG,61,61,9825
658,MILK,343,343,9558
658,WOOL,229,229,9972
658,FERTILIZER,100,100,10000
659,WHEAT,49,49,9414
659,CARROT,46,46,9861
659,TOMATO,84,84,9804
659,STRAWBERRY,333,333,9357
659,MELON,280,280,9972
659,EGG,61,61,9825
659,MILK,343,343,9558
659,WOOL,229,229,9972
659,FERTILIZER,100,100,10000
660,WHEAT,49,49,9414
660,CARROT,46,46,9861
660,TOMATO,84,84,9804
660,STRAWBERRY,333,333,9357
660,MELON,280,280,9972
660,EGG,61,61,9825
660,MILK,343,343,9558
660,WOOL,229,229,9972
660,FERTILIZER,100,100,10000
661,WHEAT,49,49,9408
661,CARROT,46,46,9860
661,TOMATO,84,84,9802
661,STRAWBERRY,334,333,9350
661,MELON,280,280,9972
661,EGG,61,61,9824
661,MILK,344,343,9552
661,WOOL,229,229,9972
661,FERTILIZER,100,100,10000
662,WHEAT,49,49,9408
662,CARROT,46,46,9860
662,TOMATO,84,84,9802
662,STRAWBERRY,334,334,9350
662,MELON,280,280,9972
662,EGG,61,61,9824
662,MILK,344,344,9552
662,WOOL,229,229,9972
662,FERTILIZER,100,100,10000
663,WHEAT,49,49,9408
663,CARROT,46,46,9860
663,TOMATO,84,84,9802
663,STRAWBERRY,334,334,9350
663,MELON,280,280,9972
663,EGG,61,61,9824
663,MILK,344,344,9552
663,WOOL,229,229,9972
663,FERTILIZER,100,100,10000
664,WHEAT,49,49,9408
664,CARROT,46,46,9860
664,TOMATO,84,84,9802
664,STRAWBERRY,334,334,9350
664,MELON,280,280,9972
664,EGG,61,61,9824
664,MILK,344,344,9552
664,WOOL,229,229,9972
664,FERTILIZER,100,100,10000
665,WHEAT,49,49,9402
665,CARROT,46,46,9859
665,TOMATO,84,84,9800
665,STRAWBERRY,335,334,9343
665,MELON,280,280,9972
665,EGG,61,61,9823
665,MILK,345,344,9546
665,WOOL,229,229,9972
665,FERTILIZER,100,100,10000
666,WHEAT,49,49,9402
666,CARROT,46,46,9859
666,TOMATO,84,84,9800
666,STRAWBERRY,335,335,9343
666,MELON,280,280,9972
666,EGG,61,61,9823
666,MILK,345,345,9546
666,WOOL,229,229,9972
666,FERTILIZER,100,100,10000
667,WHEAT,49,49,9402
667,CARROT,46,46,9859
667,TOMATO,84,84,9800
667,STRAWBERRY,335,335,9343
667,MELON,280,280,9972
667,EGG,61,61,9823
667,MILK,345,345,9546
667,WOOL,229,229,9972
667,FERTILIZER,100,100,10000
668,WHEAT,49,49,9402
668,CARROT,46,46,9859
668,TOMATO,84,84,9800
668,STRAWBERRY,335,335,9343
668,MELON,280,280,9972
668,EGG,61,61,9823
668,MILK,345,345,9546
668,WOOL,229,229,9972
668,FERTILIZER,100,100,10000
669,WHEAT,50,49,9396
669,CARROT,46,46,9858
669,TOMATO,84,84,9798
669,STRAWBERRY,336,335,9336
669,MELON,280,280,9972
669,EGG,61,61,9822
669,MILK,346,345,9540
669,WOOL,229,229,9972
669,FERTILIZER,100,100,10000
670,WHEAT,50,50,9396
670,CARROT,46,46,9858
670,TOMATO,84,84,9798
670,STRAWBERRY,336,336,9336
670,MELON,280,280,9972
670,EGG,61,61,9822
670,MILK,346,346,9540
670,WOOL,229,229,9972
670,FERTILIZER,100,100,10000
671,WHEAT,50,50,9396
671,CARROT,46,46,9858
671,TOMATO,84,84,9798
671,STRAWBERRY,336,336,9336
671,MELON,280,280,9972
671,EGG,61,61,9822
671,MILK,346,346,9540
671,WOOL,229,229,9972
671,FERTILIZER,100,100,10000
672,WHEAT,50,50,9396
672,CARROT,46,46,9858
672,TOMATO,84,84,9798
672,STRAWBERRY,336,336,9336
672,MELON,280,280,9972
672,EGG,61,61,9822
672,MILK,346,346,9540
672,WOOL,229,229,9972
672,FERTILIZER,100,100,10000
673,WHEAT,50,50,9389
673,CARROT,46,46,9856
673,TOMATO,85,84,9795
673,STRAWBERRY,338,336,9328
673,MELON,280,280,9971
673,EGG,61,61,9820
673,MILK,348,346,9533
673,WOOL,229,229,9971
673,FERTILIZER,100,100,10000
674,WHEAT,50,50,9389
674,CARROT,46,46,9856
674,TOMATO,85,85,9795
674,STRAWBERRY,338,338,9328
674,MELON,280,280,9971
674,EGG,61,61,9820
674,MILK,348,348,9533
674,WOOL,229,229,9971
674,FERTILIZER,100,100,10000
675,WHEAT,50,50,9389
675,CARROT,46,46,9856
675,TOMATO,85,85,9795
675,STRAWBERRY,338,338,9328
675,MELON,280,280,9971
675,EGG,61,61,9820
675,MILK,348,348,9533
675,WOOL,229,229,9971
675,FERTILIZER,100,100,10000
676,WHEAT,50,50,9389
676,CARROT,46,46,9856
676,TOMATO,85,85,9795
676,STRAWBERRY,338,338,9328
676,MELON,280,280,9971
676,EGG,61,61,9820
676,MILK,348,348,9533
676,WOOL,229,229,9971
676,FERTILIZER,100,100,10000
677,WHEAT,50,50,9383
677,CARROT,46,46,9855
677,TOMATO,85,85,9793
677,STRAWBERRY,339,338,9321
677,MELON,280,280,9971
677,EGG,61,61,9819
677,MILK,349,348,9527
677,WOOL,229,229,9971
677,FERTILIZER,100,100,10000
678,WHEAT,50,50,9383
678,CARROT,46,46,9855
678,TOMATO,85,85,9793
678,STRAWBERRY,339,339,9321
678,MELON,280,280,9971
678,EGG,61,61,9819
678,MILK,349,349,9527
678,WOOL,229,229,9971
678,FERTILIZER,100,100,10000
679,WHEAT,50,50,9383
679,CARROT,46,46,9855
679,TOMATO,85,85,9793
679,STRAWBERRY,339,339,9321
679,MELON,280,280,9971
679,EGG,61,61,9819
679,MILK,349,349,9527
679,WOOL,229,229,9971
679,FERTILIZER,100,100,10000
680,WHEAT,50,50,9383
680,CARROT,46,46,9855
680,TOMATO,85,85,9793
680,STRAWBERRY,339,339,9321
680,MELON,280,280,9971
680,EGG,61,61,9819
680,MILK,349,349,9527
680,WOOL,229,229,9971
680,FERTILIZER,100,100,10000
681,WHEAT,50,50,9377
681,CARROT,46,46,9854
681,TOMATO,85,85,9791
681,STRAWBERRY,340,339,9314
681,MELON,280,280,9971
681,EGG,61,61,9818
681,MILK,350,349,9521
681,WOOL,229,229,9971
681,FERTILIZER,100,100,10000
682,WHEAT,50,50,9377
682,CARROT,46,46,9854
682,TOMATO,85,85,9791
682,STRAWBERRY,340,340,9314
682,MELON,280,280,9971
682,EGG,61,61,9818
682,MILK,350,350,9521
682,WOOL,229,229,9971
682,FERTILIZER,100,100,10000
683,WHEAT,50,50,9377
683,CARROT,46,46,9854
683,TOMATO,85,85,9791
683,STRAWBERRY,340,340,9314
683,MELON,280,280,9971
683,EGG,61,61,9818
683,MILK,350,350,9521
683,WOOL,229,229,9971
683,FERTILIZER,100,100,10000
684,WHEAT,50,50,9377
684,CARROT,46,46,9854
684,TOMATO,85,85,9791
684,STRAWBERRY,340,340,9314
684,MELON,280,280,9971
684,EGG,61,61,9818
684,MILK,350,350,9521
684,WOOL,229,229,9971
684,FERTILIZER,100,100,10000
685,WHEAT,50,50,9371
685,CARROT,46,46,9853
685,TOMATO,86,85,9789
685,STRAWBERRY,341,340,9307
685,MELON,280,280,9971
685,EGG,61,61,9817
685,MILK,351,350,9515
685,WOOL,229,229,9971
685,FERTILIZER,100,100,10000
686,WHEAT,50,50,9371
686,CARROT,46,46,9853
686,TOMATO,86,86,9789
686,STRAWBERRY,341,341,9307
686,MELON,280,280,9971
686,EGG,61,61,9817
686,MILK,351,351,9515
686,WOOL,229,229,9971
686,FERTILIZER,100,100,10000
687,WHEAT,50,50,9371
687,CARROT,46,46,9853
687,TOMATO,86,86,9789
687,STRAWBERRY,341,341,9307
687,MELON,280,280,9971
687,EGG,61,61,9817
687,MILK,351,351,9515
687,WOOL,229,229,9971
687,FERTILIZER,100,100,10000
688,WHEAT,50,50,9371
688,CARROT,46,46,9853
688,TOMATO,86,86,9789
688,STRAWBERRY,341,341,9307
688,MELON,280,280,9971
688,EGG,61,61,9817
688,MILK,351,351,9515
688,WOOL,229,229,9971
688,FERTILIZER,100,100,10000
689,WHEAT,50,50,9365
689,CARROT,47,46,9852
689,TOMATO,86,86,9787
689,STRAWBERRY,342,341,9300
689,MELON,280,280,9971
689,EGG,61,61,9816
689,MILK,353,351,9509
689,WOOL,229,229,9971
689,FERTILIZER,100,100,10000
690,WHEAT,50,50,9365
690,CARROT,47,47,9852
690,TOMATO,86,86,9787
690,STRAWBERRY,342,342,9300
690,MELON,280,280,9971
690,EGG,61,61,9816
690,MILK,353,353,9509
690,WOOL,229,229,9971
690,FERTILIZER,100,100,10000
691,WHEAT,50,50,9365
691,CARROT,47,47,9852
691,TOMATO,86,86,9787
691,STRAWBERRY,342,342,9300
691,MELON,280,280,9971
691,EGG,61,61,9816
691,MILK,353,353,9509
691,WOOL,229,229,9971
691,FERTILIZER,100,100,10000
692,WHEAT,50,50,9365
692,CARROT,47,47,9852
692,TOMATO,86,86,9787
692,STRAWBERRY,342,342,9300
692,MELON,280,280,9971
692,EGG,61,61,9816
692,MILK,353,353,9509
692,WOOL,229,229,9971
692,FERTILIZER,100,100,10000
693,WHEAT,50,50,9359
693,CARROT,47,47,9851
693,TOMATO,87,86,9785
693,STRAWBERRY,343,342,9293
693,MELON,280,280,9971
693,EGG,61,61,9815
693,MILK,354,353,9503
693,WOOL,229,229,9971
693,FERTILIZER,100,100,10000
694,WHEAT,50,50,9359
694,CARROT,47,47,9851
694,TOMATO,87,87,9785
694,STRAWBERRY,343,343,9293
694,MELON,280,280,9971
694,EGG,61,61,9815
694,MILK,354,354,9503
694,WOOL,229,229,9971
694,FERTILIZER,100,100,10000
695,WHEAT,50,50,9359
695,CARROT,47,47,9851
695,TOMATO,87,87,9785
695,STRAWBERRY,343,343,9293
695,MELON,280,280,9971
695,EGG,61,61,9815
695,MILK,354,354,9503
695,WOOL,229,229,9971
695,FERTILIZER,100,100,10000
696,WHEAT,50,50,9359
696,CARROT,47,47,9851
696,TOMATO,87,87,9785
696,STRAWBERRY,343,343,9293
696,MELON,280,280,9971
696,EGG,61,61,9815
696,MILK,354,354,9503
696,WOOL,229,229,9971
696,FERTILIZER,100,100,10000
697,WHEAT,50,50,9352
697,CARROT,47,47,9849
697,TOMATO,88,87,9782
697,STRAWBERRY,345,343,9285
697,MELON,280,280,9970
697,EGG,61,61,9813
697,MILK,355,354,9496
697,WOOL,229,229,9970
697,FERTILIZER,100,100,10000
698,WHEAT,50,50,9352
698,CARROT,47,47,9849
698,TOMATO,88,88,9782
698,STRAWBERRY,345,345,9285
698,MELON,280,280,9970
698,EGG,61,61,9813
698,MILK,355,355,9496
698,WOOL,229,229,9970
698,FERTILIZER,100,100,10000
699,WHEAT,50,50,9352
699,CARROT,47,47,9849
699,TOMATO,88,88,9782
699,STRAWBERRY,345,345,9285
699,MELON,280,280,9970
699,EGG,61,61,9813
699,MILK,355,355,9496
699,WOOL,229,229,9970
699,FERTILIZER,100,100,10000
700,WHEAT,50,50,9352
700,CARROT,47,47,9849
700,TOMATO,88,88,9782
700,STRAWBERRY,345,345,9285
700,MELON,280,280,9970
700,EGG,61,61,9813
700,MILK,355,355,9496
700,WOOL,229,229,9970
700,FERTILIZER,100,100,10000
701,WHEAT,51,50,9346
701,CARROT,47,47,9848
701,TOMATO,88,88,9780
701,STRAWBERRY,346,345,9278
701,MELON,280,280,9970
701,EGG,61,61,9812
701,MILK,356,355,9490
701,WOOL,229,229,9970
701,FERTILIZER,100,100,10000
702,WHEAT,51,51,9346
702,CARROT,47,47,9848
702,TOMATO,88,88,9780
702,STRAWBERRY,346,346,9278
702,MELON,280,280,9970
702,EGG,61,61,9812
702,MILK,356,356,9490
702,WOOL,229,229,9970
702,FERTILIZER,100,100,10000
703,WHEAT,51,51,9346
703,CARROT,47,47,9848
703,TOMATO,88,88,9780
703,STRAWBERRY,346,346,9278
703,MELON,280,280,9970
703,EGG,61,61,9812
703,MILK,356,356,9490
703,WOOL,229,229,9970
703,FERTILIZER,100,100,10000
704,WHEAT,51,51,9346
704,CARROT,47,47,9848
704,TOMATO,88,88,9780
704,STRAWBERRY,346,346,9278
704,MELON,280,280,9970
704,EGG,61,61,9812
704,MILK,356,356,9490
704,WOOL,229,229,9970
704,FERTILIZER,100,100,10000
705,WHEAT,51,51,9340
705,CARROT,47,47,9847
705,TOMATO,89,88,9778
705,STRAWBERRY,347,346,9271
705,MELON,280,280,9970
705,EGG,61,61,9811
705,MILK,357,356,9484
705,WOOL,229,229,9970
705,FERTILIZER,100,100,10000
706,WHEAT,51,51,9340
706,CARROT,47,47,9847
706,TOMATO,89,89,9778
706,STRAWBERRY,347,347,9271
706,MELON,280,280,9970
706,EGG,61,61,9811
706,MILK,357,357,9484
706,WOOL,229,229,9970
706,FERTILIZER,100,100,10000
707,WHEAT,51,51,9340
707,CARROT,47,47,9847
707,TOMATO,89,89,9778
707,STRAWBERRY,347,347,9271
707,MELON,280,280,9970
707,EGG,61,61,9811
707,MILK,357,357,9484
707,WOOL,229,229,9970
707,FERTILIZER,100,100,10000
708,WHEAT,51,51,9340
708,CARROT,47,47,9847
708,TOMATO,89,89,9778
708,STRAWBERRY,347,347,9271
708,MELON,280,280,9970
708,EGG,61,61,9811
708,MILK,357,357,9484
708,WOOL,229,229,9970
708,FERTILIZER,100,100,10000
709,WHEAT,51,51,9334
709,CARROT,47,47,9846
709,TOMATO,90,89,9776
709,STRAWBERRY,348,347,9264
709,MELON,280,280,9970
709,EGG,61,61,9810
709,MILK,359,357,9478
709,WOOL,229,229,9970
709,FERTILIZER,100,100,10000
710,WHEAT,51,51,9334
710,CARROT,47,47,9846
710,TOMATO,90,90,9776
710,STRAWBERRY,348,348,9264
710,MELON,280,280,9970
710,EGG,61,61,9810
710,MILK,359,359,9478
710,WOOL,229,229,9970
710,FERTILIZER,100,100,10000
711,WHEAT,51,51,9334
711,CARROT,47,47,9846
711,TOMATO,90,90,9776
711,STRAWBERRY,348,348,9264
711,MELON,280,280,9970
711,EGG,61,61,9810
711,MILK,359,359,9478
711,WOOL,229,229,9970
711,FERTILIZER,100,100,10000
712,WHEAT,51,51,9334
712,CARROT,47,47,9846
712,TOMATO,90,90,9776
712,STRAWBERRY,348,348,9264
712,MELON,280,280,9970
712,EGG,61,61,9810
712,MILK,359,359,9478
712,WOOL,229,229,9970
712,FERTILIZER,100,100,10000
713,WHEAT,51,51,9328
713,CARROT,47,47,9845
713,TOMATO,90,90,9774
713,STRAWBERRY,349,348,9257
713,MELON,280,280,9970
713,EGG,62,61,9809
713,MILK,360,359,9472
713,WOOL,229,229,9970
713,FERTILIZER,100,100,10000
714,WHEAT,51,51,9328
714,CARROT,47,47,9845
714,TOMATO,90,90,9774
714,STRAWBERRY,349,349,9257
714,MELON,280,280,9970
714,EGG,62,62,9809
714,MILK,360,360,9472
714,WOOL,229,229,9970
714,FERTILIZER,100,100,10000
715,WHEAT,51,51,9328
715,CARROT,47,47,9845
715,TOMATO,90,90,9774
715,STRAWBERRY,349,349,9257
715,MELON,280,280,9970
715,EGG,62,62,9809
715,MILK,360,360,9472
715,WOOL,229,229,9970
715,FERTILIZER,100,100,10000
716,WHEAT,51,51,9328
716,CARROT,47,47,9845
716,TOMATO,90,90,9774
716,STRAWBERRY,349,349,9257
716,MELON,280,280,9970
716,EGG,62,62,9809
716,MILK,360,360,9472
716,WOOL,229,229,9970
716,FERTILIZER,100,100,10000
717,WHEAT,51,51,9322
717,CARROT,47,47,9844
717,TOMATO,91,90,9772
717,STRAWBERRY,350,349,9250
717,MELON,280,280,9970
717,EGG,62,62,9808
717,MILK,361,360,9466
717,WOOL,229,229,9970
717,FERTILIZER,100,100,10000
718,WHEAT,51,51,9322
718,CARROT,47,47,9844
718,TOMATO,91,91,9772
718,STRAWBERRY,350,350,9250
718,MELON,280,280,9970
718,EGG,62,62,9808
718,MILK,361,361,9466
718,WOOL,229,229,9970
718,FERTILIZER,100,100,10000
0,WHEAT,25,,10000
0,CARROT,35,,10000
0,TOMATO,60,,10000
0,STRAWBERRY,120,,10000
0,MELON,250,,10000
0,EGG,50,,10000
0,MILK,160,,10000
0,WOOL,200,,10000
0,FERTILIZER,100,,10000
1,WHEAT,26,25,9999
1,CARROT,35,35,9999
1,TOMATO,60,60,9999
1,STRAWBERRY,128,120,9999
1,MELON,256,250,9999
1,EGG,50,50,9999
1,MILK,169,160,9999
1,WOOL,206,200,9999
1,FERTILIZER,100,100,10000
2,WHEAT,26,26,9999
2,CARROT,35,35,9999
2,TOMATO,60,60,9999
2,STRAWBERRY,128,128,9999
2,MELON,256,256,9999
2,EGG,50,50,9999
2,MILK,169,169,9999
2,WOOL,206,206,9999
2,FERTILIZER,100,100,10000
3,WHEAT,26,26,9999
3,CARROT,35,35,9999
3,TOMATO,60,60,9999
3,STRAWBERRY,128,128,9999
3,MELON,256,256,9999
3,EGG,50,50,9999
3,MILK,169,169,9999
3,WOOL,206,206,9999
3,FERTILIZER,100,100,10000
4,WHEAT,26,26,9999
4,CARROT,35,35,9999
4,TOMATO,60,60,9999
4,STRAWBERRY,128,128,9999
4,MELON,256,256,9999
4,EGG,50,50,9999
4,MILK,169,169,9999
4,WOOL,206,206,9999
4,FERTILIZER,100,100,10000
5,WHEAT,26,26,9999
5,CARROT,35,35,9999
5,TOMATO,60,60,9999
5,STRAWBERRY,128,128,9999
5,MELON,256,256,9999
5,EGG,50,50,9999
5,MILK,169,169,9999
5,WOOL,206,206,9999
5,FERTILIZER,100,100,10000
6,WHEAT,26,26,9999
6,CARROT,35,35,9999
6,TOMATO,60,60,9999
6,STRAWBERRY,128,128,9999
6,MELON,256,256,9999
6,EGG,50,50,9999
6,MILK,169,169,9999
6,WOOL,206,206,9999
6,FERTILIZER,100,100,10000
7,WHEAT,26,26,9999
7,CARROT,35,35,9999
7,TOMATO,60,60,9999
7,STRAWBERRY,128,128,9999
7,MELON,256,256,9999
7,EGG,50,50,9999
7,MILK,169,169,9999
7,WOOL,206,206,9999
7,FERTILIZER,100,100,10000
8,WHEAT,26,26,9999
8,CARROT,35,35,9999
8,TOMATO,60,60,9999
8,STRAWBERRY,128,128,9999
8,MELON,256,256,9999
8,EGG,50,50,9999
8,MILK,169,169,9999
8,WOOL,206,206,9999
8,FERTILIZER,100,100,10000
9,WHEAT,26,26,9999
9,CARROT,35,35,9999
9,TOMATO,60,60,9999
9,STRAWBERRY,128,128,9999
9,MELON,256,256,9999
9,EGG,50,50,9999
9,MILK,169,169,9999
9,WOOL,206,206,9999
9,FERTILIZER,100,100,10000
10,WHEAT,26,26,9999
10,CARROT,35,35,9999
10,TOMATO,60,60,9999
10,STRAWBERRY,128,128,9999
10,MELON,256,256,9999
10,EGG,50,50,9999
10,MILK,169,169,9999
10,WOOL,206,206,9999
10,FERTILIZER,100,100,10000
11,WHEAT,26,26,9999
11,CARROT,35,35,9999
11,TOMATO,60,60,9999
11,STRAWBERRY,128,128,9999
11,MELON,256,256,9999
11,EGG,50,50,9999
11,MILK,169,169,9999
11,WOOL,206,206,9999
11,FERTILIZER,100,100,10000
12,WHEAT,26,26,9999
12,CARROT,35,35,9999
12,TOMATO,60,60,9999
12,STRAWBERRY,128,128,9999
12,MELON,256,256,9999
12,EGG,50,50,9999
12,MILK,169,169,9999
12,WOOL,206,206,9999
12,FERTILIZER,100,100,10000
13,WHEAT,26,26,9999
13,CARROT,35,35,9999
13,TOMATO,60,60,9999
13,STRAWBERRY,128,128,9999
13,MELON,256,256,9999
13,EGG,50,50,9999
13,MILK,169,169,9999
13,WOOL,206,206,9999
13,FERTILIZER,100,100,10000
14,WHEAT,26,26,9999
14,CARROT,35,35,9999
14,TOMATO,60,60,9999
14,STRAWBERRY,128,128,9999
14,MELON,256,256,9999
14,EGG,50,50,9999
14,MILK,169,169,9999
14,WOOL,206,206,9999
14,FERTILIZER,100,100,10000
15,WHEAT,26,26,9999
15,CARROT,35,35,9999
15,TOMATO,60,60,9999
15,STRAWBERRY,128,128,9999
15,MELON,256,256,9999
15,EGG,50,50,9999
15,MILK,169,169,9999
15,WOOL,206,206,9999
15,FERTILIZER,100,100,10000
16,WHEAT,26,26,9999
16,CARROT,35,35,9999
16,TOMATO,60,60,9999
16,STRAWBERRY,128,128,9999
16,MELON,256,256,9999
16,EGG,50,50,9999
16,MILK,169,169,9999
16,WOOL,206,206,9999
16,FERTILIZER,100,100,10000
17,WHEAT,26,26,9999
17,CARROT,35,35,9999
17,TOMATO,60,60,9999
17,STRAWBERRY,128,128,9999
17,MELON,256,256,9999
17,EGG,50,50,9999
17,MILK,169,169,9999
17,WOOL,206,206,9999
17,FERTILIZER,100,100,10000
18,WHEAT,26,26,9999
18,CARROT,35,35,9999
18,TOMATO,60,60,9999
18,STRAWBERRY,128,128,9999
18,MELON,256,256,9999
18,EGG,50,50,9999
18,MILK,169,169,9999
18,WOOL,206,206,9999
18,FERTILIZER,100,100,10000
19,WHEAT,26,26,9999
19,CARROT,35,35,9999
19,TOMATO,60,60,9999
19,STRAWBERRY,128,128,9999
19,MELON,256,256,9999
19,EGG,50,50,9999
19,MILK,169,169,9999
19,WOOL,206,206,9999
19,FERTILIZER,100,100,10000
20,WHEAT,26,26,9999
20,CARROT,35,35,9999
20,TOMATO,60,60,9999
20,STRAWBERRY,128,128,9999
20,MELON,256,256,9999
20,EGG,50,50,9999
20,MILK,169,169,9999
20,WOOL,206,206,9999
20,FERTILIZER,100,100,10000
21,WHEAT,26,26,9999
21,CARROT,35,35,9999
21,TOMATO,60,60,9999
21,STRAWBERRY,128,128,9999
21,MELON,256,256,9999
21,EGG,50,50,9999
21,MILK,169,169,9999
21,WOOL,206,206,9999
21,FERTILIZER,100,100,10000
22,WHEAT,26,26,9999
22,CARROT,35,35,9999
22,TOMATO,60,60,9999
22,STRAWBERRY,128,128,9999
22,MELON,256,256,9999
22,EGG,50,50,9999
22,MILK,169,169,9999
22,WOOL,206,206,9999
22,FERTILIZER,100,100,10000
23,WHEAT,26,26,9999
23,CARROT,35,35,9999
23,TOMATO,60,60,9999
23,STRAWBERRY,128,128,9999
23,MELON,256,256,9999
23,EGG,50,50,9999
23,MILK,169,169,9999
23,WOOL,206,206,9999
23,FERTILIZER,100,100,10000
24,WHEAT,26,26,9999
24,CARROT,35,35,9999
24,TOMATO,60,60,9999
24,STRAWBERRY,128,128,9999
24,MELON,256,256,9999
24,EGG,50,50,9999
24,MILK,169,169,9999
24,WOOL,206,206,9999
24,FERTILIZER,100,100,10000
25,WHEAT,26,26,9998
25,CARROT,35,35,9998
25,TOMATO,60,60,9998
25,STRAWBERRY,132,128,9998
25,MELON,260,256,9998
25,EGG,50,50,9998
25,MILK,172,169,9998
25,WOOL,209,206,9998
25,FERTILIZER,100,100,10000
26,WHEAT,26,26,9998
26,CARROT,35,35,9998
26,TOMATO,60,60,9998
26,STRAWBERRY,132,132,9998
26,MELON,260,260,9998
26,EGG,50,50,9998
26,MILK,172,172,9998
26,WOOL,209,209,9998
26,FERTILIZER,100,100,10000
27,WHEAT,26,26,9998
27,CARROT,35,35,9998
27,TOMATO,60,60,9998
27,STRAWBERRY,132,132,9998
27,MELON,260,260,9998
27,EGG,50,50,9998
27,MILK,172,172,9998
27,WOOL,209,209,9998
27,FERTILIZER,100,100,10000
28,WHEAT,26,26,9998
28,CARROT,35,35,9998
28,TOMATO,60,60,9998
28,STRAWBERRY,132,132,9998
28,MELON,260,260,9998
28,EGG,50,50,9998
28,MILK,172,172,9998
28,WOOL,209,209,9998
28,FERTILIZER,100,100,10000
29,WHEAT,26,26,9998
29,CARROT,35,35,9998
29,TOMATO,60,60,9998
29,STRAWBERRY,132,132,9998
29,MELON,260,260,9998
29,EGG,50,50,9998
29,MILK,172,172,9998
29,WOOL,209,209,9998
29,FERTILIZER,100,100,10000
30,WHEAT,26,26,9998
30,CARROT,35,35,9998
30,TOMATO,60,60,9998
30,STRAWBERRY,132,132,9998
30,MELON,260,260,9998
30,EGG,50,50,9998
30,MILK,172,172,9998
30,WOOL,209,209,9998
30,FERTILIZER,100,100,10000
31,WHEAT,26,26,9998
31,CARROT,35,35,9998
31,TOMATO,60,60,9998
31,STRAWBERRY,132,132,9998
31,MELON,260,260,9998
31,EGG,50,50,9998
31,MILK,172,172,9998
31,WOOL,209,209,9998
31,FERTILIZER,100,100,10000
32,WHEAT,26,26,9998
32,CARROT,35,35,9998
32,TOMATO,60,60,9998
32,STRAWBERRY,132,132,9998
32,MELON,260,260,9998
32,EGG,50,50,9998
32,MILK,172,172,9998
32,WOOL,209,209,9998
32,FERTILIZER,100,100,10000
33,WHEAT,26,26,9998
33,CARROT,35,35,9998
33,TOMATO,60,60,9998
33,STRAWBERRY,132,132,9998
33,MELON,260,260,9998
33,EGG,50,50,9998
33,MILK,172,172,9998
33,WOOL,209,209,9998
33,FERTILIZER,100,100,10000
34,WHEAT,26,26,9998
34,CARROT,35,35,9998
34,TOMATO,60,60,9998
34,STRAWBERRY,132,132,9998
34,MELON,260,260,9998
34,EGG,50,50,9998
34,MILK,172,172,9998
34,WOOL,209,209,9998
34,FERTILIZER,100,100,10000
35,WHEAT,26,26,9998
35,CARROT,35,35,9998
35,TOMATO,60,60,9998
35,STRAWBERRY,132,132,9998
35,MELON,260,260,9998
35,EGG,50,50,9998
35,MILK,172,172,9998
35,WOOL,209,209,9998
35,FERTILIZER,100,100,10000
36,WHEAT,26,26,9998
36,CARROT,35,35,9998
36,TOMATO,60,60,9998
36,STRAWBERRY,132,132,9998
36,MELON,260,260,9998
36,EGG,50,50,9998
36,MILK,172,172,9998
36,WOOL,209,209,9998
36,FERTILIZER,100,100,10000
37,WHEAT,26,26,9998
37,CARROT,35,35,9998
37,TOMATO,60,60,9998
37,STRAWBERRY,132,132,9998
37,MELON,260,260,9998
37,EGG,50,50,9998
37,MILK,172,172,9998
37,WOOL,209,209,9998
37,FERTILIZER,100,100,10000
38,WHEAT,26,26,9998
38,CARROT,35,35,9998
38,TOMATO,60,60,9998
38,STRAWBERRY,132,132,9998
38,MELON,260,260,9998
38,EGG,50,50,9998
38,MILK,172,172,9998
38,WOOL,209,209,9998
38,FERTILIZER,100,100,10000
39,WHEAT,26,26,9998
39,CARROT,35,35,9998
39,TOMATO,60,60,9998
39,STRAWBERRY,132,132,9998
39,MELON,260,260,9998
39,EGG,50,50,9998
39,MILK,172,172,9998
39,WOOL,209,209,9998
39,FERTILIZER,100,100,10000
40,WHEAT,26,26,9998
40,CARROT,35,35,9998
40,TOMATO,60,60,9998
40,STRAWBERRY,132,132,9998
40,MELON,260,260,9998
40,EGG,50,50,9998
40,MILK,172,172,9998
40,WOOL,209,209,9998
40,FERTILIZER,100,100,10000
41,WHEAT,26,26,9998
41,CARROT,35,35,9998
41,TOMATO,60,60,9998
41,STRAWBERRY,132,132,9998
41,MELON,260,260,9998
41,EGG,50,50,9998
41,MILK,172,172,9998
41,WOOL,209,209,9998
41,FERTILIZER,100,100,10000
42,WHEAT,26,26,9998
42,CARROT,35,35,9998
42,TOMATO,60,60,9998
42,STRAWBERRY,132,132,9998
42,MELON,260,260,9998
42,EGG,50,50,9998
42,MILK,172,172,9998
42,WOOL,209,209,9998
42,FERTILIZER,100,100,10000
43,WHEAT,26,26,9998
43,CARROT,35,35,9998
43,TOMATO,60,60,9998
43,STRAWBERRY,132,132,9998
43,MELON,260,260,9998
43,EGG,50,50,9998
43,MILK,172,172,9998
43,WOOL,209,209,9998
43,FERTILIZER,100,100,10000
44,WHEAT,26,26,9998
44,CARROT,35,35,9998
44,TOMATO,60,60,9998
44,STRAWBERRY,132,132,9998
44,MELON,260,260,9998
44,EGG,50,50,9998
44,MILK,172,172,9998
44,WOOL,209,209,9998
44,FERTILIZER,100,100,10000
45,WHEAT,26,26,9998
45,CARROT,35,35,9998
45,TOMATO,60,60,9998
45,STRAWBERRY,132,132,9998
45,MELON,260,260,9998
45,EGG,50,50,9998
45,MILK,172,172,9998
45,WOOL,209,209,9998
45,FERTILIZER,100,100,10000
46,WHEAT,26,26,9998
46,CARROT,35,35,9998
46,TOMATO,60,60,9998
46,STRAWBERRY,132,132,9998
46,MELON,260,260,9998
46,EGG,50,50,9998
46,MILK,172,172,9998
46,WOOL,209,209,9998
46,FERTILIZER,100,100,10000
47,WHEAT,26,26,9998
47,CARROT,35,35,9998
47,TOMATO,60,60,9998
47,STRAWBERRY,132,132,9998
47,MELON,260,260,9998
47,EGG,50,50,9998
47,MILK,172,172,9998
47,WOOL,209,209,9998
47,FERTILIZER,100,100,10000
48,WHEAT,26,26,9998
48,CARROT,35,35,9998
48,TOMATO,60,60,9998
48,STRAWBERRY,132,132,9998
48,MELON,260,260,9998
48,EGG,50,50,9998
48,MILK,172,172,9998
48,WOOL,209,209,9998
48,FERTILIZER,100,100,10000
49,WHEAT,27,26,9997
49,CARROT,35,35,9997
49,TOMATO,60,60,9997
49,STRAWBERRY,135,132,9997
49,MELON,262,260,9997
49,EGG,50,50,9997
49,MILK,175,172,9997
49,WOOL,212,209,9997
49,FERTILIZER,100,100,10000
50,WHEAT,27,27,9997
50,CARROT,35,35,9997
50,TOMATO,60,60,9997
50,STRAWBERRY,135,135,9997
50,MELON,262,262,9997
50,EGG,50,50,9997
50,MILK,175,175,9997
50,WOOL,212,212,9997
50,FERTILIZER,100,100,10000
51,WHEAT,27,27,9997
51,CARROT,35,35,9997
51,TOMATO,60,60,9997
51,STRAWBERRY,135,135,9997
51,MELON,262,262,9997
51,EGG,50,50,9997
51,MILK,175,175,9997
51,WOOL,212,212,9997
51,FERTILIZER,100,100,10000
52,WHEAT,27,27,9997
52,CARROT,35,35,9997
52,TOMATO,60,60,9997
52,STRAWBERRY,135,135,9997
52,MELON,262,262,9997
52,EGG,50,50,9997
52,MILK,175,175,9997
52,WOOL,212,212,9997
52,FERTILIZER,100,100,10000
53,WHEAT,27,27,9997
53,CARROT,35,35,9997
53,TOMATO,60,60,9997
53,STRAWBERRY,135,135,9997
53,MELON,262,262,9997
53,EGG,50,50,9997
53,MILK,175,175,9997
53,WOOL,212,212,9997
53,FERTILIZER,100,100,10000
54,WHEAT,27,27,9997
54,CARROT,35,35,9997
54,TOMATO,60,60,9997
54,STRAWBERRY,135,135,9997
54,MELON,262,262,9997
54,EGG,50,50,9997
54,MILK,175,175,9997
54,WOOL,212,212,9997
54,FERTILIZER,100,100,10000
55,WHEAT,27,27,9997
55,CARROT,35,35,9997
55,TOMATO,60,60,9997
55,STRAWBERRY,135,135,9997
55,MELON,262,262,9997
55,EGG,50,50,9997
55,MILK,175,175,9997
55,WOOL,212,212,9997
55,FERTILIZER,100,100,10000
56,WHEAT,27,27,9997
56,CARROT,35,35,9997
56,TOMATO,60,60,9997
56,STRAWBERRY,135,135,9997
56,MELON,262,262,9997
56,EGG,50,50,9997
56,MILK,175,175,9997
56,WOOL,212,212,9997
56,FERTILIZER,100,100,10000
57,WHEAT,27,27,9997
57,CARROT,35,35,9997
57,TOMATO,60,60,9997
57,STRAWBERRY,135,135,9997
57,MELON,262,262,9997
57,EGG,50,50,9997
57,MILK,175,175,9997
57,WOOL,212,212,9997
57,FERTILIZER,100,100,10000
58,WHEAT,27,27,9997
58,CARROT,35,35,9997
58,TOMATO,60,60,9997
58,STRAWBERRY,135,135,9997
58,MELON,262,262,9997
58,EGG,50,50,9997
58,MILK,175,175,9997
58,WOOL,212,212,9997
58,FERTILIZER,100,100,10000
59,WHEAT,27,27,9997
59,CARROT,35,35,9997
59,TOMATO,60,60,9997
59,STRAWBERRY,135,135,9997
59,MELON,262,262,9997
59,EGG,50,50,9997
59,MILK,175,175,9997
59,WOOL,212,212,9997
59,FERTILIZER,100,100,10000
60,WHEAT,27,27,9997
60,CARROT,35,35,9997
60,TOMATO,60,60,9997
60,STRAWBERRY,135,135,9997
60,MELON,262,262,9997
60,EGG,50,50,9997
60,MILK,175,175,9997
60,WOOL,212,212,9997
60,FERTILIZER,100,100,10000
61,WHEAT,27,27,9997
61,CARROT,35,35,9997
61,TOMATO,60,60,9997
61,STRAWBERRY,135,135,9997
61,MELON,262,262,9997
61,EGG,50,50,9997
61,MILK,175,175,9997
61,WOOL,212,212,9997
61,FERTILIZER,100,100,10000
62,WHEAT,27,27,9997
62,CARROT,35,35,9997
62,TOMATO,60,60,9997
62,STRAWBERRY,135,135,9997
62,MELON,262,262,9997
62,EGG,50,50,9997
62,MILK,175,175,9997
62,WOOL,212,212,9997
62,FERTILIZER,100,100,10000
63,WHEAT,27,27,9997
63,CARROT,35,35,9997
63,TOMATO,60,60,9997
63,STRAWBERRY,135,135,9997
63,MELON,262,262,9997
63,EGG,50,50,9997
63,MILK,175,175,9997
63,WOOL,212,212,9997
63,FERTILIZER,100,100,10000
64,WHEAT,27,27,9997
64,CARROT,35,35,9997
64,TOMATO,60,60,9997
64,STRAWBERRY,135,135,9997
64,MELON,262,262,9997
64,EGG,50,50,9997
64,MILK,175,175,9997
64,WOOL,212,212,9997
64,FERTILIZER,100,100,10000
65,WHEAT,27,27,9997
65,CARROT,35,35,9997
65,TOMATO,60,60,9997
65,STRAWBERRY,135,135,9997
65,MELON,262,262,9997
65,EGG,50,50,9997
65,MILK,175,175,9997
65,WOOL,212,212,9997
65,FERTILIZER,100,100,10000
66,WHEAT,27,27,9997
66,CARROT,35,35,9997
66,TOMATO,60,60,9997
66,STRAWBERRY,135,135,9997
66,MELON,262,262,9997
66,EGG,50,50,9997
66,MILK,175,175,9997
66,WOOL,212,212,9997
66,FERTILIZER,100,100,10000
67,WHEAT,27,27,9997
67,CARROT,35,35,9997
67,TOMATO,60,60,9997
67,STRAWBERRY,135,135,9997
67,MELON,262,262,9997
67,EGG,50,50,9997
67,MILK,175,175,9997
67,WOOL,212,212,9997
67,FERTILIZER,100,100,10000
68,WHEAT,27,27,9997
68,CARROT,35,35,9997
68,TOMATO,60,60,9997
68,STRAWBERRY,135,135,9997
68,MELON,262,262,9997
68,EGG,50,50,9997
68,MILK,175,175,9997
68,WOOL,212,212,9997
68,FERTILIZER,100,100,10000
69,WHEAT,27,27,9997
69,CARROT,35,35,9997
69,TOMATO,60,60,9997
69,STRAWBERRY,135,135,9997
69,MELON,262,262,9997
69,EGG,50,50,9997
69,MILK,175,175,9997
69,WOOL,212,212,9997
69,FERTILIZER,100,100,10000
70,WHEAT,27,27,9997
70,CARROT,35,35,9997
70,TOMATO,60,60,9997
70,STRAWBERRY,135,135,9997
70,MELON,262,262,9997
70,EGG,50,50,9997
70,MILK,175,175,9997
70,WOOL,212,212,9997
70,FERTILIZER,100,100,10000
71,WHEAT,27,27,9997
71,CARROT,35,35,9997
71,TOMATO,60,60,9997
71,STRAWBERRY,135,135,9997
71,MELON,262,262,9997
71,EGG,50,50,9997
71,MILK,175,175,9997
71,WOOL,212,212,9997
71,FERTILIZER,100,100,10000
72,WHEAT,27,27,9997
72,CARROT,35,35,9997
72,TOMATO,60,60,9997
72,STRAWBERRY,135,135,9997
72,MELON,262,262,9997
72,EGG,50,50,9997
72,MILK,175,175,9997
72,WOOL,212,212,9997
72,FERTILIZER,100,100,10000
73,WHEAT,27,27,9995
73,CARROT,35,35,9996
73,TOMATO,60,60,9996
73,STRAWBERRY,139,135,9995
73,MELON,264,262,9996
73,EGG,50,50,9995
73,MILK,177,175,9996
73,WOOL,214,212,9996
73,FERTILIZER,100,100,10000
74,WHEAT,27,27,9995
74,CARROT,35,35,9996
74,TOMATO,60,60,9996
74,STRAWBERRY,139,139,9995
74,MELON,264,264,9996
74,EGG,50,50,9995
74,MILK,177,177,9996
74,WOOL,214,214,9996
74,FERTILIZER,100,100,10000
75,WHEAT,27,27,9995
75,CARROT,35,35,9996
75,TOMATO,60,60,9996
75,STRAWBERRY,139,139,9995
75,MELON,264,264,9996
75,EGG,50,50,9995
75,MILK,177,177,9996
75,WOOL,214,214,9996
75,FERTILIZER,100,100,10000
76,WHEAT,27,27,9995
76,CARROT,35,35,9996
76,TOMATO,60,60,9996
76,STRAWBERRY,139,139,9995
76,MELON,264,264,9996
76,EGG,50,50,9995
76,MILK,177,177,9996
76,WOOL,214,214,9996
76,FERTILIZER,100,100,10000
77,WHEAT,27,27,9994
77,CARROT,35,35,9996
77,TOMATO,60,60,9996
77,STRAWBERRY,141,139,9994
77,MELON,264,264,9996
77,EGG,50,50,9994
77,MILK,177,177,9996
77,WOOL,214,214,9996
77,FERTILIZER,100,100,10000
78,WHEAT,27,27,9994
78,CARROT,35,35,9996
78,TOMATO,60,60,9996
78,STRAWBERRY,141,141,9994
78,MELON,264,264,9996
78,EGG,50,50,9994
78,MILK,177,177,9996
78,WOOL,214,214,9996
78,FERTILIZER,100,100,10000
79,WHEAT,27,27,9994
79,CARROT,35,35,9996
79,TOMATO,60,60,9996
79,STRAWBERRY,141,141,9994
79,MELON,264,264,9996
79,EGG,50,50,9994
79,MILK,177,177,9996
79,WOOL,214,214,9996
79,FERTILIZER,100,100,10000
80,WHEAT,27,27,9994
80,CARROT,35,35,9996
80,TOMATO,60,60,9996
80,STRAWBERRY,141,141,9994
80,MELON,264,264,9996
80,EGG,50,50,9994
80,MILK,177,177,9996
80,WOOL,214,214,9996
80,FERTILIZER,100,100,10000
81,WHEAT,28,27,9993
81,CARROT,35,35,9996
81,TOMATO,60,60,9996
81,STRAWBERRY,142,141,9993
81,MELON,264,264,9996
81,EGG,50,50,9993
81,MILK,177,177,9996
81,WOOL,214,214,9996
81,FERTILIZER,100,100,10000
82,WHEAT,28,28,9993
82,CARROT,35,35,9996
82,TOMATO,60,60,9996
82,STRAWBERRY,142,142,9993
82,MELON,264,264,9996
82,EGG,50,50,9993
82,MILK,177,177,9996
82,WOOL,214,214,9996
82,FERTILIZER,100,100,10000
83,WHEAT,28,28,9993
83,CARROT,35,35,9996
83,TOMATO,60,60,9996
83,STRAWBERRY,142,142,9993
83,MELON,264,264,9996
83,EGG,50,50,9993
83,MILK,177,177,9996
83,WOOL,214,214,9996
83,FERTILIZER,100,100,10000
84,WHEAT,28,28,9993
84,CARROT,35,35,9996
84,TOMATO,60,60,9996
84,STRAWBERRY,142,142,9993
84,MELON,264,264,9996
84,EGG,50,50,9993
84,MILK,177,177,9996
84,WOOL,214,214,9996
84,FERTILIZER,100,100,10000
85,WHEAT,28,28,9992
85,CARROT,35,35,9996
85,TOMATO,60,60,9996
85,STRAWBERRY,144,142,9992
85,MELON,264,264,9996
85,EGG,50,50,9992
85,MILK,177,177,9996
85,WOOL,214,214,9996
85,FERTILIZER,100,100,10000
86,WHEAT,28,28,9992
86,CARROT,35,35,9996
86,TOMATO,60,60,9996
86,STRAWBERRY,144,144,9992
86,MELON,264,264,9996
86,EGG,50,50,9992
86,MILK,177,177,9996
86,WOOL,214,214,9996
86,FERTILIZER,100,100,10000
87,WHEAT,28,28,9992
87,CARROT,35,35,9996
87,TOMATO,60,60,9996
87,STRAWBERRY,144,144,9992
87,MELON,264,264,9996
87,EGG,50,50,9992
87,MILK,177,177,9996
87,WOOL,214,214,9996
87,FERTILIZER,100,100,10000
88,WHEAT,28,28,9992
88,CARROT,35,35,9996
88,TOMATO,60,60,9996
88,STRAWBERRY,144,144,9992
88,MELON,264,264,9996
88,EGG,50,50,9992
88,MILK,177,177,9996
88,WOOL,214,214,9996
88,FERTILIZER,100,100,10000
89,WHEAT,28,28,9991
89,CARROT,35,35,9996
89,TOMATO,60,60,9996
89,STRAWBERRY,145,144,9991
89,MELON,264,264,9996
89,EGG,51,50,9991
89,MILK,177,177,9996
89,WOOL,214,214,9996
89,FERTILIZER,100,100,10000
90,WHEAT,28,28,9991
90,CARROT,35,35,9996
90,TOMATO,60,60,9996
90,STRAWBERRY,145,145,9991
90,MELON,264,264,9996
90,EGG,51,51,9991
90,MILK,177,177,9996
90,WOOL,214,214,9996
90,FERTILIZER,100,100,10000
91,WHEAT,28,28,9991
91,CARROT,35,35,9996
91,TOMATO,60,60,9996
91,STRAWBERRY,145,145,9991
91,MELON,264,264,9996
91,EGG,51,51,9991
91,MILK,177,177,9996
91,WOOL,214,214,9996
91,FERTILIZER,100,100,10000
92,WHEAT,28,28,9991
92,CARROT,35,35,9996
92,TOMATO,60,60,9996
92,STRAWBERRY,145,145,9991
92,MELON,264,264,9996
92,EGG,51,51,9991
92,MILK,177,177,9996
92,WOOL,214,214,9996
92,FERTILIZER,100,100,10000
93,WHEAT,28,28,9990
93,CARROT,35,35,9996
93,TOMATO,60,60,9996
93,STRAWBERRY,147,145,9990
93,MELON,264,264,9996
93,EGG,51,51,9990
93,MILK,177,177,9996
93,WOOL,214,214,9996
93,FERTILIZER,100,100,10000
94,WHEAT,28,28,9990
94,CARROT,35,35,9996
94,TOMATO,60,60,9996
94,STRAWBERRY,147,147,9990
94,MELON,264,264,9996
94,EGG,51,51,9990
94,MILK,177,177,9996
94,WOOL,214,214,9996
94,FERTILIZER,100,100,10000
95,WHEAT,28,28,9990
95,CARROT,35,35,9996
95,TOMATO,60,60,9996
95,STRAWBERRY,147,147,9990
95,MELON,264,264,9996
95,EGG,51,51,9990
95,MILK,177,177,9996
95,WOOL,214,214,9996
95,FERTILIZER,100,100,10000
96,WHEAT,28,28,9990
96,CARROT,35,35,9996
96,TOMATO,60,60,9996
96,STRAWBERRY,147,147,9990
96,MELON,264,264,9996
96,EGG,51,51,9990
96,MILK,177,177,9996
96,WOOL,214,214,9996
96,FERTILIZER,100,100,10000
97,WHEAT,28,28,9988
97,CARROT,35,35,9995
97,TOMATO,61,60,9995
97,STRAWBERRY,149,147,9988
97,MELON,266,264,9995
97,EGG,51,51,9988
97,MILK,179,177,9995
97,WOOL,215,214,9995
97,FERTILIZER,100,100,10000
98,WHEAT,28,28,9988
98,CARROT,35,35,9995
98,TOMATO,61,61,9995
98,STRAWBERRY,149,149,9988
98,MELON,266,266,9995
98,EGG,51,51,9988
98,MILK,179,179,9995
98,WOOL,215,215,9995
98,FERTILIZER,100,100,10000
99,WHEAT,28,28,9988
99,CARROT,35,35,9995
99,TOMATO,61,61,9995
99,STRAWBERRY,149,149,9988
99,MELON,266,266,9995
99,EGG,51,51,9988
99,MILK,179,179,9995
99,WOOL,215,215,9995
99,FERTILIZER,100,100,10000
100,WHEAT,28,28,9988
100,CARROT,35,35,9995
100,TOMATO,61,61,9995
100,STRAWBERRY,149,149,9988
100,MELON,266,266,9995
100,EGG,51,51,9988
100,MILK,179,179,9995
100,WOOL,215,215,9995
100,FERTILIZER,100,100,10000
101,WHEAT,29,28,9987
101,CARROT,35,35,9995
101,TOMATO,61,61,9995
101,STRAWBERRY,150,149,9987
101,MELON,266,266,9995
101,EGG,51,51,9987
101,MILK,179,179,9995
101,WOOL,215,215,9995
101,FERTILIZER,100,100,10000
102,WHEAT,29,29,9987
102,CARROT,35,35,9995
102,TOMATO,61,61,9995
102,STRAWBERRY,150,150,9987
102,MELON,266,266,9995
102,EGG,51,51,9987
102,MILK,179,179,9995
102,WOOL,215,215,9995
102,FERTILIZER,100,100,10000
103,WHEAT,29,29,9987
103,CARROT,35,35,9995
103,TOMATO,61,61,9995
103,STRAWBERRY,150,150,9987
103,MELON,266,266,9995
103,EGG,51,51,9987
103,MILK,179,179,9995
103,WOOL,215,215,9995
103,FERTILIZER,100,100,10000
104,WHEAT,29,29,9987
104,CARROT,35,35,9995
104,TOMATO,61,61,9995
104,STRAWBERRY,150,150,9987
104,MELON,266,266,9995
104,EGG,51,51,9987
104,MILK,179,179,9995
104,WOOL,215,215,9995
104,FERTILIZER,100,100,10000
105,WHEAT,29,29,9986
105,CARROT,35,35,9995
105,TOMATO,61,61,9995
105,STRAWBERRY,151,150,9986
105,MELON,266,266,9995
105,EGG,51,51,9986
105,MILK,179,179,9995
105,WOOL,215,215,9995
105,FERTILIZER,100,100,10000
106,WHEAT,29,29,9986
106,CARROT,35,35,9995
106,TOMATO,61,61,9995
106,STRAWBERRY,151,151,9986
106,MELON,266,266,9995
106,EGG,51,51,9986
106,MILK,179,179,9995
106,WOOL,215,215,9995
106,FERTILIZER,100,100,10000
107,WHEAT,29,29,9986
107,CARROT,35,35,9995
107,TOMATO,61,61,9995
107,STRAWBERRY,151,151,9986
107,MELON,266,266,9995
107,EGG,51,51,9986
107,MILK,179,179,9995
107,WOOL,215,215,9995
107,FERTILIZER,100,100,10000
108,WHEAT,29,29,9986
108,CARROT,35,35,9995
108,TOMATO,61,61,9995
108,STRAWBERRY,151,151,9986
108,MELON,266,266,9995
108,EGG,51,51,9986
108,MILK,179,179,9995
108,WOOL,215,215,9995
108,FERTILIZER,100,100,10000
109,WHEAT,29,29,9985
109,CARROT,35,35,9995
109,TOMATO,61,61,9995
109,STRAWBERRY,153,151,9985
109,MELON,266,266,9995
109,EGG,51,51,9985
109,MILK,179,179,9995
109,WOOL,215,215,9995
109,FERTILIZER,100,100,10000
110,WHEAT,29,29,9985
110,CARROT,35,35,9995
110,TOMATO,61,61,9995
110,STRAWBERRY,153,153,9985
110,MELON,266,266,9995
110,EGG,51,51,9985
110,MILK,179,179,9995
110,WOOL,215,215,9995
110,FERTILIZER,100,100,10000
111,WHEAT,29,29,9985
111,CARROT,35,35,9995
111,TOMATO,61,61,9995
111,STRAWBERRY,153,153,9985
111,MELON,266,266,9995
111,EGG,51,51,9985
111,MILK,179,179,9995
111,WOOL,215,215,9995
111,FERTILIZER,100,100,10000
112,WHEAT,29,29,9985
112,CARROT,35,35,9995
112,TOMATO,61,61,9995
112,STRAWBERRY,153,153,9985
112,MELON,266,266,9995
112,EGG,51,51,9985
112,MILK,179,179,9995
112,WOOL,215,215,9995
112,FERTILIZER,100,100,10000
113,WHEAT,29,29,9984
113,CARROT,35,35,9995
113,TOMATO,61,61,9995
113,STRAWBERRY,154,153,9984
113,MELON,266,266,9995
113,EGG,51,51,9984
113,MILK,179,179,9995
113,WOOL,215,215,9995
113,FERTILIZER,100,100,10000
114,WHEAT,29,29,9984
114,CARROT,35,35,9995
114,TOMATO,61,61,9995
114,STRAWBERRY,154,154,9984
114,MELON,266,266,9995
114,EGG,51,51,9984
114,MILK,179,179,9995
114,WOOL,215,215,9995
114,FERTILIZER,100,100,10000
115,WHEAT,29,29,9984
115,CARROT,35,35,9995
115,TOMATO,61,61,9995
115,STRAWBERRY,154,154,9984
115,MELON,266,266,9995
115,EGG,51,51,9984
115,MILK,179,179,9995
115,WOOL,215,215,9995
115,FERTILIZER,100,100,10000
116,WHEAT,29,29,9984
116,CARROT,35,35,9995
116,TOMATO,61,61,9995
116,STRAWBERRY,154,154,9984
116,MELON,266,266,9995
116,EGG,51,51,9984
116,MILK,179,179,9995
116,WOOL,215,215,9995
116,FERTILIZER,100,100,10000
117,WHEAT,29,29,9983
117,CARROT,35,35,9995
117,TOMATO,61,61,9995
117,STRAWBERRY,155,154,9983
117,MELON,266,266,9995
117,EGG,51,51,9983
117,MILK,179,179,9995
117,WOOL,215,215,9995
117,FERTILIZER,100,100,10000
118,WHEAT,29,29,9983
118,CARROT,35,35,9995
118,TOMATO,61,61,9995
118,STRAWBERRY,155,155,9983
118,MELON,266,266,9995
118,EGG,51,51,9983
118,MILK,179,179,9995
118,WOOL,215,215,9995
118,FERTILIZER,100,100,10000
119,WHEAT,29,29,9983
119,CARROT,35,35,9995
119,TOMATO,61,61,9995
119,STRAWBERRY,155,155,9983
119,MELON,266,266,9995
119,EGG,51,51,9983
119,MILK,179,179,9995
119,WOOL,215,215,9995
119,FERTILIZER,100,100,10000
120,WHEAT,29,29,9983
120,CARROT,35,35,9995
120,TOMATO,61,61,9995
120,STRAWBERRY,155,155,9983
120,MELON,266,266,9995
120,EGG,51,51,9983
120,MILK,179,179,9995
120,WOOL,215,215,9995
120,FERTILIZER,100,100,10000
121,WHEAT,29,29,9981
121,CARROT,35,35,9994
121,TOMATO,61,61,9994
121,STRAWBERRY,157,155,9981
121,MELON,267,266,9994
121,EGG,51,51,9981
121,MILK,181,179,9994
121,WOOL,217,215,9994
121,FERTILIZER,100,100,10000
122,WHEAT,29,29,9981
122,CARROT,35,35,9994
122,TOMATO,61,61,9994
122,STRAWBERRY,157,157,9981
122,MELON,267,267,9994
122,EGG,51,51,9981
122,MILK,181,181,9994
122,WOOL,217,217,9994
122,FERTILIZER,100,100,10000
123,WHEAT,29,29,9981
123,CARROT,35,35,9994
123,TOMATO,61,61,9994
123,STRAWBERRY,157,157,9981
123,MELON,267,267,9994
123,EGG,51,51,9981
123,MILK,181,181,9994
123,WOOL,217,217,9994
123,FERTILIZER,100,100,10000
124,WHEAT,29,29,9981
124,CARROT,35,35,9994
124,TOMATO,61,61,9994
124,STRAWBERRY,157,157,9981
124,MELON,267,267,9994
124,EGG,51,51,9981
124,MILK,181,181,9994
124,WOOL,217,217,9994
124,FERTILIZER,100,100,10000
125,WHEAT,29,29,9980
125,CARROT,35,35,9994
125,TOMATO,61,61,9994
125,STRAWBERRY,158,157,9980
125,MELON,267,267,9994
125,EGG,51,51,9980
125,MILK,181,181,9994
125,WOOL,217,217,9994
125,FERTILIZER,100,100,10000
126,WHEAT,29,29,9980
126,CARROT,35,35,9994
126,TOMATO,61,61,9994
126,STRAWBERRY,158,158,9980
126,MELON,267,267,9994
126,EGG,51,51,9980
126,MILK,181,181,9994
126,WOOL,217,217,9994
126,FERTILIZER,100,100,10000
127,WHEAT,29,29,9980
127,CARROT,35,35,9994
127,TOMATO,61,61,9994
127,STRAWBERRY,158,158,9980
127,MELON,267,267,9994
127,EGG,51,51,9980
127,MILK,181,181,9994
127,WOOL,217,217,9994
127,FERTILIZER,100,100,10000
128,WHEAT,29,29,9980
128,CARROT,35,35,9994
128,TOMATO,61,61,9994
128,STRAWBERRY,158,158,9980
128,MELON,267,267,9994
128,EGG,51,51,9980
128,MILK,181,181,9994
128,WOOL,217,217,9994
128,FERTILIZER,100,100,10000
129,WHEAT,30,29,9979
129,CARROT,35,35,9994
129,TOMATO,61,61,9994
129,STRAWBERRY,158,158,9979
129,MELON,267,267,9994
129,EGG,51,51,9979
129,MILK,181,181,9994
129,WOOL,217,217,9994
129,FERTILIZER,100,100,10000
130,WHEAT,30,30,9979
130,CARROT,35,35,9994
130,TOMATO,61,61,9994
130,STRAWBERRY,158,158,9979
130,MELON,267,267,9994
130,EGG,51,51,9979
130,MILK,181,181,9994
130,WOOL,217,217,9994
130,FERTILIZER,100,100,10000
131,WHEAT,30,30,9979
131,CARROT,35,35,9994
131,TOMATO,61,61,9994
131,STRAWBERRY,158,158,9979
131,MELON,267,267,9994
131,EGG,51,51,9979
131,MILK,181,181,9994
131,WOOL,217,217,9994
131,FERTILIZER,100,100,10000
132,WHEAT,30,30,9979
132,CARROT,35,35,9994
132,TOMATO,61,61,9994
132,STRAWBERRY,158,158,9979
132,MELON,267,267,9994
132,EGG,51,51,9979
132,MILK,181,181,9994
132,WOOL,217,217,9994
132,FERTILIZER,100,100,10000
133,WHEAT,30,30,9978
133,CARROT,35,35,9994
133,TOMATO,61,61,9994
133,STRAWBERRY,159,158,9978
133,MELON,267,267,9994
133,EGG,51,51,9978
133,MILK,181,181,9994
133,WOOL,217,217,9994
133,FERTILIZER,100,100,10000
134,WHEAT,30,30,9978
134,CARROT,35,35,9994
134,TOMATO,61,61,9994
134,STRAWBERRY,159,159,9978
134,MELON,267,267,9994
134,EGG,51,51,9978
134,MILK,181,181,9994
134,WOOL,217,217,9994
134,FERTILIZER,100,100,10000
135,WHEAT,30,30,9978
135,CARROT,35,35,9994
135,TOMATO,61,61,9994
135,STRAWBERRY,159,159,9978
135,MELON,267,267,9994
135,EGG,51,51,9978
135,MILK,181,181,9994
135,WOOL,217,217,9994
135,FERTILIZER,100,100,10000
136,WHEAT,30,30,9978
136,CARROT,35,35,9994
136,TOMATO,61,61,9994
136,STRAWBERRY,159,159,9978
136,MELON,267,267,9994
136,EGG,51,51,9978
136,MILK,181,181,9994
136,WOOL,217,217,9994
136,FERTILIZER,100,100,10000
137,WHEAT,30,30,9977
137,CARROT,35,35,9994
137,TOMATO,61,61,9994
137,STRAWBERRY,160,159,9977
137,MELON,267,267,9994
137,EGG,51,51,9977
137,MILK,181,181,9994
137,WOOL,217,217,9994
137,FERTILIZER,100,100,10000
138,WHEAT,30,30,9977
138,CARROT,35,35,9994
138,TOMATO,61,61,9994
138,STRAWBERRY,160,160,9977
138,MELON,267,267,9994
138,EGG,51,51,9977
138,MILK,181,181,9994
138,WOOL,217,217,9994
138,FERTILIZER,100,100,10000
139,WHEAT,30,30,9977
139,CARROT,35,35,9994
139,TOMATO,61,61,9994
139,STRAWBERRY,160,160,9977
139,MELON,267,267,9994
139,EGG,51,51,9977
139,MILK,181,181,9994
139,WOOL,217,217,9994
139,FERTILIZER,100,100,10000
140,WHEAT,30,30,9977
140,CARROT,35,35,9994
140,TOMATO,61,61,9994
140,STRAWBERRY,160,160,9977
140,MELON,267,267,9994
140,EGG,51,51,9977
140,MILK,181,181,9994
140,WOOL,217,217,9994
140,FERTILIZER,100,100,10000
141,WHEAT,30,30,9976
141,CARROT,35,35,9994
141,TOMATO,61,61,9994
141,STRAWBERRY,161,160,9976
141,MELON,267,267,9994
141,EGG,51,51,9976
141,MILK,181,181,9994
141,WOOL,217,217,9994
141,FERTILIZER,100,100,10000
142,WHEAT,30,30,9976
142,CARROT,35,35,9994
142,TOMATO,61,61,9994
142,STRAWBERRY,161,161,9976
142,MELON,267,267,9994
142,EGG,51,51,9976
142,MILK,181,181,9994
142,WOOL,217,217,9994
142,FERTILIZER,100,100,10000
143,WHEAT,30,30,9976
143,CARROT,35,35,9994
143,TOMATO,61,61,9994
143,STRAWBERRY,161,161,9976
143,MELON,267,267,9994
143,EGG,51,51,9976
143,MILK,181,181,9994
143,WOOL,217,217,9994
143,FERTILIZER,100,100,10000
144,WHEAT,30,30,9976
144,CARROT,35,35,9994
144,TOMATO,61,61,9994
144,STRAWBERRY,161,161,9976
144,MELON,267,267,9994
144,EGG,51,51,9976
144,MILK,181,181,9994
144,WOOL,217,217,9994
144,FERTILIZER,100,100,10000
145,WHEAT,30,30,9974
145,CARROT,36,35,9993
145,TOMATO,61,61,9993
145,STRAWBERRY,163,161,9974
145,MELON,268,267,9993
145,EGG,52,51,9974
145,MILK,183,181,9993
145,WOOL,220,217,9991
145,FERTILIZER,100,100,10000
146,WHEAT,30,30,9974
146,CARROT,36,36,9993
146,TOMATO,61,61,9993
146,STRAWBERRY,163,163,9974
146,MELON,268,268,9993
146,EGG,52,52,9974
146,MILK,183,183,9993
146,WOOL,220,220,9991
146,FERTILIZER,100,100,10000
147,WHEAT,30,30,9974
147,CARROT,36,36,9993
147,TOMATO,61,61,9993
147,STRAWBERRY,163,163,9974
147,MELON,268,268,9993
147,EGG,52,52,9974
147,MILK,183,183,9993
147,WOOL,220,220,9991
147,FERTILIZER,100,100,10000
148,WHEAT,30,30,9974
148,CARROT,36,36,9993
148,TOMATO,61,61,9993
148,STRAWBERRY,163,163,9974
148,MELON,268,268,9993
148,EGG,52,52,9974
148,MILK,183,183,9993
148,WOOL,220,220,9991
148,FERTILIZER,100,100,10000
149,WHEAT,30,30,9973
149,CARROT,36,36,9993
149,TOMATO,61,61,9993
149,STRAWBERRY,164,163,9973
149,MELON,268,268,9993
149,EGG,52,52,9973
149,MILK,183,183,9993
149,WOOL,221,220,9989
149,FERTILIZER,100,100,10000
150,WHEAT,30,30,9973
150,CARROT,36,36,9993
150,TOMATO,61,61,9993
150,STRAWBERRY,164,164,9973
150,MELON,268,268,9993
150,EGG,52,52,9973
150,MILK,183,183,9993
150,WOOL,221,221,9989
150,FERTILIZER,100,100,10000
151,WHEAT,30,30,9973
151,CARROT,36,36,9993
151,TOMATO,61,61,9993
151,STRAWBERRY,164,164,9973
151,MELON,268,268,9993
151,EGG,52,52,9973
151,MILK,183,183,9993
151,WOOL,221,221,9989
151,FERTILIZER,100,100,10000
152,WHEAT,30,30,9973
152,CARROT,36,36,9993
152,TOMATO,61,61,9993
152,STRAWBERRY,164,164,9973
152,MELON,268,268,9993
152,EGG,52,52,9973
152,MILK,183,183,9993
152,WOOL,221,221,9989
152,FERTILIZER,100,100,10000
153,WHEAT,30,30,9972
153,CARROT,36,36,9993
153,TOMATO,61,61,9993
153,STRAWBERRY,164,164,9972
153,MELON,268,268,9993
153,EGG,52,52,9972
153,MILK,183,183,9993
153,WOOL,223,221,9987
153,FERTILIZER,100,100,10000
154,WHEAT,30,30,9972
154,CARROT,36,36,9993
154,TOMATO,61,61,9993
154,STRAWBERRY,164,164,9972
154,MELON,268,268,9993
154,EGG,52,52,9972
154,MILK,183,183,9993
154,WOOL,223,223,9987
154,FERTILIZER,100,100,10000
155,WHEAT,30,30,9972
155,CARROT,36,36,9993
155,TOMATO,61,61,9993
155,STRAWBERRY,164,164,9972
155,MELON,268,268,9993
155,EGG,52,52,9972
155,MILK,183,183,9993
155,WOOL,223,223,9987
155,FERTILIZER,100,100,10000
156,WHEAT,30,30,9972
156,CARROT,36,36,9993
156,TOMATO,61,61,9993
156,STRAWBERRY,164,164,9972
156,MELON,268,268,9993
156,EGG,52,52,9972
156,MILK,183,183,9993
156,WOOL,223,223,9987
156,FERTILIZER,100,100,10000
157,WHEAT,30,30,9971
157,CARROT,36,36,9993
157,TOMATO,61,61,9993
157,STRAWBERRY,165,164,9971
157,MELON,268,268,9993
157,EGG,52,52,9971
157,MILK,183,183,9993
157,WOOL,224,223,9985
157,FERTILIZER,100,100,10000
158,WHEAT,30,30,9971
158,CARROT,36,36,9993
158,TOMATO,61,61,9993
158,STRAWBERRY,165,165,9971
158,MELON,268,268,9993
158,EGG,52,52,9971
158,MILK,183,183,9993
158,WOOL,224,224,9985
158,FERTILIZER,100,100,10000
159,WHEAT,30,30,9971
159,CARROT,36,36,9993
159,TOMATO,61,61,9993
159,STRAWBERRY,165,165,9971
159,MELON,268,268,9993
159,EGG,52,52,9971
159,MILK,183,183,9993
159,WOOL,224,224,9985
159,FERTILIZER,100,100,10000
160,WHEAT,30,30,9971
160,CARROT,36,36,9993
160,TOMATO,61,61,9993
160,STRAWBERRY,165,165,9971
160,MELON,268,268,9993
160,EGG,52,52,9971
160,MILK,183,183,9993
160,WOOL,224,224,9985
160,FERTILIZER,100,100,10000
161,WHEAT,30,30,9970
161,CARROT,36,36,9993
161,TOMATO,61,61,9993
161,STRAWBERRY,166,165,9970
161,MELON,268,268,9993
161,EGG,52,52,9970
161,MILK,183,183,9993
161,WOOL,225,224,9983
161,FERTILIZER,100,100,10000
162,WHEAT,30,30,9970
162,CARROT,36,36,9993
162,TOMATO,61,61,9993
162,STRAWBERRY,166,166,9970
162,MELON,268,268,9993
162,EGG,52,52,9970
162,MILK,183,183,9993
162,WOOL,225,225,9983
162,FERTILIZER,100,100,10000
163,WHEAT,30,30,9970
163,CARROT,36,36,9993
163,TOMATO,61,61,9993
163,STRAWBERRY,166,166,9970
163,MELON,268,268,9993
163,EGG,52,52,9970
163,MILK,183,183,9993
163,WOOL,225,225,9983
163,FERTILIZER,100,100,10000
164,WHEAT,30,30,9970
164,CARROT,36,36,9993
164,TOMATO,61,61,9993
164,STRAWBERRY,166,166,9970
164,MELON,268,268,9993
164,EGG,52,52,9970
164,MILK,183,183,9993
164,WOOL,225,225,9983
164,FERTILIZER,100,100,10000
165,WHEAT,31,30,9969
165,CARROT,36,36,9993
165,TOMATO,61,61,9993
165,STRAWBERRY,167,166,9969
165,MELON,268,268,9993
165,EGG,52,52,9969
165,MILK,183,183,9993
165,WOOL,226,225,9981
165,FERTILIZER,100,100,10000
166,WHEAT,31,31,9969
166,CARROT,36,36,9993
166,TOMATO,61,61,9993
166,STRAWBERRY,167,167,9969
166,MELON,268,268,9993
166,EGG,52,52,9969
166,MILK,183,183,9993
166,WOOL,226,226,9981
166,FERTILIZER,100,100,10000
167,WHEAT,31,31,9969
167,CARROT,36,36,9993
167,TOMATO,61,61,9993
167,STRAWBERRY,167,167,9969
167,MELON,268,268,9993
167,EGG,52,52,9969
167,MILK,183,183,9993
167,WOOL,226,226,9981
167,FERTILIZER,100,100,10000
168,WHEAT,31,31,9969
168,CARROT,36,36,9993
168,TOMATO,61,61,9993
168,STRAWBERRY,167,167,9969
168,MELON,268,268,9993
168,EGG,52,52,9969
168,MILK,183,183,9993
168,WOOL,226,226,9981
168,FERTILIZER,100,100,10000
169,WHEAT,31,31,9967
169,CARROT,36,36,9992
169,TOMATO,61,61,9992
169,STRAWBERRY,168,167,9967
169,MELON,269,268,9992
169,EGG,52,52,9967
169,MILK,185,183,9992
169,WOOL,227,226,9978
169,FERTILIZER,100,100,10000
170,WHEAT,31,31,9967
170,CARROT,36,36,9992
170,TOMATO,61,61,9992
170,STRAWBERRY,168,168,9967
170,MELON,269,269,9992
170,EGG,52,52,9967
170,MILK,185,185,9992
170,WOOL,227,227,9978
170,FERTILIZER,100,100,10000
171,WHEAT,31,31,9967
171,CARROT,36,36,9992
171,TOMATO,61,61,9992
171,STRAWBERRY,168,168,9967
171,MELON,269,269,9992
171,EGG,52,52,9967
171,MILK,185,185,9992
171,WOOL,227,227,9978
171,FERTILIZER,100,100,10000
172,WHEAT,31,31,9967
172,CARROT,36,36,9992
172,TOMATO,61,61,9992
172,STRAWBERRY,168,168,9967
172,MELON,269,269,9992
172,EGG,52,52,9967
172,MILK,185,185,9992
172,WOOL,227,227,9978
172,FERTILIZER,100,100,10000
173,WHEAT,31,31,9966
173,CARROT,36,36,9992
173,TOMATO,61,61,9992
173,STRAWBERRY,169,168,9966
173,MELON,269,269,9992
173,EGG,52,52,9966
173,MILK,185,185,9992
173,WOOL,228,227,9976
173,FERTILIZER,100,100,10000
174,WHEAT,31,31,9966
174,CARROT,36,36,9992
174,TOMATO,61,61,9992
174,STRAWBERRY,169,169,9966
174,MELON,269,269,9992
174,EGG,52,52,9966
174,MILK,185,185,9992
174,WOOL,228,228,9976
174,FERTILIZER,100,100,10000
175,WHEAT,31,31,9966
175,CARROT,36,36,9992
175,TOMATO,61,61,9992
175,STRAWBERRY,169,169,9966
175,MELON,269,269,9992
175,EGG,52,52,9966
175,MILK,185,185,9992
175,WOOL,228,228,9976
175,FERTILIZER,100,100,10000
176,WHEAT,31,31,9966
176,CARROT,36,36,9992
176,TOMATO,61,61,9992
176,STRAWBERRY,169,169,9966
176,MELON,269,269,9992
176,EGG,52,52,9966
176,MILK,185,185,9992
176,WOOL,228,228,9976
176,FERTILIZER,100,100,10000
177,WHEAT,31,31,9965
177,CARROT,36,36,9992
177,TOMATO,61,61,9992
177,STRAWBERRY,170,169,9965
177,MELON,269,269,9992
177,EGG,52,52,9965
177,MILK,185,185,9992
177,WOOL,228,228,9974
177,FERTILIZER,100,100,10000
178,WHEAT,31,31,9965
178,CARROT,36,36,9992
178,TOMATO,61,61,9992
178,STRAWBERRY,170,170,9965
178,MELON,269,269,9992
178,EGG,52,52,9965
178,MILK,185,185,9992
178,WOOL,228,228,9974
178,FERTILIZER,100,100,10000
179,WHEAT,31,31,9965
179,CARROT,36,36,9992
179,TOMATO,61,61,9992
179,STRAWBERRY,170,170,9965
179,MELON,269,269,9992
179,EGG,52,52,9965
179,MILK,185,185,9992
179,WOOL,228,228,9974
179,FERTILIZER,100,100,10000
180,WHEAT,31,31,9965
180,CARROT,36,36,9992
180,TOMATO,61,61,9992
180,STRAWBERRY,170,170,9965
180,MELON,269,269,9992
180,EGG,52,52,9965
180,MILK,185,185,9992
180,WOOL,228,228,9974
180,FERTILIZER,100,100,10000
181,WHEAT,31,31,9964
181,CARROT,36,36,9992
181,TOMATO,61,61,9992
181,STRAWBERRY,170,170,9964
181,MELON,269,269,9992
181,EGG,52,52,9964
181,MILK,185,185,9992
181,WOOL,229,228,9972
181,FERTILIZER,100,100,10000
182,WHEAT,31,31,9964
182,CARROT,36,36,9992
182,TOMATO,61,61,9992
182,STRAWBERRY,170,170,9964
182,MELON,269,269,9992
182,EGG,52,52,9964
182,MILK,185,185,9992
182,WOOL,229,229,9972
182,FERTILIZER,100,100,10000
183,WHEAT,31,31,9964
183,CARROT,36,36,9992
183,TOMATO,61,61,9992
183,STRAWBERRY,170,170,9964
183,MELON,269,269,9992
183,EGG,52,52,9964
183,MILK,185,185,9992
183,WOOL,229,229,9972
183,FERTILIZER,100,100,10000
184,WHEAT,31,31,9964
184,CARROT,36,36,9992
184,TOMATO,61,61,9992
184,STRAWBERRY,170,170,9964
184,MELON,269,269,9992
184,EGG,52,52,9964
184,MILK,185,185,9992
184,WOOL,229,229,9972
184,FERTILIZER,100,100,10000
185,WHEAT,31,31,9963
185,CARROT,36,36,9992
185,TOMATO,61,61,9992
185,STRAWBERRY,171,170,9963
185,MELON,269,269,9992
185,EGG,52,52,9963
185,MILK,185,185,9992
185,WOOL,229,229,9970
185,FERTILIZER,100,100,10000
186,WHEAT,31,31,9963
186,CARROT,36,36,9992
186,TOMATO,61,61,9992
186,STRAWBERRY,171,171,9963
186,MELON,269,269,9992
186,EGG,52,52,9963
186,MILK,185,185,9992
186,WOOL,229,229,9970
186,FERTILIZER,100,100,10000
187,WHEAT,31,31,9963
187,CARROT,36,36,9992
187,TOMATO,61,61,9992
187,STRAWBERRY,171,171,9963
187,MELON,269,269,9992
187,EGG,52,52,9963
187,MILK,185,185,9992
187,WOOL,229,229,9970
187,FERTILIZER,100,100,10000
188,WHEAT,31,31,9963
188,CARROT,36,36,9992
188,TOMATO,61,61,9992
188,STRAWBERRY,171,171,9963
188,MELON,269,269,9992
188,EGG,52,52,9963
188,MILK,185,185,9992
188,WOOL,229,229,9970
188,FERTILIZER,100,100,10000
189,WHEAT,31,31,9962
189,CARROT,36,36,9992
189,TOMATO,61,61,9992
189,STRAWBERRY,172,171,9962
189,MELON,269,269,9992
189,EGG,52,52,9962
189,MILK,185,185,9992
189,WOOL,230,229,9968
189,FERTILIZER,100,100,10000
190,WHEAT,31,31,9962
190,CARROT,36,36,9992
190,TOMATO,61,61,9992
190,STRAWBERRY,172,172,9962
190,MELON,269,269,9992
190,EGG,52,52,9962
190,MILK,185,185,9992
190,WOOL,230,230,9968
190,FERTILIZER,100,100,10000
191,WHEAT,31,31,9962
191,CARROT,36,36,9992
191,TOMATO,61,61,9992
191,STRAWBERRY,172,172,9962
191,MELON,269,269,9992
191,EGG,52,52,9962
191,MILK,185,185,9992
191,WOOL,230,230,9968
191,FERTILIZER,100,100,10000
192,WHEAT,31,31,9962
192,CARROT,36,36,9992
192,TOMATO,61,61,9992
192,STRAWBERRY,172,172,9962
192,MELON,269,269,9992
192,EGG,52,52,9962
192,MILK,185,185,9992
192,WOOL,230,230,9968
192,FERTILIZER,100,100,10000
193,WHEAT,31,31,9960
193,CARROT,36,36,9991
193,TOMATO,61,61,9991
193,STRAWBERRY,173,172,9960
193,MELON,270,269,9991
193,EGG,52,52,9960
193,MILK,186,185,9991
193,WOOL,231,230,9965
193,FERTILIZER,100,100,10000
194,WHEAT,31,31,9960
194,CARROT,36,36,9991
194,TOMATO,61,61,9991
194,STRAWBERRY,173,173,9960
194,MELON,270,270,9991
194,EGG,52,52,9960
194,MILK,186,186,9991
194,WOOL,231,231,9965
194,FERTILIZER,100,100,10000
195,WHEAT,31,31,9960
195,CARROT,36,36,9991
195,TOMATO,61,61,9991
195,STRAWBERRY,173,173,9960
195,MELON,270,270,9991
195,EGG,52,52,9960
195,MILK,186,186,9991
195,WOOL,231,231,9965
195,FERTILIZER,100,100,10000
196,WHEAT,31,31,9960
196,CARROT,36,36,9991
196,TOMATO,61,61,9991
196,STRAWBERRY,173,173,9960
196,MELON,270,270,9991
196,EGG,52,52,9960
196,MILK,186,186,9991
196,WOOL,231,231,9965
196,FERTILIZER,100,100,10000
197,WHEAT,31,31,9959
197,CARROT,36,36,9991
197,TOMATO,61,61,9991
197,STRAWBERRY,174,173,9959
197,MELON,270,270,9991
197,EGG,52,52,9959
197,MILK,186,186,9991
197,WOOL,231,231,9963
197,FERTILIZER,100,100,10000
198,WHEAT,31,31,9959
198,CARROT,36,36,9991
198,TOMATO,61,61,9991
198,STRAWBERRY,174,174,9959
198,MELON,270,270,9991
198,EGG,52,52,9959
198,MILK,186,186,9991
198,WOOL,231,231,9963
198,FERTILIZER,100,100,10000
199,WHEAT,31,31,9959
199,CARROT,36,36,9991
199,TOMATO,61,61,9991
199,STRAWBERRY,174,174,9959
199,MELON,270,270,9991
199,EGG,52,52,9959
199,MILK,186,186,9991
199,WOOL,231,231,9963
199,FERTILIZER,100,100,10000
200,WHEAT,31,31,9959
200,CARROT,36,36,9991
200,TOMATO,61,61,9991
200,STRAWBERRY,174,174,9959
200,MELON,270,270,9991
200,EGG,52,52,9959
200,MILK,186,186,9991
200,WOOL,231,231,9963
200,FERTILIZER,100,100,10000
201,WHEAT,31,31,9958
201,CARROT,36,36,9991
201,TOMATO,61,61,9991
201,STRAWBERRY,174,174,9958
201,MELON,270,270,9991
201,EGG,53,52,9958
201,MILK,186,186,9991
201,WOOL,232,231,9961
201,FERTILIZER,100,100,10000
202,WHEAT,31,31,9958
202,CARROT,36,36,9991
202,TOMATO,61,61,9991
202,STRAWBERRY,174,174,9958
202,MELON,270,270,9991
202,EGG,53,53,9958
202,MILK,186,186,9991
202,WOOL,232,232,9961
202,FERTILIZER,100,100,10000
203,WHEAT,31,31,9958
203,CARROT,36,36,9991
203,TOMATO,61,61,9991
203,STRAWBERRY,174,174,9958
203,MELON,270,270,9991
203,EGG,53,53,9958
203,MILK,186,186,9991
203,WOOL,232,232,9961
203,FERTILIZER,100,100,10000
204,WHEAT,31,31,9958
204,CARROT,36,36,9991
204,TOMATO,61,61,9991
204,STRAWBERRY,174,174,9958
204,MELON,270,270,9991
204,EGG,53,53,9958
204,MILK,186,186,9991
204,WOOL,232,232,9961
204,FERTILIZER,100,100,10000
205,WHEAT,32,31,9957
205,CARROT,36,36,9991
205,TOMATO,61,61,9991
205,STRAWBERRY,175,174,9957
205,MELON,270,270,9991
205,EGG,53,53,9957
205,MILK,186,186,9991
205,WOOL,232,232,9959
205,FERTILIZER,100,100,10000
206,WHEAT,32,32,9957
206,CARROT,36,36,9991
206,TOMATO,61,61,9991
206,STRAWBERRY,175,175,9957
206,MELON,270,270,9991
206,EGG,53,53,9957
206,MILK,186,186,9991
206,WOOL,232,232,9959
206,FERTILIZER,100,100,10000
207,WHEAT,32,32,9957
207,CARROT,36,36,9991
207,TOMATO,61,61,9991
207,STRAWBERRY,175,175,9957
207,MELON,270,270,9991
207,EGG,53,53,9957
207,MILK,186,186,9991
207,WOOL,232,232,9959
207,FERTILIZER,100,100,10000
208,WHEAT,32,32,9957
208,CARROT,36,36,9991
208,TOMATO,61,61,9991
208,STRAWBERRY,175,175,9957
208,MELON,270,270,9991
208,EGG,53,53,9957
208,MILK,186,186,9991
208,WOOL,232,232,9959
208,FERTILIZER,100,100,10000
209,WHEAT,32,32,9956
209,CARROT,36,36,9991
209,TOMATO,61,61,9991
209,STRAWBERRY,176,175,9956
209,MELON,270,270,9991
209,EGG,53,53,9956
209,MILK,186,186,9991
209,WOOL,232,232,9957
209,FERTILIZER,100,100,10000
210,WHEAT,32,32,9956
210,CARROT,36,36,9991
210,TOMATO,61,61,9991
210,STRAWBERRY,176,176,9956
210,MELON,270,270,9991
210,EGG,53,53,9956
210,MILK,186,186,9991
210,WOOL,232,232,9957
210,FERTILIZER,100,100,10000
211,WHEAT,32,32,9956
211,CARROT,36,36,9991
211,TOMATO,61,61,9991
211,STRAWBERRY,176,176,9956
211,MELON,270,270,9991
211,EGG,53,53,9956
211,MILK,186,186,9991
211,WOOL,232,232,9957
211,FERTILIZER,100,100,10000
212,WHEAT,32,32,9956
212,CARROT,36,36,9991
212,TOMATO,61,61,9991
212,STRAWBERRY,176,176,9956
212,MELON,270,270,9991
212,EGG,53,53,9956
212,MILK,186,186,9991
212,WOOL,232,232,9957
212,FERTILIZER,100,100,10000
213,WHEAT,32,32,9955
213,CARROT,36,36,9991
213,TOMATO,61,61,9991
213,STRAWBERRY,176,176,9955
213,MELON,270,270,9991
213,EGG,53,53,9955
213,MILK,186,186,9991
213,WOOL,233,232,9955
213,FERTILIZER,100,100,10000
214,WHEAT,32,32,9955
214,CARROT,36,36,9991
214,TOMATO,61,61,9991
214,STRAWBERRY,176,176,9955
214,MELON,270,270,9991
214,EGG,53,53,9955
214,MILK,186,186,9991
214,WOOL,233,233,9955
214,FERTILIZER,100,100,10000
215,WHEAT,32,32,9955
215,CARROT,36,36,9991
215,TOMATO,61,61,9991
215,STRAWBERRY,176,176,9955
215,MELON,270,270,9991
215,EGG,53,53,9955
215,MILK,186,186,9991
215,WOOL,233,233,9955
215,FERTILIZER,100,100,10000
216,WHEAT,32,32,9955
216,CARROT,36,36,9991
216,TOMATO,61,61,9991
216,STRAWBERRY,176,176,9955
216,MELON,270,270,9991
216,EGG,53,53,9955
216,MILK,186,186,9991
216,WOOL,233,233,9955
216,FERTILIZER,100,100,10000
217,WHEAT,32,32,9952
217,CARROT,36,36,9990
217,TOMATO,61,61,9990
217,STRAWBERRY,178,176,9953
217,MELON,271,270,9990
217,EGG,53,53,9952
217,MILK,187,186,9990
217,WOOL,233,233,9952
217,FERTILIZER,100,100,10000
218,WHEAT,32,32,9952
218,CARROT,36,36,9990
218,TOMATO,61,61,9990
218,STRAWBERRY,178,178,9953
218,MELON,271,271,9990
218,EGG,53,53,9952
218,MILK,187,187,9990
218,WOOL,233,233,9952
218,FERTILIZER,100,100,10000
219,WHEAT,32,32,9952
219,CARROT,36,36,9990
219,TOMATO,61,61,9990
219,STRAWBERRY,178,178,9953
219,MELON,271,271,9990
219,EGG,53,53,9952
219,MILK,187,187,9990
219,WOOL,233,233,9952
219,FERTILIZER,100,100,10000
220,WHEAT,32,32,9952
220,CARROT,36,36,9990
220,TOMATO,61,61,9990
220,STRAWBERRY,178,178,9953
220,MELON,271,271,9990
220,EGG,53,53,9952
220,MILK,187,187,9990
220,WOOL,233,233,9952
220,FERTILIZER,100,100,10000
221,WHEAT,32,32,9950
221,CARROT,36,36,9990
221,TOMATO,61,61,9990
221,STRAWBERRY,178,178,9952
221,MELON,271,271,9990
221,EGG,53,53,9950
221,MILK,187,187,9990
221,WOOL,234,233,9950
221,FERTILIZER,100,100,10000
222,WHEAT,32,32,9950
222,CARROT,36,36,9990
222,TOMATO,61,61,9990
222,STRAWBERRY,178,178,9952
222,MELON,271,271,9990
222,EGG,53,53,9950
222,MILK,187,187,9990
222,WOOL,234,234,9950
222,FERTILIZER,100,100,10000
223,WHEAT,32,32,9950
223,CARROT,36,36,9990
223,TOMATO,61,61,9990
223,STRAWBERRY,178,178,9952
223,MELON,271,271,9990
223,EGG,53,53,9950
223,MILK,187,187,9990
223,WOOL,234,234,9950
223,FERTILIZER,100,100,10000
224,WHEAT,32,32,9950
224,CARROT,36,36,9990
224,TOMATO,61,61,9990
224,STRAWBERRY,178,178,9952
224,MELON,271,271,9990
224,EGG,53,53,9950
224,MILK,187,187,9990
224,WOOL,234,234,9950
224,FERTILIZER,100,100,10000
225,WHEAT,32,32,9948
225,CARROT,36,36,9990
225,TOMATO,61,61,9990
225,STRAWBERRY,179,178,9951
225,MELON,271,271,9990
225,EGG,53,53,9948
225,MILK,187,187,9990
225,WOOL,234,234,9948
225,FERTILIZER,100,100,10000
226,WHEAT,32,32,9948
226,CARROT,36,36,9990
226,TOMATO,61,61,9990
226,STRAWBERRY,179,179,9951
226,MELON,271,271,9990
226,EGG,53,53,9948
226,MILK,187,187,9990
226,WOOL,234,234,9948
226,FERTILIZER,100,100,10000
227,WHEAT,32,32,9948
227,CARROT,36,36,9990
227,TOMATO,61,61,9990
227,STRAWBERRY,179,179,9951
227,MELON,271,271,9990
227,EGG,53,53,9948
227,MILK,187,187,9990
227,WOOL,234,234,9948
227,FERTILIZER,100,100,10000
228,WHEAT,32,32,9948
228,CARROT,36,36,9990
228,TOMATO,61,61,9990
228,STRAWBERRY,179,179,9951
228,MELON,271,271,9990
228,EGG,53,53,9948
228,MILK,187,187,9990
228,WOOL,234,234,9948
228,FERTILIZER,100,100,10000
229,WHEAT,32,32,9946
229,CARROT,36,36,9990
229,TOMATO,61,61,9990
229,STRAWBERRY,179,179,9950
229,MELON,271,271,9990
229,EGG,53,53,9946
229,MILK,187,187,9990
229,WOOL,234,234,9946
229,FERTILIZER,100,100,10000
230,WHEAT,32,32,9946
230,CARROT,36,36,9990
230,TOMATO,61,61,9990
230,STRAWBERRY,179,179,9950
230,MELON,271,271,9990
230,EGG,53,53,9946
230,MILK,187,187,9990
230,WOOL,234,234,9946
230,FERTILIZER,100,100,10000
231,WHEAT,32,32,9946
231,CARROT,36,36,9990
231,TOMATO,61,61,9990
231,STRAWBERRY,179,179,9950
231,MELON,271,271,9990
231,EGG,53,53,9946
231,MILK,187,187,9990
231,WOOL,234,234,9946
231,FERTILIZER,100,100,10000
232,WHEAT,32,32,9946
232,CARROT,36,36,9990
232,TOMATO,61,61,9990
232,STRAWBERRY,179,179,9950
232,MELON,271,271,9990
232,EGG,53,53,9946
232,MILK,187,187,9990
232,WOOL,234,234,9946
232,FERTILIZER,100,100,10000
233,WHEAT,32,32,9944
233,CARROT,36,36,9990
233,TOMATO,61,61,9990
233,STRAWBERRY,180,179,9949
233,MELON,271,271,9990
233,EGG,53,53,9944
233,MILK,187,187,9990
233,WOOL,235,234,9944
233,FERTILIZER,100,100,10000
234,WHEAT,32,32,9944
234,CARROT,36,36,9990
234,TOMATO,61,61,9990
234,STRAWBERRY,180,180,9949
234,MELON,271,271,9990
234,EGG,53,53,9944
234,MILK,187,187,9990
234,WOOL,235,235,9944
234,FERTILIZER,100,100,10000
235,WHEAT,32,32,9944
235,CARROT,36,36,9990
235,TOMATO,61,61,9990
235,STRAWBERRY,180,180,9949
235,MELON,271,271,9990
235,EGG,53,53,9944
235,MILK,187,187,9990
235,WOOL,235,235,9944
235,FERTILIZER,100,100,10000
236,WHEAT,32,32,9944
236,CARROT,36,36,9990
236,TOMATO,61,61,9990
236,STRAWBERRY,180,180,9949
236,MELON,271,271,9990
236,EGG,53,53,9944
236,MILK,187,187,9990
236,WOOL,235,235,9944
236,FERTILIZER,100,100,10000
237,WHEAT,33,32,9942
237,CARROT,36,36,9990
237,TOMATO,61,61,9990
237,STRAWBERRY,181,180,9948
237,MELON,271,271,9990
237,EGG,53,53,9942
237,MILK,187,187,9990
237,WOOL,235,235,9942
237,FERTILIZER,100,100,10000
238,WHEAT,33,33,9942
238,CARROT,36,36,9990
238,TOMATO,61,61,9990
238,STRAWBERRY,181,181,9948
238,MELON,271,271,9990
238,EGG,53,53,9942
238,MILK,187,187,9990
238,WOOL,235,235,9942
238,FERTILIZER,100,100,10000
239,WHEAT,33,33,9942
239,CARROT,36,36,9990
239,TOMATO,61,61,9990
239,STRAWBERRY,181,181,9948
239,MELON,271,271,9990
239,EGG,53,53,9942
239,MILK,187,187,9990
239,WOOL,235,235,9942
239,FERTILIZER,100,100,10000
240,WHEAT,33,33,9942
240,CARROT,36,36,9990
240,TOMATO,61,61,9990
240,STRAWBERRY,181,181,9948
240,MELON,271,271,9990
240,EGG,53,53,9942
240,MILK,187,187,9990
240,WOOL,235,235,9942
240,FERTILIZER,100,100,10000
241,WHEAT,33,33,9939
241,CARROT,36,36,9989
241,TOMATO,61,61,9989
241,STRAWBERRY,182,181,9946
241,MELON,272,271,9989
241,EGG,54,53,9939
241,MILK,189,187,9989
241,WOOL,235,235,9939
241,FERTILIZER,100,100,10000
242,WHEAT,33,33,9939
242,CARROT,36,36,9989
242,TOMATO,61,61,9989
242,STRAWBERRY,182,182,9946
242,MELON,272,272,9989
242,EGG,54,54,9939
242,MILK,189,189,9989
242,WOOL,235,235,9939
242,FERTILIZER,100,100,10000
243,WHEAT,33,33,9939
243,CARROT,36,36,9989
243,TOMATO,61,61,9989
243,STRAWBERRY,182,182,9946
243,MELON,272,272,9989
243,EGG,54,54,9939
243,MILK,189,189,9989
243,WOOL,235,235,9939
243,FERTILIZER,100,100,10000
244,WHEAT,33,33,9939
244,CARROT,36,36,9989
244,TOMATO,61,61,9989
244,STRAWBERRY,182,182,9946
244,MELON,272,272,9989
244,EGG,54,54,9939
244,MILK,189,189,9989
244,WOOL,235,235,9939
244,FERTILIZER,100,100,10000
245,WHEAT,33,33,9937
245,CARROT,36,36,9989
245,TOMATO,61,61,9989
245,STRAWBERRY,182,182,9945
245,MELON,272,272,9989
245,EGG,54,54,9937
245,MILK,189,189,9989
245,WOOL,236,235,9937
245,FERTILIZER,100,100,10000
246,WHEAT,33,33,9937
246,CARROT,36,36,9989
246,TOMATO,61,61,9989
246,STRAWBERRY,182,182,9945
246,MELON,272,272,9989
246,EGG,54,54,9937
246,MILK,189,189,9989
246,WOOL,236,236,9937
246,FERTILIZER,100,100,10000
247,WHEAT,33,33,9937
247,CARROT,36,36,9989
247,TOMATO,61,61,9989
247,STRAWBERRY,182,182,9945
247,MELON,272,272,9989
247,EGG,54,54,9937
247,MILK,189,189,9989
247,WOOL,236,236,9937
247,FERTILIZER,100,100,10000
248,WHEAT,33,33,9937
248,CARROT,36,36,9989
248,TOMATO,61,61,9989
248,STRAWBERRY,182,182,9945
248,MELON,272,272,9989
248,EGG,54,54,9937
248,MILK,189,189,9989
248,WOOL,236,236,9937
248,FERTILIZER,100,100,10000
249,WHEAT,33,33,9935
249,CARROT,36,36,9989
249,TOMATO,61,61,9989
249,STRAWBERRY,183,182,9944
249,MELON,272,272,9989
249,EGG,54,54,9935
249,MILK,189,189,9989
249,WOOL,236,236,9935
249,FERTILIZER,100,100,10000
250,WHEAT,33,33,9935
250,CARROT,36,36,9989
250,TOMATO,61,61,9989
250,STRAWBERRY,183,183,9944
250,MELON,272,272,9989
250,EGG,54,54,9935
250,MILK,189,189,9989
250,WOOL,236,236,9935
250,FERTILIZER,100,100,10000
251,WHEAT,33,33,9935
251,CARROT,36,36,9989
251,TOMATO,61,61,9989
251,STRAWBERRY,183,183,9944
251,MELON,272,272,9989
251,EGG,54,54,9935
251,MILK,189,189,9989
251,WOOL,236,236,9935
251,FERTILIZER,100,100,10000
252,WHEAT,33,33,9935
252,CARROT,36,36,9989
252,TOMATO,61,61,9989
252,STRAWBERRY,183,183,9944
252,MELON,272,272,9989
252,EGG,54,54,9935
252,MILK,189,189,9989
252,WOOL,236,236,9935
252,FERTILIZER,100,100,10000
253,WHEAT,33,33,9933
253,CARROT,36,36,9989
253,TOMATO,61,61,9989
253,STRAWBERRY,183,183,9943
253,MELON,272,272,9989
253,EGG,54,54,9933
253,MILK,189,189,9989
253,WOOL,236,236,9933
253,FERTILIZER,100,100,10000
254,WHEAT,33,33,9933
254,CARROT,36,36,9989
254,TOMATO,61,61,9989
254,STRAWBERRY,183,183,9943
254,MELON,272,272,9989
254,EGG,54,54,9933
254,MILK,189,189,9989
254,WOOL,236,236,9933
254,FERTILIZER,100,100,10000
255,WHEAT,33,33,9933
255,CARROT,36,36,9989
255,TOMATO,61,61,9989
255,STRAWBERRY,183,183,9943
255,MELON,272,272,9989
255,EGG,54,54,9933
255,MILK,189,189,9989
255,WOOL,236,236,9933
255,FERTILIZER,100,100,10000
256,WHEAT,33,33,9933
256,CARROT,36,36,9989
256,TOMATO,61,61,9989
256,STRAWBERRY,183,183,9943
256,MELON,272,272,9989
256,EGG,54,54,9933
256,MILK,189,189,9989
256,WOOL,236,236,9933
256,FERTILIZER,100,100,10000
257,WHEAT,33,33,9931
257,CARROT,36,36,9989
257,TOMATO,61,61,9989
257,STRAWBERRY,184,183,9942
257,MELON,272,272,9989
257,EGG,54,54,9931
257,MILK,189,189,9989
257,WOOL,236,236,9931
257,FERTILIZER,100,100,10000
258,WHEAT,33,33,9931
258,CARROT,36,36,9989
258,TOMATO,61,61,9989
258,STRAWBERRY,184,184,9942
258,MELON,272,272,9989
258,EGG,54,54,9931
258,MILK,189,189,9989
258,WOOL,236,236,9931
258,FERTILIZER,100,100,10000
259,WHEAT,33,33,9931
259,CARROT,36,36,9989
259,TOMATO,61,61,9989
259,STRAWBERRY,184,184,9942
259,MELON,272,272,9989
259,EGG,54,54,9931
259,MILK,189,189,9989
259,WOOL,236,236,9931
259,FERTILIZER,100,100,10000
260,WHEAT,33,33,9931
260,CARROT,36,36,9989
260,TOMATO,61,61,9989
260,STRAWBERRY,184,184,9942
260,MELON,272,272,9989
260,EGG,54,54,9931
260,MILK,189,189,9989
260,WOOL,236,236,9931
260,FERTILIZER,100,100,10000
261,WHEAT,33,33,9929
261,CARROT,36,36,9989
261,TOMATO,61,61,9989
261,STRAWBERRY,185,184,9941
261,MELON,272,272,9989
261,EGG,54,54,9929
261,MILK,189,189,9989
261,WOOL,237,236,9929
261,FERTILIZER,100,100,10000
262,WHEAT,33,33,9929
262,CARROT,36,36,9989
262,TOMATO,61,61,9989
262,STRAWBERRY,185,185,9941
262,MELON,272,272,9989
262,EGG,54,54,9929
262,MILK,189,189,9989
262,WOOL,237,237,9929
262,FERTILIZER,100,100,10000
263,WHEAT,33,33,9929
263,CARROT,36,36,9989
263,TOMATO,61,61,9989
263,STRAWBERRY,185,185,9941
263,MELON,272,272,9989
263,EGG,54,54,9929
263,MILK,189,189,9989
263,WOOL,237,237,9929
263,FERTILIZER,100,100,10000
264,WHEAT,33,33,9929
264,CARROT,36,36,9989
264,TOMATO,61,61,9989
264,STRAWBERRY,185,185,9941
264,MELON,272,272,9989
264,EGG,54,54,9929
264,MILK,189,189,9989
264,WOOL,237,237,9929
264,FERTILIZER,100,100,10000
265,WHEAT,34,33,9926
265,CARROT,36,36,9988
265,TOMATO,61,61,9988
265,STRAWBERRY,186,185,9939
265,MELON,272,272,9988
265,EGG,54,54,9926
265,MILK,190,189,9988
265,WOOL,237,237,9926
265,FERTILIZER,100,100,10000
266,WHEAT,34,34,9926
266,CARROT,36,36,9988
266,TOMATO,61,61,9988
266,STRAWBERRY,186,186,9939
266,MELON,272,272,9988
266,EGG,54,54,9926
266,MILK,190,190,9988
266,WOOL,237,237,9926
266,FERTILIZER,100,100,10000
267,WHEAT,34,34,9926
267,CARROT,36,36,9988
267,TOMATO,61,61,9988
267,STRAWBERRY,186,186,9939
267,MELON,272,272,9988
267,EGG,54,54,9926
267,MILK,190,190,9988
267,WOOL,237,237,9926
267,FERTILIZER,100,100,10000
268,WHEAT,34,34,9926
268,CARROT,36,36,9988
268,TOMATO,61,61,9988
268,STRAWBERRY,186,186,9939
268,MELON,272,272,9988
268,EGG,54,54,9926
268,MILK,190,190,9988
268,WOOL,237,237,9926
268,FERTILIZER,100,100,10000
269,WHEAT,34,34,9924
269,CARROT,36,36,9988
269,TOMATO,61,61,9988
269,STRAWBERRY,186,186,9938
269,MELON,272,272,9988
269,EGG,55,54,9924
269,MILK,190,190,9988
269,WOOL,237,237,9924
269,FERTILIZER,100,100,10000
270,WHEAT,34,34,9924
270,CARROT,36,36,9988
270,TOMATO,61,61,9988
270,STRAWBERRY,186,186,9938
270,MELON,272,272,9988
270,EGG,55,55,9924
270,MILK,190,190,9988
270,WOOL,237,237,9924
270,FERTILIZER,100,100,10000
271,WHEAT,34,34,9924
271,CARROT,36,36,9988
271,TOMATO,61,61,9988
271,STRAWBERRY,186,186,9938
271,MELON,272,272,9988
271,EGG,55,55,9924
271,MILK,190,190,9988
271,WOOL,237,237,9924
271,FERTILIZER,100,100,10000
272,WHEAT,34,34,9924
272,CARROT,36,36,9988
272,TOMATO,61,61,9988
272,STRAWBERRY,186,186,9938
272,MELON,272,272,9988
272,EGG,55,55,9924
272,MILK,190,190,9988
272,WOOL,237,237,9924
272,FERTILIZER,100,100,10000
273,WHEAT,34,34,9922
273,CARROT,36,36,9988
273,TOMATO,61,61,9988
273,STRAWBERRY,187,186,9937
273,MELON,272,272,9988
273,EGG,55,55,9922
273,MILK,190,190,9988
273,WOOL,237,237,9922
273,FERTILIZER,100,100,10000
274,WHEAT,34,34,9922
274,CARROT,36,36,9988
274,TOMATO,61,61,9988
274,STRAWBERRY,187,187,9937
274,MELON,272,272,9988
274,EGG,55,55,9922
274,MILK,190,190,9988
274,WOOL,237,237,9922
274,FERTILIZER,100,100,10000
275,WHEAT,34,34,9922
275,CARROT,36,36,9988
275,TOMATO,61,61,9988
275,STRAWBERRY,187,187,9937
275,MELON,272,272,9988
275,EGG,55,55,9922
275,MILK,190,190,9988
275,WOOL,237,237,9922
275,FERTILIZER,100,100,10000
276,WHEAT,34,34,9922
276,CARROT,36,36,9988
276,TOMATO,61,61,9988
276,STRAWBERRY,187,187,9937
276,MELON,272,272,9988
276,EGG,55,55,9922
276,MILK,190,190,9988
276,WOOL,237,237,9922
276,FERTILIZER,100,100,10000
277,WHEAT,34,34,9920
277,CARROT,36,36,9988
277,TOMATO,61,61,9988
277,STRAWBERRY,187,187,9936
277,MELON,272,272,9988
277,EGG,55,55,9920
277,MILK,190,190,9988
277,WOOL,238,237,9920
277,FERTILIZER,100,100,10000
278,WHEAT,34,34,9920
278,CARROT,36,36,9988
278,TOMATO,61,61,9988
278,STRAWBERRY,187,187,9936
278,MELON,272,272,9988
278,EGG,55,55,9920
278,MILK,190,190,9988
278,WOOL,238,238,9920
278,FERTILIZER,100,100,10000
279,WHEAT,34,34,9920
279,CARROT,36,36,9988
279,TOMATO,61,61,9988
279,STRAWBERRY,187,187,9936
279,MELON,272,272,9988
279,EGG,55,55,9920
279,MILK,190,190,9988
279,WOOL,238,238,9920
279,FERTILIZER,100,100,10000
280,WHEAT,34,34,9920
280,CARROT,36,36,9988
280,TOMATO,61,61,9988
280,STRAWBERRY,187,187,9936
280,MELON,272,272,9988
280,EGG,55,55,9920
280,MILK,190,190,9988
280,WOOL,238,238,9920
280,FERTILIZER,100,100,10000
281,WHEAT,34,34,9918
281,CARROT,36,36,9988
281,TOMATO,61,61,9988
281,STRAWBERRY,188,187,9935
281,MELON,272,272,9988
281,EGG,55,55,9918
281,MILK,190,190,9988
281,WOOL,238,238,9918
281,FERTILIZER,100,100,10000
282,WHEAT,34,34,9918
282,CARROT,36,36,9988
282,TOMATO,61,61,9988
282,STRAWBERRY,188,188,9935
282,MELON,272,272,9988
282,EGG,55,55,9918
282,MILK,190,190,9988
282,WOOL,238,238,9918
282,FERTILIZER,100,100,10000
283,WHEAT,34,34,9918
283,CARROT,36,36,9988
283,TOMATO,61,61,9988
283,STRAWBERRY,188,188,9935
283,MELON,272,272,9988
283,EGG,55,55,9918
283,MILK,190,190,9988
283,WOOL,238,238,9918
283,FERTILIZER,100,100,10000
284,WHEAT,34,34,9918
284,CARROT,36,36,9988
284,TOMATO,61,61,9988
284,STRAWBERRY,188,188,9935
284,MELON,272,272,9988
284,EGG,55,55,9918
284,MILK,190,190,9988
284,WOOL,238,238,9918
284,FERTILIZER,100,100,10000
285,WHEAT,34,34,9916
285,CARROT,36,36,9988
285,TOMATO,61,61,9988
285,STRAWBERRY,188,188,9934
285,MELON,268,272,9993
285,EGG,55,55,9916
285,MILK,190,190,9988
285,WOOL,238,238,9916
285,FERTILIZER,100,100,10000
286,WHEAT,34,34,9916
286,CARROT,36,36,9988
286,TOMATO,61,61,9988
286,STRAWBERRY,188,188,9934
286,MELON,268,268,9993
286,EGG,55,55,9916
286,MILK,190,190,9988
286,WOOL,238,238,9916
286,FERTILIZER,100,100,10000
287,WHEAT,34,34,9916
287,CARROT,36,36,9988
287,TOMATO,61,61,9988
287,STRAWBERRY,188,188,9934
287,MELON,268,268,9993
287,EGG,55,55,9916
287,MILK,190,190,9988
287,WOOL,238,238,9916
287,FERTILIZER,100,100,10000
288,WHEAT,34,34,9916
288,CARROT,36,36,9988
288,TOMATO,61,61,9988
288,STRAWBERRY,188,188,9934
288,MELON,268,268,9993
288,EGG,55,55,9916
288,MILK,190,190,9988
288,WOOL,238,238,9916
288,FERTILIZER,100,100,10000
289,WHEAT,34,34,9912
289,CARROT,36,36,9987
289,TOMATO,62,61,9987
289,STRAWBERRY,189,188,9932
289,MELON,269,268,9992
289,EGG,55,55,9912
289,MILK,191,190,9987
289,WOOL,238,238,9913
289,FERTILIZER,100,100,10000
290,WHEAT,34,34,9912
290,CARROT,36,36,9987
290,TOMATO,62,62,9987
290,STRAWBERRY,189,189,9932
290,MELON,269,269,9992
290,EGG,55,55,9912
290,MILK,191,191,9987
290,WOOL,238,238,9913
290,FERTILIZER,100,100,10000
291,WHEAT,34,34,9912
291,CARROT,36,36,9987
291,TOMATO,62,62,9987
291,STRAWBERRY,189,189,9932
291,MELON,269,269,9992
291,EGG,55,55,9912
291,MILK,191,191,9987
291,WOOL,238,238,9913
291,FERTILIZER,100,100,10000
292,WHEAT,34,34,9912
292,CARROT,36,36,9987
292,TOMATO,62,62,9987
292,STRAWBERRY,189,189,9932
292,MELON,269,269,9992
292,EGG,55,55,9912
292,MILK,191,191,9987
292,WOOL,238,238,9913
292,FERTILIZER,100,100,10000
293,WHEAT,35,34,9909
293,CARROT,36,36,9987
293,TOMATO,62,62,9987
293,STRAWBERRY,190,189,9931
293,MELON,269,269,9992
293,EGG,55,55,9909
293,MILK,191,191,9987
293,WOOL,239,238,9911
293,FERTILIZER,100,100,10000
294,WHEAT,35,35,9909
294,CARROT,36,36,9987
294,TOMATO,62,62,9987
294,STRAWBERRY,190,190,9931
294,MELON,269,269,9992
294,EGG,55,55,9909
294,MILK,191,191,9987
294,WOOL,239,239,9911
294,FERTILIZER,100,100,10000
295,WHEAT,35,35,9909
295,CARROT,36,36,9987
295,TOMATO,62,62,9987
295,STRAWBERRY,190,190,9931
295,MELON,269,269,9992
295,EGG,55,55,9909
295,MILK,191,191,9987
295,WOOL,239,239,9911
295,FERTILIZER,100,100,10000
296,WHEAT,35,35,9909
296,CARROT,36,36,9987
296,TOMATO,62,62,9987
296,STRAWBERRY,190,190,9931
296,MELON,269,269,9992
296,EGG,55,55,9909
296,MILK,191,191,9987
296,WOOL,239,239,9911
296,FERTILIZER,100,100,10000
297,WHEAT,35,35,9906
297,CARROT,36,36,9987
297,TOMATO,62,62,9987
297,STRAWBERRY,190,190,9930
297,MELON,269,269,9992
297,EGG,56,55,9906
297,MILK,191,191,9987
297,WOOL,239,239,9909
297,FERTILIZER,100,100,10000
298,WHEAT,35,35,9906
298,CARROT,36,36,9987
298,TOMATO,62,62,9987
298,STRAWBERRY,190,190,9930
298,MELON,269,269,9992
298,EGG,56,56,9906
298,MILK,191,191,9987
298,WOOL,239,239,9909
298,FERTILIZER,100,100,10000
299,WHEAT,35,35,9906
299,CARROT,36,36,9987
299,TOMATO,62,62,9987
299,STRAWBERRY,190,190,9930
299,MELON,269,269,9992
299,EGG,56,56,9906
299,MILK,191,191,9987
299,WOOL,239,239,9909
299,FERTILIZER,100,100,10000
300,WHEAT,35,35,9906
300,CARROT,36,36,9987
300,TOMATO,62,62,9987
300,STRAWBERRY,190,190,9930
300,MELON,269,269,9992
300,EGG,56,56,9906
300,MILK,191,191,9987
300,WOOL,239,239,9909
300,FERTILIZER,100,100,10000
301,WHEAT,35,35,9903
301,CARROT,36,36,9987
301,TOMATO,62,62,9987
301,STRAWBERRY,191,190,9929
301,MELON,269,269,9992
301,EGG,56,56,9903
301,MILK,191,191,9987
301,WOOL,239,239,9907
301,FERTILIZER,100,100,10000
302,WHEAT,35,35,9903
302,CARROT,36,36,9987
302,TOMATO,62,62,9987
302,STRAWBERRY,191,191,9929
302,MELON,269,269,9992
302,EGG,56,56,9903
302,MILK,191,191,9987
302,WOOL,239,239,9907
302,FERTILIZER,100,100,10000
303,WHEAT,35,35,9903
303,CARROT,36,36,9987
303,TOMATO,62,62,9987
303,STRAWBERRY,191,191,9929
303,MELON,269,269,9992
303,EGG,56,56,9903
303,MILK,191,191,9987
303,WOOL,239,239,9907
303,FERTILIZER,100,100,10000
304,WHEAT,35,35,9903
304,CARROT,36,36,9987
304,TOMATO,62,62,9987
304,STRAWBERRY,191,191,9929
304,MELON,269,269,9992
304,EGG,56,56,9903
304,MILK,191,191,9987
304,WOOL,239,239,9907
304,FERTILIZER,100,100,10000
305,WHEAT,35,35,9900
305,CARROT,36,36,9987
305,TOMATO,62,62,9987
305,STRAWBERRY,191,191,9928
305,MELON,269,269,9992
305,EGG,56,56,9900
305,MILK,191,191,9987
305,WOOL,239,239,9905
305,FERTILIZER,100,100,10000
306,WHEAT,35,35,9900
306,CARROT,36,36,9987
306,TOMATO,62,62,9987
306,STRAWBERRY,191,191,9928
306,MELON,269,269,9992
306,EGG,56,56,9900
306,MILK,191,191,9987
306,WOOL,239,239,9905
306,FERTILIZER,100,100,10000
307,WHEAT,35,35,9900
307,CARROT,36,36,9987
307,TOMATO,62,62,9987
307,STRAWBERRY,191,191,9928
307,MELON,269,269,9992
307,EGG,56,56,9900
307,MILK,191,191,9987
307,WOOL,239,239,9905
307,FERTILIZER,100,100,10000
308,WHEAT,35,35,9900
308,CARROT,36,36,9987
308,TOMATO,62,62,9987
308,STRAWBERRY,191,191,9928
308,MELON,269,269,9992
308,EGG,56,56,9900
308,MILK,191,191,9987
308,WOOL,239,239,9905
308,FERTILIZER,100,100,10000
309,WHEAT,35,35,9897
309,CARROT,36,36,9987
309,TOMATO,62,62,9987
309,STRAWBERRY,192,191,9927
309,MELON,269,269,9992
309,EGG,56,56,9897
309,MILK,191,191,9987
309,WOOL,239,239,9903
309,FERTILIZER,100,100,10000
310,WHEAT,35,35,9897
310,CARROT,36,36,9987
310,TOMATO,62,62,9987
310,STRAWBERRY,192,192,9927
310,MELON,269,269,9992
310,EGG,56,56,9897
310,MILK,191,191,9987
310,WOOL,239,239,9903
310,FERTILIZER,100,100,10000
311,WHEAT,35,35,9897
311,CARROT,36,36,9987
311,TOMATO,62,62,9987
311,STRAWBERRY,192,192,9927
311,MELON,269,269,9992
311,EGG,56,56,9897
311,MILK,191,191,9987
311,WOOL,239,239,9903
311,FERTILIZER,100,100,10000
312,WHEAT,35,35,9897
312,CARROT,36,36,9987
312,TOMATO,62,62,9987
312,STRAWBERRY,192,192,9927
312,MELON,269,269,9992
312,EGG,56,56,9897
312,MILK,191,191,9987
312,WOOL,239,239,9903
312,FERTILIZER,100,100,10000
313,WHEAT,35,35,9893
313,CARROT,36,36,9986
313,TOMATO,62,62,9986
313,STRAWBERRY,193,192,9925
313,MELON,270,269,9991
313,EGG,56,56,9893
313,MILK,193,191,9986
313,WOOL,240,239,9900
313,FERTILIZER,100,100,10000
314,WHEAT,35,35,9893
314,CARROT,36,36,9986
314,TOMATO,62,62,9986
314,STRAWBERRY,193,193,9925
314,MELON,270,270,9991
314,EGG,56,56,9893
314,MILK,193,193,9986
314,WOOL,240,240,9900
314,FERTILIZER,100,100,10000
315,WHEAT,35,35,9893
315,CARROT,36,36,9986
315,TOMATO,62,62,9986
315,STRAWBERRY,193,193,9925
315,MELON,270,270,9991
315,EGG,56,56,9893
315,MILK,193,193,9986
315,WOOL,240,240,9900
315,FERTILIZER,100,100,10000
316,WHEAT,35,35,9893
316,CARROT,36,36,9986
316,TOMATO,62,62,9986
316,STRAWBERRY,193,193,9925
316,MELON,270,270,9991
316,EGG,56,56,9893
316,MILK,193,193,9986
316,WOOL,240,240,9900
316,FERTILIZER,100,100,10000
317,WHEAT,35,35,9890
317,CARROT,36,36,9986
317,TOMATO,62,62,9986
317,STRAWBERRY,193,193,9924
317,MELON,270,270,9991
317,EGG,57,56,9890
317,MILK,193,193,9986
317,WOOL,240,240,9898
317,FERTILIZER,100,100,10000
318,WHEAT,35,35,9890
318,CARROT,36,36,9986
318,TOMATO,62,62,9986
318,STRAWBERRY,193,193,9924
318,MELON,270,270,9991
318,EGG,57,57,9890
318,MILK,193,193,9986
318,WOOL,240,240,9898
318,FERTILIZER,100,100,10000
319,WHEAT,35,35,9890
319,CARROT,36,36,9986
319,TOMATO,62,62,9986
319,STRAWBERRY,193,193,9924
319,MELON,270,270,9991
319,EGG,57,57,9890
319,MILK,193,193,9986
319,WOOL,240,240,9898
319,FERTILIZER,100,100,10000
320,WHEAT,35,35,9890
320,CARROT,36,36,9986
320,TOMATO,62,62,9986
320,STRAWBERRY,193,193,9924
320,MELON,270,270,9991
320,EGG,57,57,9890
320,MILK,193,193,9986
320,WOOL,240,240,9898
320,FERTILIZER,100,100,10000
321,WHEAT,36,35,9887
321,CARROT,36,36,9986
321,TOMATO,62,62,9986
321,STRAWBERRY,194,193,9923
321,MELON,270,270,9991
321,EGG,57,57,9887
321,MILK,193,193,9986
321,WOOL,240,240,9896
321,FERTILIZER,100,100,10000
322,WHEAT,36,36,9887
322,CARROT,36,36,9986
322,TOMATO,62,62,9986
322,STRAWBERRY,194,194,9923
322,MELON,270,270,9991
322,EGG,57,57,9887
322,MILK,193,193,9986
322,WOOL,240,240,9896
322,FERTILIZER,100,100,10000
323,WHEAT,36,36,9887
323,CARROT,36,36,9986
323,TOMATO,62,62,9986
323,STRAWBERRY,194,194,9923
323,MELON,270,270,9991
323,EGG,57,57,9887
323,MILK,193,193,9986
323,WOOL,240,240,9896
323,FERTILIZER,100,100,10000
324,WHEAT,36,36,9887
324,CARROT,36,36,9986
324,TOMATO,62,62,9986
324,STRAWBERRY,194,194,9923
324,MELON,270,270,9991
324,EGG,57,57,9887
324,MILK,193,193,9986
324,WOOL,240,240,9896
324,FERTILIZER,100,100,10000
325,WHEAT,36,36,9884
325,CARROT,36,36,9986
325,TOMATO,62,62,9986
325,STRAWBERRY,194,194,9922
325,MELON,270,270,9991
325,EGG,57,57,9884
325,MILK,193,193,9986
325,WOOL,240,240,9894
325,FERTILIZER,100,100,10000
326,WHEAT,36,36,9884
326,CARROT,36,36,9986
326,TOMATO,62,62,9986
326,STRAWBERRY,194,194,9922
326,MELON,270,270,9991
326,EGG,57,57,9884
326,MILK,193,193,9986
326,WOOL,240,240,9894
326,FERTILIZER,100,100,10000
327,WHEAT,36,36,9884
327,CARROT,36,36,9986
327,TOMATO,62,62,9986
327,STRAWBERRY,194,194,9922
327,MELON,270,270,9991
327,EGG,57,57,9884
327,MILK,193,193,9986
327,WOOL,240,240,9894
327,FERTILIZER,100,100,10000
328,WHEAT,36,36,9884
328,CARROT,36,36,9986
328,TOMATO,62,62,9986
328,STRAWBERRY,194,194,9922
328,MELON,270,270,9991
328,EGG,57,57,9884
328,MILK,193,193,9986
328,WOOL,240,240,9894
328,FERTILIZER,100,100,10000
329,WHEAT,36,36,9881
329,CARROT,36,36,9986
329,TOMATO,62,62,9986
329,STRAWBERRY,195,194,9921
329,MELON,270,270,9991
329,EGG,57,57,9881
329,MILK,193,193,9986
329,WOOL,240,240,9892
329,FERTILIZER,100,100,10000
330,WHEAT,36,36,9881
330,CARROT,36,36,9986
330,TOMATO,62,62,9986
330,STRAWBERRY,195,195,9921
330,MELON,270,270,9991
330,EGG,57,57,9881
330,MILK,193,193,9986
330,WOOL,240,240,9892
330,FERTILIZER,100,100,10000
331,WHEAT,36,36,9881
331,CARROT,36,36,9986
331,TOMATO,62,62,9986
331,STRAWBERRY,195,195,9921
331,MELON,270,270,9991
331,EGG,57,57,9881
331,MILK,193,193,9986
331,WOOL,240,240,9892
331,FERTILIZER,100,100,10000
332,WHEAT,36,36,9881
332,CARROT,36,36,9986
332,TOMATO,62,62,9986
332,STRAWBERRY,195,195,9921
332,MELON,270,270,9991
332,EGG,57,57,9881
332,MILK,193,193,9986
332,WOOL,240,240,9892
332,FERTILIZER,100,100,10000
333,WHEAT,36,36,9878
333,CARROT,36,36,9986
333,TOMATO,62,62,9986
333,STRAWBERRY,195,195,9920
333,MELON,270,270,9991
333,EGG,57,57,9878
333,MILK,193,193,9986
333,WOOL,240,240,9890
333,FERTILIZER,100,100,10000
334,WHEAT,36,36,9878
334,CARROT,36,36,9986
334,TOMATO,62,62,9986
334,STRAWBERRY,195,195,9920
334,MELON,270,270,9991
334,EGG,57,57,9878
334,MILK,193,193,9986
334,WOOL,240,240,9890
334,FERTILIZER,100,100,10000
335,WHEAT,36,36,9878
335,CARROT,36,36,9986
335,TOMATO,62,62,9986
335,STRAWBERRY,195,195,9920
335,MELON,270,270,9991
335,EGG,57,57,9878
335,MILK,193,193,9986
335,WOOL,240,240,9890
335,FERTILIZER,100,100,10000
336,WHEAT,36,36,9878
336,CARROT,36,36,9986
336,TOMATO,62,62,9986
336,STRAWBERRY,195,195,9920
336,MELON,270,270,9991
336,EGG,57,57,9878
336,MILK,193,193,9986
336,WOOL,240,240,9890
336,FERTILIZER,100,100,10000
337,WHEAT,36,36,9874
337,CARROT,36,36,9985
337,TOMATO,62,62,9985
337,STRAWBERRY,196,195,9918
337,MELON,271,270,9990
337,EGG,58,57,9874
337,MILK,194,193,9985
337,WOOL,241,240,9887
337,FERTILIZER,100,100,10000
338,WHEAT,36,36,9874
338,CARROT,36,36,9985
338,TOMATO,62,62,9985
338,STRAWBERRY,196,196,9918
338,MELON,271,271,9990
338,EGG,58,58,9874
338,MILK,194,194,9985
338,WOOL,241,241,9887
338,FERTILIZER,100,100,10000
339,WHEAT,36,36,9874
339,CARROT,36,36,9985
339,TOMATO,62,62,9985
339,STRAWBERRY,196,196,9918
339,MELON,271,271,9990
339,EGG,58,58,9874
339,MILK,194,194,9985
339,WOOL,241,241,9887
339,FERTILIZER,100,100,10000
340,WHEAT,36,36,9874
340,CARROT,36,36,9985
340,TOMATO,62,62,9985
340,STRAWBERRY,196,196,9918
340,MELON,271,271,9990
340,EGG,58,58,9874
340,MILK,194,194,9985
340,WOOL,241,241,9887
340,FERTILIZER,100,100,10000
341,WHEAT,36,36,9871
341,CARROT,36,36,9985
341,TOMATO,62,62,9985
341,STRAWBERRY,197,196,9917
341,MELON,271,271,9990
341,EGG,58,58,9871
341,MILK,194,194,9985
341,WOOL,241,241,9885
341,FERTILIZER,100,100,10000
342,WHEAT,36,36,9871
342,CARROT,36,36,9985
342,TOMATO,62,62,9985
342,STRAWBERRY,197,197,9917
342,MELON,271,271,9990
342,EGG,58,58,9871
342,MILK,194,194,9985
342,WOOL,241,241,9885
342,FERTILIZER,100,100,10000
343,WHEAT,36,36,9871
343,CARROT,36,36,9985
343,TOMATO,62,62,9985
343,STRAWBERRY,197,197,9917
343,MELON,271,271,9990
343,EGG,58,58,9871
343,MILK,194,194,9985
343,WOOL,241,241,9885
343,FERTILIZER,100,100,10000
344,WHEAT,36,36,9871
344,CARROT,36,36,9985
344,TOMATO,62,62,9985
344,STRAWBERRY,197,197,9917
344,MELON,271,271,9990
344,EGG,58,58,9871
344,MILK,194,194,9985
344,WOOL,241,241,9885
344,FERTILIZER,100,100,10000
345,WHEAT,36,36,9868
345,CARROT,36,36,9985
345,TOMATO,62,62,9985
345,STRAWBERRY,197,197,9916
345,MELON,271,271,9990
345,EGG,58,58,9868
345,MILK,194,194,9985
345,WOOL,241,241,9883
345,FERTILIZER,100,100,10000
346,WHEAT,36,36,9868
346,CARROT,36,36,9985
346,TOMATO,62,62,9985
346,STRAWBERRY,197,197,9916
346,MELON,271,271,9990
346,EGG,58,58,9868
346,MILK,194,194,9985
346,WOOL,241,241,9883
346,FERTILIZER,100,100,10000
347,WHEAT,36,36,9868
347,CARROT,36,36,9985
347,TOMATO,62,62,9985
347,STRAWBERRY,197,197,9916
347,MELON,271,271,9990
347,EGG,58,58,9868
347,MILK,194,194,9985
347,WOOL,241,241,9883
347,FERTILIZER,100,100,10000
348,WHEAT,36,36,9868
348,CARROT,36,36,9985
348,TOMATO,62,62,9985
348,STRAWBERRY,197,197,9916
348,MELON,271,271,9990
348,EGG,58,58,9868
348,MILK,194,194,9985
348,WOOL,241,241,9883
348,FERTILIZER,100,100,10000
349,WHEAT,37,36,9865
349,CARROT,36,36,9985
349,TOMATO,62,62,9985
349,STRAWBERRY,197,197,9915
349,MELON,271,271,9990
349,EGG,58,58,9865
349,MILK,194,194,9985
349,WOOL,241,241,9881
349,FERTILIZER,100,100,10000
350,WHEAT,37,37,9865
350,CARROT,36,36,9985
350,TOMATO,62,62,9985
350,STRAWBERRY,197,197,9915
350,MELON,271,271,9990
350,EGG,58,58,9865
350,MILK,194,194,9985
350,WOOL,241,241,9881
350,FERTILIZER,100,100,10000
351,WHEAT,37,37,9865
351,CARROT,36,36,9985
351,TOMATO,62,62,9985
351,STRAWBERRY,197,197,9915
351,MELON,271,271,9990
351,EGG,58,58,9865
351,MILK,194,194,9985
351,WOOL,241,241,9881
351,FERTILIZER,100,100,10000
352,WHEAT,37,37,9865
352,CARROT,36,36,9985
352,TOMATO,62,62,9985
352,STRAWBERRY,197,197,9915
352,MELON,271,271,9990
352,EGG,58,58,9865
352,MILK,194,194,9985
352,WOOL,241,241,9881
352,FERTILIZER,100,100,10000
353,WHEAT,37,37,9862
353,CARROT,36,36,9985
353,TOMATO,62,62,9985
353,STRAWBERRY,198,197,9914
353,MELON,271,271,9990
353,EGG,58,58,9862
353,MILK,194,194,9985
353,WOOL,241,241,9879
353,FERTILIZER,100,100,10000
354,WHEAT,37,37,9862
354,CARROT,36,36,9985
354,TOMATO,62,62,9985
354,STRAWBERRY,198,198,9914
354,MELON,271,271,9990
354,EGG,58,58,9862
354,MILK,194,194,9985
354,WOOL,241,241,9879
354,FERTILIZER,100,100,10000
355,WHEAT,37,37,9862
355,CARROT,36,36,9985
355,TOMATO,62,62,9985
355,STRAWBERRY,198,198,9914
355,MELON,271,271,9990
355,EGG,58,58,9862
355,MILK,194,194,9985
355,WOOL,241,241,9879
355,FERTILIZER,100,100,10000
356,WHEAT,37,37,9862
356,CARROT,36,36,9985
356,TOMATO,62,62,9985
356,STRAWBERRY,198,198,9914
356,MELON,271,271,9990
356,EGG,58,58,9862
356,MILK,194,194,9985
356,WOOL,241,241,9879
356,FERTILIZER,100,100,10000
357,WHEAT,37,37,9859
357,CARROT,36,36,9985
357,TOMATO,62,62,9985
357,STRAWBERRY,198,198,9913
357,MELON,271,271,9990
357,EGG,58,58,9859
357,MILK,194,194,9985
357,WOOL,241,241,9877
357,FERTILIZER,100,100,10000
358,WHEAT,37,37,9859
358,CARROT,36,36,9985
358,TOMATO,62,62,9985
358,STRAWBERRY,198,198,9913
358,MELON,271,271,9990
358,EGG,58,58,9859
358,MILK,194,194,9985
358,WOOL,241,241,9877
358,FERTILIZER,100,100,10000
359,WHEAT,37,37,9859
359,CARROT,36,36,9985
359,TOMATO,62,62,9985
359,STRAWBERRY,198,198,9913
359,MELON,271,271,9990
359,EGG,58,58,9859
359,MILK,194,194,9985
359,WOOL,241,241,9877
359,FERTILIZER,100,100,10000
360,WHEAT,37,37,9859
360,CARROT,36,36,9985
360,TOMATO,62,62,9985
360,STRAWBERRY,198,198,9913
360,MELON,271,271,9990
360,EGG,58,58,9859
360,MILK,194,194,9985
360,WOOL,241,241,9877
360,FERTILIZER,100,100,10000
361,WHEAT,37,37,9855
361,CARROT,36,36,9984
361,TOMATO,62,62,9984
361,STRAWBERRY,199,198,9911
361,MELON,272,271,9989
361,EGG,59,58,9855
361,MILK,195,194,9984
361,WOOL,242,241,9872
361,FERTILIZER,100,100,10000
362,WHEAT,37,37,9855
362,CARROT,36,36,9984
362,TOMATO,62,62,9984
362,STRAWBERRY,199,199,9911
362,MELON,272,272,9989
362,EGG,59,59,9855
362,MILK,195,195,9984
362,WOOL,242,242,9872
362,FERTILIZER,100,100,10000
363,WHEAT,37,37,9855
363,CARROT,36,36,9984
363,TOMATO,62,62,9984
363,STRAWBERRY,199,199,9911
363,MELON,272,272,9989
363,EGG,59,59,9855
363,MILK,195,195,9984
363,WOOL,242,242,9872
363,FERTILIZER,100,100,10000
364,WHEAT,37,37,9855
364,CARROT,36,36,9984
364,TOMATO,62,62,9984
364,STRAWBERRY,199,199,9911
364,MELON,272,272,9989
364,EGG,59,59,9855
364,MILK,195,195,9984
364,WOOL,242,242,9872
364,FERTILIZER,100,100,10000
365,WHEAT,37,37,9852
365,CARROT,36,36,9984
365,TOMATO,62,62,9984
365,STRAWBERRY,200,199,9910
365,MELON,272,272,9989
365,EGG,59,59,9852
365,MILK,195,195,9984
365,WOOL,242,242,9868
365,FERTILIZER,100,100,10000
366,WHEAT,37,37,9852
366,CARROT,36,36,9984
366,TOMATO,62,62,9984
366,STRAWBERRY,200,200,9910
366,MELON,272,272,9989
366,EGG,59,59,9852
366,MILK,195,195,9984
366,WOOL,242,242,9868
366,FERTILIZER,100,100,10000
367,WHEAT,37,37,9852
367,CARROT,36,36,9984
367,TOMATO,62,62,9984
367,STRAWBERRY,200,200,9910
367,MELON,272,272,9989
367,EGG,59,59,9852
367,MILK,195,195,9984
367,WOOL,242,242,9868
367,FERTILIZER,100,100,10000
368,WHEAT,37,37,9852
368,CARROT,36,36,9984
368,TOMATO,62,62,9984
368,STRAWBERRY,200,200,9910
368,MELON,272,272,9989
368,EGG,59,59,9852
368,MILK,195,195,9984
368,WOOL,242,242,9868
368,FERTILIZER,100,100,10000
369,WHEAT,37,37,9849
369,CARROT,36,36,9984
369,TOMATO,62,62,9984
369,STRAWBERRY,200,200,9909
369,MELON,272,272,9989
369,EGG,59,59,9849
369,MILK,195,195,9984
369,WOOL,242,242,9864
369,FERTILIZER,100,100,10000
370,WHEAT,37,37,9849
370,CARROT,36,36,9984
370,TOMATO,62,62,9984
370,STRAWBERRY,200,200,9909
370,MELON,272,272,9989
370,EGG,59,59,9849
370,MILK,195,195,9984
370,WOOL,242,242,9864
370,FERTILIZER,100,100,10000
371,WHEAT,37,37,9849
371,CARROT,36,36,9984
371,TOMATO,62,62,9984
371,STRAWBERRY,200,200,9909
371,MELON,272,272,9989
371,EGG,59,59,9849
371,MILK,195,195,9984
371,WOOL,242,242,9864
371,FERTILIZER,100,100,10000
372,WHEAT,37,37,9849
372,CARROT,36,36,9984
372,TOMATO,62,62,9984
372,STRAWBERRY,200,200,9909
372,MELON,272,272,9989
372,EGG,59,59,9849
372,MILK,195,195,9984
372,WOOL,242,242,9864
372,FERTILIZER,100,100,10000
373,WHEAT,37,37,9846
373,CARROT,36,36,9984
373,TOMATO,62,62,9984
373,STRAWBERRY,201,200,9908
373,MELON,272,272,9989
373,EGG,59,59,9846
373,MILK,195,195,9984
373,WOOL,242,242,9860
373,FERTILIZER,100,100,10000
374,WHEAT,37,37,9846
374,CARROT,36,36,9984
374,TOMATO,62,62,9984
374,STRAWBERRY,201,201,9908
374,MELON,272,272,9989
374,EGG,59,59,9846
374,MILK,195,195,9984
374,WOOL,242,242,9860
374,FERTILIZER,100,100,10000
375,WHEAT,37,37,9846
375,CARROT,36,36,9984
375,TOMATO,62,62,9984
375,STRAWBERRY,201,201,9908
375,MELON,272,272,9989
375,EGG,59,59,9846
375,MILK,195,195,9984
375,WOOL,242,242,9860
375,FERTILIZER,100,100,10000
376,WHEAT,37,37,9846
376,CARROT,36,36,9984
376,TOMATO,62,62,9984
376,STRAWBERRY,201,201,9908
376,MELON,272,272,9989
376,EGG,59,59,9846
376,MILK,195,195,9984
376,WOOL,242,242,9860
376,FERTILIZER,100,100,10000
377,WHEAT,38,37,9843
377,CARROT,36,36,9984
377,TOMATO,62,62,9984
377,STRAWBERRY,201,201,9907
377,MELON,272,272,9989
377,EGG,59,59,9843
377,MILK,195,195,9984
377,WOOL,243,242,9856
377,FERTILIZER,100,100,10000
378,WHEAT,38,38,9843
378,CARROT,36,36,9984
378,TOMATO,62,62,9984
378,STRAWBERRY,201,201,9907
378,MELON,272,272,9989
378,EGG,59,59,9843
378,MILK,195,195,9984
378,WOOL,243,243,9856
378,FERTILIZER,100,100,10000
379,WHEAT,38,38,9843
379,CARROT,36,36,9984
379,TOMATO,62,62,9984
379,STRAWBERRY,201,201,9907
379,MELON,272,272,9989
379,EGG,59,59,9843
379,MILK,195,195,9984
379,WOOL,243,243,9856
379,FERTILIZER,100,100,10000
380,WHEAT,38,38,9843
380,CARROT,36,36,9984
380,TOMATO,62,62,9984
380,STRAWBERRY,201,201,9907
380,MELON,272,272,9989
380,EGG,59,59,9843
380,MILK,195,195,9984
380,WOOL,243,243,9856
380,FERTILIZER,100,100,10000
381,WHEAT,38,38,9840
381,CARROT,36,36,9984
381,TOMATO,62,62,9984
381,STRAWBERRY,201,201,9906
381,MELON,272,272,9989
381,EGG,60,59,9840
381,MILK,195,195,9984
381,WOOL,243,243,9852
381,FERTILIZER,100,100,10000
382,WHEAT,38,38,9840
382,CARROT,36,36,9984
382,TOMATO,62,62,9984
382,STRAWBERRY,201,201,9906
382,MELON,272,272,9989
382,EGG,60,60,9840
382,MILK,195,195,9984
382,WOOL,243,243,9852
382,FERTILIZER,100,100,10000
383,WHEAT,38,38,9840
383,CARROT,36,36,9984
383,TOMATO,62,62,9984
383,STRAWBERRY,201,201,9906
383,MELON,272,272,9989
383,EGG,60,60,9840
383,MILK,195,195,9984
383,WOOL,243,243,9852
383,FERTILIZER,100,100,10000
384,WHEAT,38,38,9840
384,CARROT,36,36,9984
384,TOMATO,62,62,9984
384,STRAWBERRY,201,201,9906
384,MELON,272,272,9989
384,EGG,60,60,9840
384,MILK,195,195,9984
384,WOOL,243,243,9852
384,FERTILIZER,100,100,10000
385,WHEAT,38,38,9836
385,CARROT,36,36,9983
385,TOMATO,62,62,9983
385,STRAWBERRY,202,201,9904
385,MELON,272,272,9988
385,EGG,60,60,9836
385,MILK,196,195,9983
385,WOOL,243,243,9847
385,FERTILIZER,100,100,10000
386,WHEAT,38,38,9836
386,CARROT,36,36,9983
386,TOMATO,62,62,9983
386,STRAWBERRY,202,202,9904
386,MELON,272,272,9988
386,EGG,60,60,9836
386,MILK,196,196,9983
386,WOOL,243,243,9847
386,FERTILIZER,100,100,10000
387,WHEAT,38,38,9836
387,CARROT,36,36,9983
387,TOMATO,62,62,9983
387,STRAWBERRY,202,202,9904
387,MELON,272,272,9988
387,EGG,60,60,9836
387,MILK,196,196,9983
387,WOOL,243,243,9847
387,FERTILIZER,100,100,10000
388,WHEAT,38,38,9836
388,CARROT,36,36,9983
388,TOMATO,62,62,9983
388,STRAWBERRY,202,202,9904
388,MELON,272,272,9988
388,EGG,60,60,9836
388,MILK,196,196,9983
388,WOOL,243,243,9847
388,FERTILIZER,100,100,10000
389,WHEAT,38,38,9833
389,CARROT,36,36,9983
389,TOMATO,62,62,9983
389,STRAWBERRY,203,202,9903
389,MELON,272,272,9988
389,EGG,60,60,9833
389,MILK,196,196,9983
389,WOOL,243,243,9843
389,FERTILIZER,100,100,10000
390,WHEAT,38,38,9833
390,CARROT,36,36,9983
390,TOMATO,62,62,9983
390,STRAWBERRY,203,203,9903
390,MELON,272,272,9988
390,EGG,60,60,9833
390,MILK,196,196,9983
390,WOOL,243,243,9843
390,FERTILIZER,100,100,10000
391,WHEAT,38,38,9833
391,CARROT,36,36,9983
391,TOMATO,62,62,9983
391,STRAWBERRY,203,203,9903
391,MELON,272,272,9988
391,EGG,60,60,9833
391,MILK,196,196,9983
391,WOOL,243,243,9843
391,FERTILIZER,100,100,10000
392,WHEAT,38,38,9833
392,CARROT,36,36,9983
392,TOMATO,62,62,9983
392,STRAWBERRY,203,203,9903
392,MELON,272,272,9988
392,EGG,60,60,9833
392,MILK,196,196,9983
392,WOOL,243,243,9843
392,FERTILIZER,100,100,10000
393,WHEAT,38,38,9830
393,CARROT,36,36,9983
393,TOMATO,62,62,9983
393,STRAWBERRY,203,203,9902
393,MELON,272,272,9988
393,EGG,60,60,9830
393,MILK,196,196,9983
393,WOOL,244,243,9839
393,FERTILIZER,100,100,10000
394,WHEAT,38,38,9830
394,CARROT,36,36,9983
394,TOMATO,62,62,9983
394,STRAWBERRY,203,203,9902
394,MELON,272,272,9988
394,EGG,60,60,9830
394,MILK,196,196,9983
394,WOOL,244,244,9839
394,FERTILIZER,100,100,10000
395,WHEAT,38,38,9830
395,CARROT,36,36,9983
395,TOMATO,62,62,9983
395,STRAWBERRY,203,203,9902
395,MELON,272,272,9988
395,EGG,60,60,9830
395,MILK,196,196,9983
395,WOOL,244,244,9839
395,FERTILIZER,100,100,10000
396,WHEAT,38,38,9830
396,CARROT,36,36,9983
396,TOMATO,62,62,9983
396,STRAWBERRY,203,203,9902
396,MELON,272,272,9988
396,EGG,60,60,9830
396,MILK,196,196,9983
396,WOOL,244,244,9839
396,FERTILIZER,100,100,10000
397,WHEAT,38,38,9827
397,CARROT,36,36,9983
397,TOMATO,62,62,9983
397,STRAWBERRY,204,203,9901
397,MELON,272,272,9988
397,EGG,60,60,9827
397,MILK,196,196,9983
397,WOOL,244,244,9835
397,FERTILIZER,100,100,10000
398,WHEAT,38,38,9827
398,CARROT,36,36,9983
398,TOMATO,62,62,9983
398,STRAWBERRY,204,204,9901
398,MELON,272,272,9988
398,EGG,60,60,9827
398,MILK,196,196,9983
398,WOOL,244,244,9835
398,FERTILIZER,100,100,10000
399,WHEAT,38,38,9827
399,CARROT,36,36,9983
399,TOMATO,62,62,9983
399,STRAWBERRY,204,204,9901
399,MELON,272,272,9988
399,EGG,60,60,9827
399,MILK,196,196,9983
399,WOOL,244,244,9835
399,FERTILIZER,100,100,10000
400,WHEAT,38,38,9827
400,CARROT,36,36,9983
400,TOMATO,62,62,9983
400,STRAWBERRY,204,204,9901
400,MELON,272,272,9988
400,EGG,60,60,9827
400,MILK,196,196,9983
400,WOOL,244,244,9835
400,FERTILIZER,100,100,10000
401,WHEAT,38,38,9824
401,CARROT,36,36,9983
401,TOMATO,62,62,9983
401,STRAWBERRY,204,204,9900
401,MELON,272,272,9988
401,EGG,61,60,9824
401,MILK,196,196,9983
401,WOOL,244,244,9831
401,FERTILIZER,100,100,10000
402,WHEAT,38,38,9824
402,CARROT,36,36,9983
402,TOMATO,62,62,9983
402,STRAWBERRY,204,204,9900
402,MELON,272,272,9988
402,EGG,61,61,9824
402,MILK,196,196,9983
402,WOOL,244,244,9831
402,FERTILIZER,100,100,10000
403,WHEAT,38,38,9824
403,CARROT,36,36,9983
403,TOMATO,62,62,9983
403,STRAWBERRY,204,204,9900
403,MELON,272,272,9988
403,EGG,61,61,9824
403,MILK,196,196,9983
403,WOOL,244,244,9831
403,FERTILIZER,100,100,10000
404,WHEAT,38,38,9824
404,CARROT,36,36,9983
404,TOMATO,62,62,9983
404,STRAWBERRY,204,204,9900
404,MELON,272,272,9988
404,EGG,61,61,9824
404,MILK,196,196,9983
404,WOOL,244,244,9831
404,FERTILIZER,100,100,10000
405,WHEAT,38,38,9821
405,CARROT,36,36,9983
405,TOMATO,62,62,9983
405,STRAWBERRY,204,204,9899
405,MELON,272,272,9988
405,EGG,61,61,9821
405,MILK,196,196,9983
405,WOOL,244,244,9827
405,FERTILIZER,100,100,10000
406,WHEAT,38,38,9821
406,CARROT,36,36,9983
406,TOMATO,62,62,9983
406,STRAWBERRY,204,204,9899
406,MELON,272,272,9988
406,EGG,61,61,9821
406,MILK,196,196,9983
406,WOOL,244,244,9827
406,FERTILIZER,100,100,10000
407,WHEAT,38,38,9821
407,CARROT,36,36,9983
407,TOMATO,62,62,9983
407,STRAWBERRY,204,204,9899
407,MELON,272,272,9988
407,EGG,61,61,9821
407,MILK,196,196,9983
407,WOOL,244,244,9827
407,FERTILIZER,100,100,10000
408,WHEAT,38,38,9821
408,CARROT,36,36,9983
408,TOMATO,62,62,9983
408,STRAWBERRY,204,204,9899
408,MELON,272,272,9988
408,EGG,61,61,9821
408,MILK,196,196,9983
408,WOOL,244,244,9827
408,FERTILIZER,100,100,10000
409,WHEAT,39,38,9817
409,CARROT,36,36,9982
409,TOMATO,62,62,9982
409,STRAWBERRY,205,204,9897
409,MELON,273,272,9987
409,EGG,61,61,9817
409,MILK,197,196,9982
409,WOOL,244,244,9822
409,FERTILIZER,100,100,10000
410,WHEAT,39,39,9817
410,CARROT,36,36,9982
410,TOMATO,62,62,9982
410,STRAWBERRY,205,205,9897
410,MELON,273,273,9987
410,EGG,61,61,9817
410,MILK,197,197,9982
410,WOOL,244,244,9822
410,FERTILIZER,100,100,10000
411,WHEAT,39,39,9817
411,CARROT,36,36,9982
411,TOMATO,62,62,9982
411,STRAWBERRY,205,205,9897
411,MELON,273,273,9987
411,EGG,61,61,9817
411,MILK,197,197,9982
411,WOOL,244,244,9822
411,FERTILIZER,100,100,10000
412,WHEAT,39,39,9817
412,CARROT,36,36,9982
412,TOMATO,62,62,9982
412,STRAWBERRY,205,205,9897
412,MELON,273,273,9987
412,EGG,61,61,9817
412,MILK,197,197,9982
412,WOOL,244,244,9822
412,FERTILIZER,100,100,10000
413,WHEAT,39,39,9814
413,CARROT,36,36,9982
413,TOMATO,62,62,9982
413,STRAWBERRY,206,205,9896
413,MELON,273,273,9987
413,EGG,61,61,9814
413,MILK,197,197,9982
413,WOOL,245,244,9818
413,FERTILIZER,100,100,10000
414,WHEAT,39,39,9814
414,CARROT,36,36,9982
414,TOMATO,62,62,9982
414,STRAWBERRY,206,206,9896
414,MELON,273,273,9987
414,EGG,61,61,9814
414,MILK,197,197,9982
414,WOOL,245,245,9818
414,FERTILIZER,100,100,10000
415,WHEAT,39,39,9814
415,CARROT,36,36,9982
415,TOMATO,62,62,9982
415,STRAWBERRY,206,206,9896
415,MELON,273,273,9987
415,EGG,61,61,9814
415,MILK,197,197,9982
415,WOOL,245,245,9818
415,FERTILIZER,100,100,10000
416,WHEAT,39,39,9814
416,CARROT,36,36,9982
416,TOMATO,62,62,9982
416,STRAWBERRY,206,206,9896
416,MELON,273,273,9987
416,EGG,61,61,9814
416,MILK,197,197,9982
416,WOOL,245,245,9818
416,FERTILIZER,100,100,10000
417,WHEAT,39,39,9811
417,CARROT,36,36,9982
417,TOMATO,62,62,9982
417,STRAWBERRY,206,206,9895
417,MELON,273,273,9987
417,EGG,61,61,9811
417,MILK,197,197,9982
417,WOOL,245,245,9814
417,FERTILIZER,100,100,10000
418,WHEAT,39,39,9811
418,CARROT,36,36,9982
418,TOMATO,62,62,9982
418,STRAWBERRY,206,206,9895
418,MELON,273,273,9987
418,EGG,61,61,9811
418,MILK,197,197,9982
418,WOOL,245,245,9814
418,FERTILIZER,100,100,10000
419,WHEAT,39,39,9811
419,CARROT,36,36,9982
419,TOMATO,62,62,9982
419,STRAWBERRY,206,206,9895
419,MELON,273,273,9987
419,EGG,61,61,9811
419,MILK,197,197,9982
419,WOOL,245,245,9814
419,FERTILIZER,100,100,10000
420,WHEAT,39,39,9811
420,CARROT,36,36,9982
420,TOMATO,62,62,9982
420,STRAWBERRY,206,206,9895
420,MELON,273,273,9987
420,EGG,61,61,9811
420,MILK,197,197,9982
420,WOOL,245,245,9814
420,FERTILIZER,100,100,10000
421,WHEAT,39,39,9808
421,CARROT,36,36,9982
421,TOMATO,62,62,9982
421,STRAWBERRY,206,206,9894
421,MELON,273,273,9987
421,EGG,62,61,9808
421,MILK,197,197,9982
421,WOOL,245,245,9810
421,FERTILIZER,100,100,10000
422,WHEAT,39,39,9808
422,CARROT,36,36,9982
422,TOMATO,62,62,9982
422,STRAWBERRY,206,206,9894
422,MELON,273,273,9987
422,EGG,62,62,9808
422,MILK,197,197,9982
422,WOOL,245,245,9810
422,FERTILIZER,100,100,10000
423,WHEAT,39,39,9808
423,CARROT,36,36,9982
423,TOMATO,62,62,9982
423,STRAWBERRY,206,206,9894
423,MELON,273,273,9987
423,EGG,62,62,9808
423,MILK,197,197,9982
423,WOOL,245,245,9810
423,FERTILIZER,100,100,10000
424,WHEAT,39,39,9808
424,CARROT,36,36,9982
424,TOMATO,62,62,9982
424,STRAWBERRY,206,206,9894
424,MELON,273,273,9987
424,EGG,62,62,9808
424,MILK,197,197,9982
424,WOOL,245,245,9810
424,FERTILIZER,100,100,10000
425,WHEAT,39,39,9805
425,CARROT,36,36,9982
425,TOMATO,62,62,9982
425,STRAWBERRY,207,206,9893
425,MELON,273,273,9987
425,EGG,62,62,9805
425,MILK,197,197,9982
425,WOOL,245,245,9806
425,FERTILIZER,100,100,10000
426,WHEAT,39,39,9805
426,CARROT,36,36,9982
426,TOMATO,62,62,9982
426,STRAWBERRY,207,207,9893
426,MELON,273,273,9987
426,EGG,62,62,9805
426,MILK,197,197,9982
426,WOOL,245,245,9806
426,FERTILIZER,100,100,10000
427,WHEAT,39,39,9805
427,CARROT,36,36,9982
427,TOMATO,62,62,9982
427,STRAWBERRY,207,207,9893
427,MELON,273,273,9987
427,EGG,62,62,9805
427,MILK,197,197,9982
427,WOOL,245,245,9806
427,FERTILIZER,100,100,10000
428,WHEAT,39,39,9805
428,CARROT,36,36,9982
428,TOMATO,62,62,9982
428,STRAWBERRY,207,207,9893
428,MELON,273,273,9987
428,EGG,62,62,9805
428,MILK,197,197,9982
428,WOOL,245,245,9806
428,FERTILIZER,100,100,10000
429,WHEAT,39,39,9802
429,CARROT,36,36,9982
429,TOMATO,62,62,9982
429,STRAWBERRY,207,207,9892
429,MELON,273,273,9987
429,EGG,62,62,9802
429,MILK,197,197,9982
429,WOOL,245,245,9802
429,FERTILIZER,100,100,10000
430,WHEAT,39,39,9802
430,CARROT,36,36,9982
430,TOMATO,62,62,9982
430,STRAWBERRY,207,207,9892
430,MELON,273,273,9987
430,EGG,62,62,9802
430,MILK,197,197,9982
430,WOOL,245,245,9802
430,FERTILIZER,100,100,10000
431,WHEAT,39,39,9802
431,CARROT,36,36,9982
431,TOMATO,62,62,9982
431,STRAWBERRY,207,207,9892
431,MELON,273,273,9987
431,EGG,62,62,9802
431,MILK,197,197,9982
431,WOOL,245,245,9802
431,FERTILIZER,100,100,10000
432,WHEAT,39,39,9802
432,CARROT,36,36,9982
432,TOMATO,62,62,9982
432,STRAWBERRY,207,207,9892
432,MELON,273,273,9987
432,EGG,62,62,9802
432,MILK,197,197,9982
432,WOOL,245,245,9802
432,FERTILIZER,100,100,10000
433,WHEAT,39,39,9797
433,CARROT,36,36,9981
433,TOMATO,62,62,9981
433,STRAWBERRY,208,207,9889
433,MELON,274,273,9986
433,EGG,62,62,9798
433,MILK,199,197,9980
433,WOOL,246,245,9797
433,FERTILIZER,100,100,10000
434,WHEAT,39,39,9797
434,CARROT,36,36,9981
434,TOMATO,62,62,9981
434,STRAWBERRY,208,208,9889
434,MELON,274,274,9986
434,EGG,62,62,9798
434,MILK,199,199,9980
434,WOOL,246,246,9797
434,FERTILIZER,100,100,10000
435,WHEAT,39,39,9797
435,CARROT,36,36,9981
435,TOMATO,62,62,9981
435,STRAWBERRY,208,208,9889
435,MELON,274,274,9986
435,EGG,62,62,9798
435,MILK,199,199,9980
435,WOOL,246,246,9797
435,FERTILIZER,100,100,10000
436,WHEAT,39,39,9797
436,CARROT,36,36,9981
436,TOMATO,62,62,9981
436,STRAWBERRY,208,208,9889
436,MELON,274,274,9986
436,EGG,62,62,9798
436,MILK,199,199,9980
436,WOOL,246,246,9797
436,FERTILIZER,100,100,10000
437,WHEAT,39,39,9793
437,CARROT,36,36,9981
437,TOMATO,62,62,9981
437,STRAWBERRY,209,208,9887
437,MELON,274,274,9986
437,EGG,62,62,9795
437,MILK,200,199,9979
437,WOOL,246,246,9793
437,FERTILIZER,100,100,10000
438,WHEAT,39,39,9793
438,CARROT,36,36,9981
438,TOMATO,62,62,9981
438,STRAWBERRY,209,209,9887
438,MELON,274,274,9986
438,EGG,62,62,9795
438,MILK,200,200,9979
438,WOOL,246,246,9793
438,FERTILIZER,100,100,10000
439,WHEAT,39,39,9793
439,CARROT,36,36,9981
439,TOMATO,62,62,9981
439,STRAWBERRY,209,209,9887
439,MELON,274,274,9986
439,EGG,62,62,9795
439,MILK,200,200,9979
439,WOOL,246,246,9793
439,FERTILIZER,100,100,10000
440,WHEAT,39,39,9793
440,CARROT,36,36,9981
440,TOMATO,62,62,9981
440,STRAWBERRY,209,209,9887
440,MELON,274,274,9986
440,EGG,62,62,9795
440,MILK,200,200,9979
440,WOOL,246,246,9793
440,FERTILIZER,100,100,10000
441,WHEAT,40,39,9789
441,CARROT,36,36,9981
441,TOMATO,62,62,9981
441,STRAWBERRY,210,209,9885
441,MELON,274,274,9986
441,EGG,63,62,9792
441,MILK,201,200,9978
441,WOOL,246,246,9789
441,FERTILIZER,100,100,10000
442,WHEAT,40,40,9789
442,CARROT,36,36,9981
442,TOMATO,62,62,9981
442,STRAWBERRY,210,210,9885
442,MELON,274,274,9986
442,EGG,63,63,9792
442,MILK,201,201,9978
442,WOOL,246,246,9789
442,FERTILIZER,100,100,10000
443,WHEAT,40,40,9789
443,CARROT,36,36,9981
443,TOMATO,62,62,9981
443,STRAWBERRY,210,210,9885
443,MELON,274,274,9986
443,EGG,63,63,9792
443,MILK,201,201,9978
443,WOOL,246,246,9789
443,FERTILIZER,100,100,10000
444,WHEAT,40,40,9789
444,CARROT,36,36,9981
444,TOMATO,62,62,9981
444,STRAWBERRY,210,210,9885
444,MELON,274,274,9986
444,EGG,63,63,9792
444,MILK,201,201,9978
444,WOOL,246,246,9789
444,FERTILIZER,100,100,10000
445,WHEAT,40,40,9785
445,CARROT,36,36,9981
445,TOMATO,62,62,9981
445,STRAWBERRY,211,210,9883
445,MELON,274,274,9986
445,EGG,63,63,9789
445,MILK,202,201,9977
445,WOOL,246,246,9785
445,FERTILIZER,100,100,10000
446,WHEAT,40,40,9785
446,CARROT,36,36,9981
446,TOMATO,62,62,9981
446,STRAWBERRY,211,211,9883
446,MELON,274,274,9986
446,EGG,63,63,9789
446,MILK,202,202,9977
446,WOOL,246,246,9785
446,FERTILIZER,100,100,10000
447,WHEAT,40,40,9785
447,CARROT,36,36,9981
447,TOMATO,62,62,9981
447,STRAWBERRY,211,211,9883
447,MELON,274,274,9986
447,EGG,63,63,9789
447,MILK,202,202,9977
447,WOOL,246,246,9785
447,FERTILIZER,100,100,10000
448,WHEAT,40,40,9785
448,CARROT,36,36,9981
448,TOMATO,62,62,9981
448,STRAWBERRY,211,211,9883
448,MELON,274,274,9986
448,EGG,63,63,9789
448,MILK,202,202,9977
448,WOOL,246,246,9785
448,FERTILIZER,100,100,10000
449,WHEAT,40,40,9781
449,CARROT,36,36,9981
449,TOMATO,62,62,9981
449,STRAWBERRY,212,211,9881
449,MELON,274,274,9986
449,EGG,63,63,9786
449,MILK,203,202,9976
449,WOOL,246,246,9781
449,FERTILIZER,100,100,10000
450,WHEAT,40,40,9781
450,CARROT,36,36,9981
450,TOMATO,62,62,9981
450,STRAWBERRY,212,212,9881
450,MELON,274,274,9986
450,EGG,63,63,9786
450,MILK,203,203,9976
450,WOOL,246,246,9781
450,FERTILIZER,100,100,10000
451,WHEAT,40,40,9781
451,CARROT,36,36,9981
451,TOMATO,62,62,9981
451,STRAWBERRY,212,212,9881
451,MELON,274,274,9986
451,EGG,63,63,9786
451,MILK,203,203,9976
451,WOOL,246,246,9781
451,FERTILIZER,100,100,10000
452,WHEAT,40,40,9781
452,CARROT,36,36,9981
452,TOMATO,62,62,9981
452,STRAWBERRY,212,212,9881
452,MELON,274,274,9986
452,EGG,63,63,9786
452,MILK,203,203,9976
452,WOOL,246,246,9781
452,FERTILIZER,100,100,10000
453,WHEAT,40,40,9777
453,CARROT,36,36,9981
453,TOMATO,62,62,9981
453,STRAWBERRY,212,212,9879
453,MELON,274,274,9986
453,EGG,63,63,9783
453,MILK,203,203,9975
453,WOOL,246,246,9777
453,FERTILIZER,100,100,10000
454,WHEAT,40,40,9777
454,CARROT,36,36,9981
454,TOMATO,62,62,9981
454,STRAWBERRY,212,212,9879
454,MELON,274,274,9986
454,EGG,63,63,9783
454,MILK,203,203,9975
454,WOOL,246,246,9777
454,FERTILIZER,100,100,10000
455,WHEAT,40,40,9777
455,CARROT,36,36,9981
455,TOMATO,62,62,9981
455,STRAWBERRY,212,212,9879
455,MELON,274,274,9986
455,EGG,63,63,9783
455,MILK,203,203,9975
455,WOOL,246,246,9777
455,FERTILIZER,100,100,10000
456,WHEAT,40,40,9777
456,CARROT,36,36,9981
456,TOMATO,62,62,9981
456,STRAWBERRY,212,212,9879
456,MELON,274,274,9986
456,EGG,63,63,9783
456,MILK,203,203,9975
456,WOOL,246,246,9777
456,FERTILIZER,100,100,10000
457,WHEAT,40,40,9772
457,CARROT,37,36,9980
457,TOMATO,62,62,9980
457,STRAWBERRY,214,212,9876
457,MELON,274,274,9985
457,EGG,63,63,9779
457,MILK,205,203,9973
457,WOOL,247,246,9772
457,FERTILIZER,100,100,10000
458,WHEAT,40,40,9772
458,CARROT,37,37,9980
458,TOMATO,62,62,9980
458,STRAWBERRY,214,214,9876
458,MELON,274,274,9985
458,EGG,63,63,9779
458,MILK,205,205,9973
458,WOOL,247,247,9772
458,FERTILIZER,100,100,10000
459,WHEAT,40,40,9772
459,CARROT,37,37,9980
459,TOMATO,62,62,9980
459,STRAWBERRY,214,214,9876
459,MELON,274,274,9985
459,EGG,63,63,9779
459,MILK,205,205,9973
459,WOOL,247,247,9772
459,FERTILIZER,100,100,10000
460,WHEAT,40,40,9772
460,CARROT,37,37,9980
460,TOMATO,62,62,9980
460,STRAWBERRY,214,214,9876
460,MELON,274,274,9985
460,EGG,63,63,9779
460,MILK,205,205,9973
460,WOOL,247,247,9772
460,FERTILIZER,100,100,10000
461,WHEAT,40,40,9768
461,CARROT,37,37,9980
461,TOMATO,62,62,9980
461,STRAWBERRY,214,214,9874
461,MELON,274,274,9985
461,EGG,63,63,9776
461,MILK,206,205,9972
461,WOOL,247,247,9768
461,FERTILIZER,100,100,10000
462,WHEAT,40,40,9768
462,CARROT,37,37,9980
462,TOMATO,62,62,9980
462,STRAWBERRY,214,214,9874
462,MELON,274,274,9985
462,EGG,63,63,9776
462,MILK,206,206,9972
462,WOOL,247,247,9768
462,FERTILIZER,100,100,10000
463,WHEAT,40,40,9768
463,CARROT,37,37,9980
463,TOMATO,62,62,9980
463,STRAWBERRY,214,214,9874
463,MELON,274,274,9985
463,EGG,63,63,9776
463,MILK,206,206,9972
463,WOOL,247,247,9768
463,FERTILIZER,100,100,10000
464,WHEAT,40,40,9768
464,CARROT,37,37,9980
464,TOMATO,62,62,9980
464,STRAWBERRY,214,214,9874
464,MELON,274,274,9985
464,EGG,63,63,9776
464,MILK,206,206,9972
464,WOOL,247,247,9768
464,FERTILIZER,100,100,10000
465,WHEAT,40,40,9764
465,CARROT,37,37,9980
465,TOMATO,62,62,9980
465,STRAWBERRY,215,214,9872
465,MELON,274,274,9985
465,EGG,64,63,9773
465,MILK,207,206,9971
465,WOOL,247,247,9764
465,FERTILIZER,100,100,10000
466,WHEAT,40,40,9764
466,CARROT,37,37,9980
466,TOMATO,62,62,9980
466,STRAWBERRY,215,215,9872
466,MELON,274,274,9985
466,EGG,64,64,9773
466,MILK,207,207,9971
466,WOOL,247,247,9764
466,FERTILIZER,100,100,10000
467,WHEAT,40,40,9764
467,CARROT,37,37,9980
467,TOMATO,62,62,9980
467,STRAWBERRY,215,215,9872
467,MELON,274,274,9985
467,EGG,64,64,9773
467,MILK,207,207,9971
467,WOOL,247,247,9764
467,FERTILIZER,100,100,10000
468,WHEAT,40,40,9764
468,CARROT,37,37,9980
468,TOMATO,62,62,9980
468,STRAWBERRY,215,215,9872
468,MELON,274,274,9985
468,EGG,64,64,9773
468,MILK,207,207,9971
468,WOOL,247,247,9764
468,FERTILIZER,100,100,10000
469,WHEAT,40,40,9760
469,CARROT,37,37,9980
469,TOMATO,62,62,9980
469,STRAWBERRY,216,215,9870
469,MELON,274,274,9985
469,EGG,64,64,9770
469,MILK,208,207,9970
469,WOOL,247,247,9760
469,FERTILIZER,100,100,10000
470,WHEAT,40,40,9760
470,CARROT,37,37,9980
470,TOMATO,62,62,9980
470,STRAWBERRY,216,216,9870
470,MELON,274,274,9985
470,EGG,64,64,9770
470,MILK,208,208,9970
470,WOOL,247,247,9760
470,FERTILIZER,100,100,10000
471,WHEAT,40,40,9760
471,CARROT,37,37,9980
471,TOMATO,62,62,9980
471,STRAWBERRY,216,216,9870
471,MELON,274,274,9985
471,EGG,64,64,9770
471,MILK,208,208,9970
471,WOOL,247,247,9760
471,FERTILIZER,100,100,10000
472,WHEAT,40,40,9760
472,CARROT,37,37,9980
472,TOMATO,62,62,9980
472,STRAWBERRY,216,216,9870
472,MELON,274,274,9985
472,EGG,64,64,9770
472,MILK,208,208,9970
472,WOOL,247,247,9760
472,FERTILIZER,100,100,10000
473,WHEAT,41,40,9756
473,CARROT,37,37,9980
473,TOMATO,62,62,9980
473,STRAWBERRY,217,216,9868
473,MELON,274,274,9985
473,EGG,64,64,9767
473,MILK,208,208,9969
473,WOOL,247,247,9756
473,FERTILIZER,100,100,10000
474,WHEAT,41,41,9756
474,CARROT,37,37,9980
474,TOMATO,62,62,9980
474,STRAWBERRY,217,217,9868
474,MELON,274,274,9985
474,EGG,64,64,9767
474,MILK,208,208,9969
474,WOOL,247,247,9756
474,FERTILIZER,100,100,10000
475,WHEAT,41,41,9756
475,CARROT,37,37,9980
475,TOMATO,62,62,9980
475,STRAWBERRY,217,217,9868
475,MELON,274,274,9985
475,EGG,64,64,9767
475,MILK,208,208,9969
475,WOOL,247,247,9756
475,FERTILIZER,100,100,10000
476,WHEAT,41,41,9756
476,CARROT,37,37,9980
476,TOMATO,62,62,9980
476,STRAWBERRY,217,217,9868
476,MELON,274,274,9985
476,EGG,64,64,9767
476,MILK,208,208,9969
476,WOOL,247,247,9756
476,FERTILIZER,100,100,10000
477,WHEAT,41,41,9752
477,CARROT,37,37,9980
477,TOMATO,62,62,9980
477,STRAWBERRY,217,217,9866
477,MELON,274,274,9985
477,EGG,64,64,9764
477,MILK,209,208,9968
477,WOOL,247,247,9752
477,FERTILIZER,100,100,10000
478,WHEAT,41,41,9752
478,CARROT,37,37,9980
478,TOMATO,62,62,9980
478,STRAWBERRY,217,217,9866
478,MELON,274,274,9985
478,EGG,64,64,9764
478,MILK,209,209,9968
478,WOOL,247,247,9752
478,FERTILIZER,100,100,10000
479,WHEAT,41,41,9752
479,CARROT,37,37,9980
479,TOMATO,62,62,9980
479,STRAWBERRY,217,217,9866
479,MELON,274,274,9985
479,EGG,64,64,9764
479,MILK,209,209,9968
479,WOOL,247,247,9752
479,FERTILIZER,100,100,10000
480,WHEAT,41,41,9752
480,CARROT,37,37,9980
480,TOMATO,62,62,9980
480,STRAWBERRY,217,217,9866
480,MELON,274,274,9985
480,EGG,64,64,9764
480,MILK,209,209,9968
480,WOOL,247,247,9752
480,FERTILIZER,100,100,10000
481,WHEAT,41,41,9747
481,CARROT,37,37,9979
481,TOMATO,63,62,9979
481,STRAWBERRY,218,217,9863
481,MELON,275,274,9984
481,EGG,64,64,9760
481,MILK,211,209,9966
481,WOOL,247,247,9747
481,FERTILIZER,100,100,10000
482,WHEAT,41,41,9747
482,CARROT,37,37,9979
482,TOMATO,63,63,9979
482,STRAWBERRY,218,218,9863
482,MELON,275,275,9984
482,EGG,64,64,9760
482,MILK,211,211,9966
482,WOOL,247,247,9747
482,FERTILIZER,100,100,10000
483,WHEAT,41,41,9747
483,CARROT,37,37,9979
483,TOMATO,63,63,9979
483,STRAWBERRY,218,218,9863
483,MELON,275,275,9984
483,EGG,64,64,9760
483,MILK,211,211,9966
483,WOOL,247,247,9747
483,FERTILIZER,100,100,10000
484,WHEAT,41,41,9747
484,CARROT,37,37,9979
484,TOMATO,63,63,9979
484,STRAWBERRY,218,218,9863
484,MELON,275,275,9984
484,EGG,64,64,9760
484,MILK,211,211,9966
484,WOOL,247,247,9747
484,FERTILIZER,100,100,10000
485,WHEAT,41,41,9743
485,CARROT,37,37,9979
485,TOMATO,63,63,9979
485,STRAWBERRY,219,218,9861
485,MELON,275,275,9984
485,EGG,65,64,9757
485,MILK,211,211,9965
485,WOOL,248,247,9743
485,FERTILIZER,100,100,10000
486,WHEAT,41,41,9743
486,CARROT,37,37,9979
486,TOMATO,63,63,9979
486,STRAWBERRY,219,219,9861
486,MELON,275,275,9984
486,EGG,65,65,9757
486,MILK,211,211,9965
486,WOOL,248,248,9743
486,FERTILIZER,100,100,10000
487,WHEAT,41,41,9743
487,CARROT,37,37,9979
487,TOMATO,63,63,9979
487,STRAWBERRY,219,219,9861
487,MELON,275,275,9984
487,EGG,65,65,9757
487,MILK,211,211,9965
487,WOOL,248,248,9743
487,FERTILIZER,100,100,10000
488,WHEAT,41,41,9743
488,CARROT,37,37,9979
488,TOMATO,63,63,9979
488,STRAWBERRY,219,219,9861
488,MELON,275,275,9984
488,EGG,65,65,9757
488,MILK,211,211,9965
488,WOOL,248,248,9743
488,FERTILIZER,100,100,10000
489,WHEAT,41,41,9739
489,CARROT,37,37,9979
489,TOMATO,63,63,9979
489,STRAWBERRY,220,219,9859
489,MELON,275,275,9984
489,EGG,65,65,9754
489,MILK,212,211,9964
489,WOOL,248,248,9739
489,FERTILIZER,100,100,10000
490,WHEAT,41,41,9739
490,CARROT,37,37,9979
490,TOMATO,63,63,9979
490,STRAWBERRY,220,220,9859
490,MELON,275,275,9984
490,EGG,65,65,9754
490,MILK,212,212,9964
490,WOOL,248,248,9739
490,FERTILIZER,100,100,10000
491,WHEAT,41,41,9739
491,CARROT,37,37,9979
491,TOMATO,63,63,9979
491,STRAWBERRY,220,220,9859
491,MELON,275,275,9984
491,EGG,65,65,9754
491,MILK,212,212,9964
491,WOOL,248,248,9739
491,FERTILIZER,100,100,10000
492,WHEAT,41,41,9739
492,CARROT,37,37,9979
492,TOMATO,63,63,9979
492,STRAWBERRY,220,220,9859
492,MELON,275,275,9984
492,EGG,65,65,9754
492,MILK,212,212,9964
492,WOOL,248,248,9739
492,FERTILIZER,100,100,10000
493,WHEAT,41,41,9735
493,CARROT,37,37,9979
493,TOMATO,63,63,9979
493,STRAWBERRY,220,220,9857
493,MELON,275,275,9984
493,EGG,65,65,9751
493,MILK,213,212,9963
493,WOOL,248,248,9735
493,FERTILIZER,100,100,10000
494,WHEAT,41,41,9735
494,CARROT,37,37,9979
494,TOMATO,63,63,9979
494,STRAWBERRY,220,220,9857
494,MELON,275,275,9984
494,EGG,65,65,9751
494,MILK,213,213,9963
494,WOOL,248,248,9735
494,FERTILIZER,100,100,10000
495,WHEAT,41,41,9735
495,CARROT,37,37,9979
495,TOMATO,63,63,9979
495,STRAWBERRY,220,220,9857
495,MELON,275,275,9984
495,EGG,65,65,9751
495,MILK,213,213,9963
495,WOOL,248,248,9735
495,FERTILIZER,100,100,10000
496,WHEAT,41,41,9735
496,CARROT,37,37,9979
496,TOMATO,63,63,9979
496,STRAWBERRY,220,220,9857
496,MELON,275,275,9984
496,EGG,65,65,9751
496,MILK,213,213,9963
496,WOOL,248,248,9735
496,FERTILIZER,100,100,10000
497,WHEAT,41,41,9731
497,CARROT,37,37,9979
497,TOMATO,63,63,9979
497,STRAWBERRY,221,220,9855
497,MELON,275,275,9984
497,EGG,65,65,9748
497,MILK,214,213,9962
497,WOOL,248,248,9731
497,FERTILIZER,100,100,10000
498,WHEAT,41,41,9731
498,CARROT,37,37,9979
498,TOMATO,63,63,9979
498,STRAWBERRY,221,221,9855
498,MELON,275,275,9984
498,EGG,65,65,9748
498,MILK,214,214,9962
498,WOOL,248,248,9731
498,FERTILIZER,100,100,10000
499,WHEAT,41,41,9731
499,CARROT,37,37,9979
499,TOMATO,63,63,9979
499,STRAWBERRY,221,221,9855
499,MELON,275,275,9984
499,EGG,65,65,9748
499,MILK,214,214,9962
499,WOOL,248,248,9731
499,FERTILIZER,100,100,10000
500,WHEAT,41,41,9731
500,CARROT,37,37,9979
500,TOMATO,63,63,9979
500,STRAWBERRY,221,221,9855
500,MELON,275,275,9984
500,EGG,65,65,9748
500,MILK,214,214,9962
500,WOOL,248,248,9731
500,FERTILIZER,100,100,10000
501,WHEAT,42,41,9727
501,CARROT,37,37,9979
501,TOMATO,63,63,9979
501,STRAWBERRY,222,221,9853
501,MELON,275,275,9984
501,EGG,65,65,9745
501,MILK,214,214,9961
501,WOOL,248,248,9727
501,FERTILIZER,100,100,10000
502,WHEAT,42,42,9727
502,CARROT,37,37,9979
502,TOMATO,63,63,9979
502,STRAWBERRY,222,222,9853
502,MELON,275,275,9984
502,EGG,65,65,9745
502,MILK,214,214,9961
502,WOOL,248,248,9727
502,FERTILIZER,100,100,10000
503,WHEAT,42,42,9727
503,CARROT,37,37,9979
503,TOMATO,63,63,9979
503,STRAWBERRY,222,222,9853
503,MELON,275,275,9984
503,EGG,65,65,9745
503,MILK,214,214,9961
503,WOOL,248,248,9727
503,FERTILIZER,100,100,10000
504,WHEAT,42,42,9727
504,CARROT,37,37,9979
504,TOMATO,63,63,9979
504,STRAWBERRY,222,222,9853
504,MELON,275,275,9984
504,EGG,65,65,9745
504,MILK,214,214,9961
504,WOOL,248,248,9727
504,FERTILIZER,100,100,10000
505,WHEAT,42,42,9721
505,CARROT,37,37,9978
505,TOMATO,63,63,9978
505,STRAWBERRY,223,222,9849
505,MELON,275,275,9983
505,EGG,66,65,9741
505,MILK,216,214,9958
505,WOOL,248,248,9722
505,FERTILIZER,100,100,10000
506,WHEAT,42,42,9721
506,CARROT,37,37,9978
506,TOMATO,63,63,9978
506,STRAWBERRY,223,223,9849
506,MELON,275,275,9983
506,EGG,66,66,9741
506,MILK,216,216,9958
506,WOOL,248,248,9722
506,FERTILIZER,100,100,10000
507,WHEAT,42,42,9721
507,CARROT,37,37,9978
507,TOMATO,63,63,9978
507,STRAWBERRY,223,223,9849
507,MELON,275,275,9983
507,EGG,66,66,9741
507,MILK,216,216,9958
507,WOOL,248,248,9722
507,FERTILIZER,100,100,10000
508,WHEAT,42,42,9721
508,CARROT,37,37,9978
508,TOMATO,63,63,9978
508,STRAWBERRY,223,223,9849
508,MELON,275,275,9983
508,EGG,66,66,9741
508,MILK,216,216,9958
508,WOOL,248,248,9722
508,FERTILIZER,100,100,10000
509,WHEAT,42,42,9716
509,CARROT,37,37,9978
509,TOMATO,63,63,9978
509,STRAWBERRY,224,223,9846
509,MELON,275,275,9983
509,EGG,66,66,9738
509,MILK,218,216,9956
509,WOOL,248,248,9718
509,FERTILIZER,100,100,10000
510,WHEAT,42,42,9716
510,CARROT,37,37,9978
510,TOMATO,63,63,9978
510,STRAWBERRY,224,224,9846
510,MELON,275,275,9983
510,EGG,66,66,9738
510,MILK,218,218,9956
510,WOOL,248,248,9718
510,FERTILIZER,100,100,10000
511,WHEAT,42,42,9716
511,CARROT,37,37,9978
511,TOMATO,63,63,9978
511,STRAWBERRY,224,224,9846
511,MELON,275,275,9983
511,EGG,66,66,9738
511,MILK,218,218,9956
511,WOOL,248,248,9718
511,FERTILIZER,100,100,10000
512,WHEAT,42,42,9716
512,CARROT,37,37,9978
512,TOMATO,63,63,9978
512,STRAWBERRY,224,224,9846
512,MELON,275,275,9983
512,EGG,66,66,9738
512,MILK,218,218,9956
512,WOOL,248,248,9718
512,FERTILIZER,100,100,10000
513,WHEAT,42,42,9711
513,CARROT,37,37,9978
513,TOMATO,63,63,9978
513,STRAWBERRY,225,224,9843
513,MELON,275,275,9983
513,EGG,66,66,9735
513,MILK,219,218,9954
513,WOOL,249,248,9714
513,FERTILIZER,100,100,10000
514,WHEAT,42,42,9711
514,CARROT,37,37,9978
514,TOMATO,63,63,9978
514,STRAWBERRY,225,225,9843
514,MELON,275,275,9983
514,EGG,66,66,9735
514,MILK,219,219,9954
514,WOOL,249,249,9714
514,FERTILIZER,100,100,10000
515,WHEAT,42,42,9711
515,CARROT,37,37,9978
515,TOMATO,63,63,9978
515,STRAWBERRY,225,225,9843
515,MELON,275,275,9983
515,EGG,66,66,9735
515,MILK,219,219,9954
515,WOOL,249,249,9714
515,FERTILIZER,100,100,10000
516,WHEAT,42,42,9711
516,CARROT,37,37,9978
516,TOMATO,63,63,9978
516,STRAWBERRY,225,225,9843
516,MELON,275,275,9983
516,EGG,66,66,9735
516,MILK,219,219,9954
516,WOOL,249,249,9714
516,FERTILIZER,100,100,10000
517,WHEAT,42,42,9706
517,CARROT,37,37,9978
517,TOMATO,63,63,9978
517,STRAWBERRY,226,225,9840
517,MELON,275,275,9983
517,EGG,66,66,9732
517,MILK,220,219,9952
517,WOOL,249,249,9710
517,FERTILIZER,100,100,10000
518,WHEAT,42,42,9706
518,CARROT,37,37,9978
518,TOMATO,63,63,9978
518,STRAWBERRY,226,226,9840
518,MELON,275,275,9983
518,EGG,66,66,9732
518,MILK,220,220,9952
518,WOOL,249,249,9710
518,FERTILIZER,100,100,10000
519,WHEAT,42,42,9706
519,CARROT,37,37,9978
519,TOMATO,63,63,9978
519,STRAWBERRY,226,226,9840
519,MELON,275,275,9983
519,EGG,66,66,9732
519,MILK,220,220,9952
519,WOOL,249,249,9710
519,FERTILIZER,100,100,10000
520,WHEAT,42,42,9706
520,CARROT,37,37,9978
520,TOMATO,63,63,9978
520,STRAWBERRY,226,226,9840
520,MELON,275,275,9983
520,EGG,66,66,9732
520,MILK,220,220,9952
520,WOOL,249,249,9710
520,FERTILIZER,100,100,10000
521,WHEAT,42,42,9701
521,CARROT,37,37,9978
521,TOMATO,63,63,9978
521,STRAWBERRY,227,226,9837
521,MELON,275,275,9983
521,EGG,66,66,9729
521,MILK,221,220,9950
521,WOOL,249,249,9706
521,FERTILIZER,100,100,10000
522,WHEAT,42,42,9701
522,CARROT,37,37,9978
522,TOMATO,63,63,9978
522,STRAWBERRY,227,227,9837
522,MELON,275,275,9983
522,EGG,66,66,9729
522,MILK,221,221,9950
522,WOOL,249,249,9706
522,FERTILIZER,100,100,10000
523,WHEAT,42,42,9701
523,CARROT,37,37,9978
523,TOMATO,63,63,9978
523,STRAWBERRY,227,227,9837
523,MELON,275,275,9983
523,EGG,66,66,9729
523,MILK,221,221,9950
523,WOOL,249,249,9706
523,FERTILIZER,100,100,10000
524,WHEAT,42,42,9701
524,CARROT,37,37,9978
524,TOMATO,63,63,9978
524,STRAWBERRY,227,227,9837
524,MELON,275,275,9983
524,EGG,66,66,9729
524,MILK,221,221,9950
524,WOOL,249,249,9706
524,FERTILIZER,100,100,10000
525,WHEAT,42,42,9696
525,CARROT,37,37,9978
525,TOMATO,63,63,9978
525,STRAWBERRY,228,227,9834
525,MELON,275,275,9983
525,EGG,67,66,9726
525,MILK,223,221,9948
525,WOOL,249,249,9702
525,FERTILIZER,100,100,10000
526,WHEAT,42,42,9696
526,CARROT,37,37,9978
526,TOMATO,63,63,9978
526,STRAWBERRY,228,228,9834
526,MELON,275,275,9983
526,EGG,67,67,9726
526,MILK,223,223,9948
526,WOOL,249,249,9702
526,FERTILIZER,100,100,10000
527,WHEAT,42,42,9696
527,CARROT,37,37,9978
527,TOMATO,63,63,9978
527,STRAWBERRY,228,228,9834
527,MELON,275,275,9983
527,EGG,67,67,9726
527,MILK,223,223,9948
527,WOOL,249,249,9702
527,FERTILIZER,100,100,10000
528,WHEAT,42,42,9696
528,CARROT,37,37,9978
528,TOMATO,63,63,9978
528,STRAWBERRY,228,228,9834
528,MELON,275,275,9983
528,EGG,67,67,9726
528,MILK,223,223,9948
528,WOOL,249,249,9702
528,FERTILIZER,100,100,10000
529,WHEAT,43,42,9690
529,CARROT,37,37,9977
529,TOMATO,63,63,9977
529,STRAWBERRY,230,228,9830
529,MELON,276,275,9982
529,EGG,67,67,9722
529,MILK,224,223,9945
529,WOOL,249,249,9697
529,FERTILIZER,100,100,10000
530,WHEAT,43,43,9690
530,CARROT,37,37,9977
530,TOMATO,63,63,9977
530,STRAWBERRY,230,230,9830
530,MELON,276,276,9982
530,EGG,67,67,9722
530,MILK,224,224,9945
530,WOOL,249,249,9697
530,FERTILIZER,100,100,10000
531,WHEAT,43,43,9690
531,CARROT,37,37,9977
531,TOMATO,63,63,9977
531,STRAWBERRY,230,230,9830
531,MELON,276,276,9982
531,EGG,67,67,9722
531,MILK,224,224,9945
531,WOOL,249,249,9697
531,FERTILIZER,100,100,10000
532,WHEAT,43,43,9690
532,CARROT,37,37,9977
532,TOMATO,63,63,9977
532,STRAWBERRY,230,230,9830
532,MELON,276,276,9982
532,EGG,67,67,9722
532,MILK,224,224,9945
532,WOOL,249,249,9697
532,FERTILIZER,100,100,10000
533,WHEAT,43,43,9685
533,CARROT,37,37,9977
533,TOMATO,63,63,9977
533,STRAWBERRY,230,230,9827
533,MELON,276,276,9982
533,EGG,67,67,9719
533,MILK,226,224,9943
533,WOOL,249,249,9693
533,FERTILIZER,100,100,10000
534,WHEAT,43,43,9685
534,CARROT,37,37,9977
534,TOMATO,63,63,9977
534,STRAWBERRY,230,230,9827
534,MELON,276,276,9982
534,EGG,67,67,9719
534,MILK,226,226,9943
534,WOOL,249,249,9693
534,FERTILIZER,100,100,10000
535,WHEAT,43,43,9685
535,CARROT,37,37,9977
535,TOMATO,63,63,9977
535,STRAWBERRY,230,230,9827
535,MELON,276,276,9982
535,EGG,67,67,9719
535,MILK,226,226,9943
535,WOOL,249,249,9693
535,FERTILIZER,100,100,10000
536,WHEAT,43,43,9685
536,CARROT,37,37,9977
536,TOMATO,63,63,9977
536,STRAWBERRY,230,230,9827
536,MELON,276,276,9982
536,EGG,67,67,9719
536,MILK,226,226,9943
536,WOOL,249,249,9693
536,FERTILIZER,100,100,10000
537,WHEAT,43,43,9680
537,CARROT,37,37,9977
537,TOMATO,63,63,9977
537,STRAWBERRY,231,230,9824
537,MELON,276,276,9982
537,EGG,67,67,9716
537,MILK,227,226,9941
537,WOOL,249,249,9689
537,FERTILIZER,100,100,10000
538,WHEAT,43,43,9680
538,CARROT,37,37,9977
538,TOMATO,63,63,9977
538,STRAWBERRY,231,231,9824
538,MELON,276,276,9982
538,EGG,67,67,9716
538,MILK,227,227,9941
538,WOOL,249,249,9689
538,FERTILIZER,100,100,10000
539,WHEAT,43,43,9680
539,CARROT,37,37,9977
539,TOMATO,63,63,9977
539,STRAWBERRY,231,231,9824
539,MELON,276,276,9982
539,EGG,67,67,9716
539,MILK,227,227,9941
539,WOOL,249,249,9689
539,FERTILIZER,100,100,10000
540,WHEAT,43,43,9680
540,CARROT,37,37,9977
540,TOMATO,63,63,9977
540,STRAWBERRY,231,231,9824
540,MELON,276,276,9982
540,EGG,67,67,9716
540,MILK,227,227,9941
540,WOOL,249,249,9689
540,FERTILIZER,100,100,10000
541,WHEAT,43,43,9675
541,CARROT,37,37,9977
541,TOMATO,63,63,9977
541,STRAWBERRY,232,231,9821
541,MELON,276,276,9982
541,EGG,67,67,9713
541,MILK,228,227,9939
541,WOOL,249,249,9685
541,FERTILIZER,100,100,10000
542,WHEAT,43,43,9675
542,CARROT,37,37,9977
542,TOMATO,63,63,9977
542,STRAWBERRY,232,232,9821
542,MELON,276,276,9982
542,EGG,67,67,9713
542,MILK,228,228,9939
542,WOOL,249,249,9685
542,FERTILIZER,100,100,10000
543,WHEAT,43,43,9675
543,CARROT,37,37,9977
543,TOMATO,63,63,9977
543,STRAWBERRY,232,232,9821
543,MELON,276,276,9982
543,EGG,67,67,9713
543,MILK,228,228,9939
543,WOOL,249,249,9685
543,FERTILIZER,100,100,10000
544,WHEAT,43,43,9675
544,CARROT,37,37,9977
544,TOMATO,63,63,9977
544,STRAWBERRY,232,232,9821
544,MELON,276,276,9982
544,EGG,67,67,9713
544,MILK,228,228,9939
544,WOOL,249,249,9685
544,FERTILIZER,100,100,10000
545,WHEAT,43,43,9670
545,CARROT,37,37,9977
545,TOMATO,63,63,9977
545,STRAWBERRY,233,232,9818
545,MELON,276,276,9982
545,EGG,67,67,9710
545,MILK,229,228,9937
545,WOOL,249,249,9681
545,FERTILIZER,100,100,10000
546,WHEAT,43,43,9670
546,CARROT,37,37,9977
546,TOMATO,63,63,9977
546,STRAWBERRY,233,233,9818
546,MELON,276,276,9982
546,EGG,67,67,9710
546,MILK,229,229,9937
546,WOOL,249,249,9681
546,FERTILIZER,100,100,10000
547,WHEAT,43,43,9670
547,CARROT,37,37,9977
547,TOMATO,63,63,9977
547,STRAWBERRY,233,233,9818
547,MELON,276,276,9982
547,EGG,67,67,9710
547,MILK,229,229,9937
547,WOOL,249,249,9681
547,FERTILIZER,100,100,10000
548,WHEAT,43,43,9670
548,CARROT,37,37,9977
548,TOMATO,63,63,9977
548,STRAWBERRY,233,233,9818
548,MELON,276,276,9982
548,EGG,67,67,9710
548,MILK,229,229,9937
548,WOOL,249,249,9681
548,FERTILIZER,100,100,10000
549,WHEAT,43,43,9665
549,CARROT,37,37,9977
549,TOMATO,63,63,9977
549,STRAWBERRY,234,233,9815
549,MELON,276,276,9982
549,EGG,68,67,9707
549,MILK,230,229,9935
549,WOOL,250,249,9677
549,FERTILIZER,100,100,10000
550,WHEAT,43,43,9665
550,CARROT,37,37,9977
550,TOMATO,63,63,9977
550,STRAWBERRY,234,234,9815
550,MELON,276,276,9982
550,EGG,68,68,9707
550,MILK,230,230,9935
550,WOOL,250,250,9677
550,FERTILIZER,100,100,10000
551,WHEAT,43,43,9665
551,CARROT,37,37,9977
551,TOMATO,63,63,9977
551,STRAWBERRY,234,234,9815
551,MELON,276,276,9982
551,EGG,68,68,9707
551,MILK,230,230,9935
551,WOOL,250,250,9677
551,FERTILIZER,100,100,10000
552,WHEAT,43,43,9665
552,CARROT,37,37,9977
552,TOMATO,63,63,9977
552,STRAWBERRY,234,234,9815
552,MELON,276,276,9982
552,EGG,68,68,9707
552,MILK,230,230,9935
552,WOOL,250,250,9677
552,FERTILIZER,100,100,10000
553,WHEAT,43,43,9659
553,CARROT,37,37,9976
553,TOMATO,63,63,9976
553,STRAWBERRY,235,234,9811
553,MELON,276,276,9981
553,EGG,68,68,9703
553,MILK,232,230,9932
553,WOOL,250,250,9672
553,FERTILIZER,100,100,10000
554,WHEAT,43,43,9659
554,CARROT,37,37,9976
554,TOMATO,63,63,9976
554,STRAWBERRY,235,235,9811
554,MELON,276,276,9981
554,EGG,68,68,9703
554,MILK,232,232,9932
554,WOOL,250,250,9672
554,FERTILIZER,100,100,10000
555,WHEAT,43,43,9659
555,CARROT,37,37,9976
555,TOMATO,63,63,9976
555,STRAWBERRY,235,235,9811
555,MELON,276,276,9981
555,EGG,68,68,9703
555,MILK,232,232,9932
555,WOOL,250,250,9672
555,FERTILIZER,100,100,10000
556,WHEAT,43,43,9659
556,CARROT,37,37,9976
556,TOMATO,63,63,9976
556,STRAWBERRY,235,235,9811
556,MELON,276,276,9981
556,EGG,68,68,9703
556,MILK,232,232,9932
556,WOOL,250,250,9672
556,FERTILIZER,100,100,10000
557,WHEAT,44,43,9654
557,CARROT,37,37,9976
557,TOMATO,63,63,9976
557,STRAWBERRY,236,235,9808
557,MELON,276,276,9981
557,EGG,68,68,9700
557,MILK,233,232,9930
557,WOOL,250,250,9668
557,FERTILIZER,100,100,10000
558,WHEAT,44,44,9654
558,CARROT,37,37,9976
558,TOMATO,63,63,9976
558,STRAWBERRY,236,236,9808
558,MELON,276,276,9981
558,EGG,68,68,9700
558,MILK,233,233,9930
558,WOOL,250,250,9668
558,FERTILIZER,100,100,10000
559,WHEAT,44,44,9654
559,CARROT,37,37,9976
559,TOMATO,63,63,9976
559,STRAWBERRY,236,236,9808
559,MELON,276,276,9981
559,EGG,68,68,9700
559,MILK,233,233,9930
559,WOOL,250,250,9668
559,FERTILIZER,100,100,10000
560,WHEAT,44,44,9654
560,CARROT,37,37,9976
560,TOMATO,63,63,9976
560,STRAWBERRY,236,236,9808
560,MELON,276,276,9981
560,EGG,68,68,9700
560,MILK,233,233,9930
560,WOOL,250,250,9668
560,FERTILIZER,100,100,10000
561,WHEAT,44,44,9649
561,CARROT,37,37,9976
561,TOMATO,63,63,9976
561,STRAWBERRY,237,236,9805
561,MELON,276,276,9981
561,EGG,68,68,9697
561,MILK,234,233,9928
561,WOOL,250,250,9664
561,FERTILIZER,100,100,10000
562,WHEAT,44,44,9649
562,CARROT,37,37,9976
562,TOMATO,63,63,9976
562,STRAWBERRY,237,237,9805
562,MELON,276,276,9981
562,EGG,68,68,9697
562,MILK,234,234,9928
562,WOOL,250,250,9664
562,FERTILIZER,100,100,10000
563,WHEAT,44,44,9649
563,CARROT,37,37,9976
563,TOMATO,63,63,9976
563,STRAWBERRY,237,237,9805
563,MELON,276,276,9981
563,EGG,68,68,9697
563,MILK,234,234,9928
563,WOOL,250,250,9664
563,FERTILIZER,100,100,10000
564,WHEAT,44,44,9649
564,CARROT,37,37,9976
564,TOMATO,63,63,9976
564,STRAWBERRY,237,237,9805
564,MELON,276,276,9981
564,EGG,68,68,9697
564,MILK,234,234,9928
564,WOOL,250,250,9664
564,FERTILIZER,100,100,10000
565,WHEAT,44,44,9644
565,CARROT,37,37,9976
565,TOMATO,63,63,9976
565,STRAWBERRY,238,237,9802
565,MELON,276,276,9981
565,EGG,68,68,9694
565,MILK,235,234,9926
565,WOOL,250,250,9660
565,FERTILIZER,100,100,10000
566,WHEAT,44,44,9644
566,CARROT,37,37,9976
566,TOMATO,63,63,9976
566,STRAWBERRY,238,238,9802
566,MELON,276,276,9981
566,EGG,68,68,9694
566,MILK,235,235,9926
566,WOOL,250,250,9660
566,FERTILIZER,100,100,10000
567,WHEAT,44,44,9644
567,CARROT,37,37,9976
567,TOMATO,63,63,9976
567,STRAWBERRY,238,238,9802
567,MELON,276,276,9981
567,EGG,68,68,9694
567,MILK,235,235,9926
567,WOOL,250,250,9660
567,FERTILIZER,100,100,10000
568,WHEAT,44,44,9644
568,CARROT,37,37,9976
568,TOMATO,63,63,9976
568,STRAWBERRY,238,238,9802
568,MELON,276,276,9981
568,EGG,68,68,9694
568,MILK,235,235,9926
568,WOOL,250,250,9660
568,FERTILIZER,100,100,10000
569,WHEAT,44,44,9639
569,CARROT,37,37,9976
569,TOMATO,63,63,9976
569,STRAWBERRY,239,238,9799
569,MELON,276,276,9981
569,EGG,69,68,9691
569,MILK,236,235,9924
569,WOOL,250,250,9656
569,FERTILIZER,100,100,10000
570,WHEAT,44,44,9639
570,CARROT,37,37,9976
570,TOMATO,63,63,9976
570,STRAWBERRY,239,239,9799
570,MELON,276,276,9981
570,EGG,69,69,9691
570,MILK,236,236,9924
570,WOOL,250,250,9656
570,FERTILIZER,100,100,10000
571,WHEAT,44,44,9639
571,CARROT,37,37,9976
571,TOMATO,63,63,9976
571,STRAWBERRY,239,239,9799
571,MELON,276,276,9981
571,EGG,69,69,9691
571,MILK,236,236,9924
571,WOOL,250,250,9656
571,FERTILIZER,100,100,10000
572,WHEAT,44,44,9639
572,CARROT,37,37,9976
572,TOMATO,63,63,9976
572,STRAWBERRY,239,239,9799
572,MELON,276,276,9981
572,EGG,69,69,9691
572,MILK,236,236,9924
572,WOOL,250,250,9656
572,FERTILIZER,100,100,10000
573,WHEAT,44,44,9634
573,CARROT,37,37,9976
573,TOMATO,63,63,9976
573,STRAWBERRY,240,239,9796
573,MELON,276,276,9981
573,EGG,69,69,9688
573,MILK,237,236,9922
573,WOOL,250,250,9652
573,FERTILIZER,100,100,10000
574,WHEAT,44,44,9634
574,CARROT,37,37,9976
574,TOMATO,63,63,9976
574,STRAWBERRY,240,240,9796
574,MELON,276,276,9981
574,EGG,69,69,9688
574,MILK,237,237,9922
574,WOOL,250,250,9652
574,FERTILIZER,100,100,10000
575,WHEAT,44,44,9634
575,CARROT,37,37,9976
575,TOMATO,63,63,9976
575,STRAWBERRY,240,240,9796
575,MELON,276,276,9981
575,EGG,69,69,9688
575,MILK,237,237,9922
575,WOOL,250,250,9652
575,FERTILIZER,100,100,10000
576,WHEAT,44,44,9634
576,CARROT,37,37,9976
576,TOMATO,63,63,9976
576,STRAWBERRY,240,240,9796
576,MELON,276,276,9981
576,EGG,69,69,9688
576,MILK,237,237,9922
576,WOOL,250,250,9652
576,FERTILIZER,100,100,10000
577,WHEAT,44,44,9628
577,CARROT,37,37,9973
577,TOMATO,63,63,9975
577,STRAWBERRY,241,240,9792
577,MELON,277,276,9980
577,EGG,69,69,9684
577,MILK,238,237,9919
577,WOOL,250,250,9647
577,FERTILIZER,100,100,10000
578,WHEAT,44,44,9628
578,CARROT,37,37,9973
578,TOMATO,63,63,9975
578,STRAWBERRY,241,241,9792
578,MELON,277,277,9980
578,EGG,69,69,9684
578,MILK,238,238,9919
578,WOOL,250,250,9647
578,FERTILIZER,100,100,10000
579,WHEAT,44,44,9628
579,CARROT,37,37,9973
579,TOMATO,63,63,9975
579,STRAWBERRY,241,241,9792
579,MELON,277,277,9980
579,EGG,69,69,9684
579,MILK,238,238,9919
579,WOOL,250,250,9647
579,FERTILIZER,100,100,10000
580,WHEAT,44,44,9628
580,CARROT,37,37,9973
580,TOMATO,63,63,9975
580,STRAWBERRY,241,241,9792
580,MELON,277,277,9980
580,EGG,69,69,9684
580,MILK,238,238,9919
580,WOOL,250,250,9647
580,FERTILIZER,100,100,10000
581,WHEAT,44,44,9623
581,CARROT,37,37,9971
581,TOMATO,63,63,9975
581,STRAWBERRY,242,241,9789
581,MELON,277,277,9980
581,EGG,69,69,9681
581,MILK,239,238,9917
581,WOOL,250,250,9643
581,FERTILIZER,100,100,10000
582,WHEAT,44,44,9623
582,CARROT,37,37,9971
582,TOMATO,63,63,9975
582,STRAWBERRY,242,242,9789
582,MELON,277,277,9980
582,EGG,69,69,9681
582,MILK,239,239,9917
582,WOOL,250,250,9643
582,FERTILIZER,100,100,10000
583,WHEAT,44,44,9623
583,CARROT,37,37,9971
583,TOMATO,63,63,9975
583,STRAWBERRY,242,242,9789
583,MELON,277,277,9980
583,EGG,69,69,9681
583,MILK,239,239,9917
583,WOOL,250,250,9643
583,FERTILIZER,100,100,10000
584,WHEAT,44,44,9623
584,CARROT,37,37,9971
584,TOMATO,63,63,9975
584,STRAWBERRY,242,242,9789
584,MELON,277,277,9980
584,EGG,69,69,9681
584,MILK,239,239,9917
584,WOOL,250,250,9643
584,FERTILIZER,100,100,10000
585,WHEAT,45,44,9618
585,CARROT,37,37,9969
585,TOMATO,63,63,9975
585,STRAWBERRY,243,242,9786
585,MELON,277,277,9980
585,EGG,69,69,9678
585,MILK,240,239,9915
585,WOOL,251,250,9639
585,FERTILIZER,100,100,10000
586,WHEAT,45,45,9618
586,CARROT,37,37,9969
586,TOMATO,63,63,9975
586,STRAWBERRY,243,243,9786
586,MELON,277,277,9980
586,EGG,69,69,9678
586,MILK,240,240,9915
586,WOOL,251,251,9639
586,FERTILIZER,100,100,10000
587,WHEAT,45,45,9618
587,CARROT,37,37,9969
587,TOMATO,63,63,9975
587,STRAWBERRY,243,243,9786
587,MELON,277,277,9980
587,EGG,69,69,9678
587,MILK,240,240,9915
587,WOOL,251,251,9639
587,FERTILIZER,100,100,10000
588,WHEAT,45,45,9618
588,CARROT,37,37,9969
588,TOMATO,63,63,9975
588,STRAWBERRY,243,243,9786
588,MELON,277,277,9980
588,EGG,69,69,9678
588,MILK,240,240,9915
588,WOOL,251,251,9639
588,FERTILIZER,100,100,10000
589,WHEAT,45,45,9613
589,CARROT,38,37,9967
589,TOMATO,63,63,9975
589,STRAWBERRY,244,243,9783
589,MELON,277,277,9980
589,EGG,70,69,9675
589,MILK,241,240,9913
589,WOOL,251,251,9635
589,FERTILIZER,100,100,10000
590,WHEAT,45,45,9613
590,CARROT,38,38,9967
590,TOMATO,63,63,9975
590,STRAWBERRY,244,244,9783
590,MELON,277,277,9980
590,EGG,70,70,9675
590,MILK,241,241,9913
590,WOOL,251,251,9635
590,FERTILIZER,100,100,10000
591,WHEAT,45,45,9613
591,CARROT,38,38,9967
591,TOMATO,63,63,9975
591,STRAWBERRY,244,244,9783
591,MELON,277,277,9980
591,EGG,70,70,9675
591,MILK,241,241,9913
591,WOOL,251,251,9635
591,FERTILIZER,100,100,10000
592,WHEAT,45,45,9613
592,CARROT,38,38,9967
592,TOMATO,63,63,9975
592,STRAWBERRY,244,244,9783
592,MELON,277,277,9980
592,EGG,70,70,9675
592,MILK,241,241,9913
592,WOOL,251,251,9635
592,FERTILIZER,100,100,10000
593,WHEAT,45,45,9608
593,CARROT,38,38,9965
593,TOMATO,63,63,9975
593,STRAWBERRY,245,244,9780
593,MELON,277,277,9980
593,EGG,70,70,9672
593,MILK,242,241,9911
593,WOOL,251,251,9631
593,FERTILIZER,100,100,10000
594,WHEAT,45,45,9608
594,CARROT,38,38,9965
594,TOMATO,63,63,9975
594,STRAWBERRY,245,245,9780
594,MELON,277,277,9980
594,EGG,70,70,9672
594,MILK,242,242,9911
594,WOOL,251,251,9631
594,FERTILIZER,100,100,10000
595,WHEAT,45,45,9608
595,CARROT,38,38,9965
595,TOMATO,63,63,9975
595,STRAWBERRY,245,245,9780
595,MELON,277,277,9980
595,EGG,70,70,9672
595,MILK,242,242,9911
595,WOOL,251,251,9631
595,FERTILIZER,100,100,10000
596,WHEAT,45,45,9608
596,CARROT,38,38,9965
596,TOMATO,63,63,9975
596,STRAWBERRY,245,245,9780
596,MELON,277,277,9980
596,EGG,70,70,9672
596,MILK,242,242,9911
596,WOOL,251,251,9631
596,FERTILIZER,100,100,10000
597,WHEAT,45,45,9603
597,CARROT,38,38,9963
597,TOMATO,63,63,9975
597,STRAWBERRY,245,245,9777
597,MELON,277,277,9980
597,EGG,70,70,9669
597,MILK,243,242,9909
597,WOOL,251,251,9627
597,FERTILIZER,100,100,10000
598,WHEAT,45,45,9603
598,CARROT,38,38,9963
598,TOMATO,63,63,9975
598,STRAWBERRY,245,245,9777
598,MELON,277,277,9980
598,EGG,70,70,9669
598,MILK,243,243,9909
598,WOOL,251,251,9627
598,FERTILIZER,100,100,10000
599,WHEAT,45,45,9603
599,CARROT,38,38,9963
599,TOMATO,63,63,9975
599,STRAWBERRY,245,245,9777
599,MELON,277,277,9980
599,EGG,70,70,9669
599,MILK,243,243,9909
599,WOOL,251,251,9627
599,FERTILIZER,100,100,10000
600,WHEAT,45,45,9603
600,CARROT,38,38,9963
600,TOMATO,63,63,9975
600,STRAWBERRY,245,245,9777
600,MELON,277,277,9980
600,EGG,70,70,9669
600,MILK,243,243,9909
600,WOOL,251,251,9627
600,FERTILIZER,100,100,10000
601,WHEAT,45,45,9597
601,CARROT,38,38,9960
601,TOMATO,63,63,9974
601,STRAWBERRY,247,245,9773
601,MELON,277,277,9979
601,EGG,70,70,9665
601,MILK,244,243,9906
601,WOOL,251,251,9622
601,FERTILIZER,100,100,10000
602,WHEAT,45,45,9597
602,CARROT,38,38,9960
602,TOMATO,63,63,9974
602,STRAWBERRY,247,247,9773
602,MELON,277,277,9979
602,EGG,70,70,9665
602,MILK,244,244,9906
602,WOOL,251,251,9622
602,FERTILIZER,100,100,10000
603,WHEAT,45,45,9597
603,CARROT,38,38,9960
603,TOMATO,63,63,9974
603,STRAWBERRY,247,247,9773
603,MELON,277,277,9979
603,EGG,70,70,9665
603,MILK,244,244,9906
603,WOOL,251,251,9622
603,FERTILIZER,100,100,10000
604,WHEAT,45,45,9597
604,CARROT,38,38,9960
604,TOMATO,63,63,9974
604,STRAWBERRY,247,247,9773
604,MELON,277,277,9979
604,EGG,70,70,9665
604,MILK,244,244,9906
604,WOOL,251,251,9622
604,FERTILIZER,100,100,10000
605,WHEAT,45,45,9592
605,CARROT,38,38,9958
605,TOMATO,63,63,9974
605,STRAWBERRY,247,247,9770
605,MELON,277,277,9979
605,EGG,70,70,9662
605,MILK,245,244,9904
605,WOOL,251,251,9618
605,FERTILIZER,100,100,10000
606,WHEAT,45,45,9592
606,CARROT,38,38,9958
606,TOMATO,63,63,9974
606,STRAWBERRY,247,247,9770
606,MELON,277,277,9979
606,EGG,70,70,9662
606,MILK,245,245,9904
606,WOOL,251,251,9618
606,FERTILIZER,100,100,10000
607,WHEAT,45,45,9592
607,CARROT,38,38,9958
607,TOMATO,63,63,9974
607,STRAWBERRY,247,247,9770
607,MELON,277,277,9979
607,EGG,70,70,9662
607,MILK,245,245,9904
607,WOOL,251,251,9618
607,FERTILIZER,100,100,10000
608,WHEAT,45,45,9592
608,CARROT,38,38,9958
608,TOMATO,63,63,9974
608,STRAWBERRY,247,247,9770
608,MELON,277,277,9979
608,EGG,70,70,9662
608,MILK,245,245,9904
608,WOOL,251,251,9618
608,FERTILIZER,100,100,10000
609,WHEAT,45,45,9587
609,CARROT,38,38,9956
609,TOMATO,63,63,9974
609,STRAWBERRY,248,247,9767
609,MELON,277,277,9979
609,EGG,71,70,9659
609,MILK,246,245,9902
609,WOOL,251,251,9614
609,FERTILIZER,100,100,10000
610,WHEAT,45,45,9587
610,CARROT,38,38,9956
610,TOMATO,63,63,9974
610,STRAWBERRY,248,248,9767
610,MELON,277,277,9979
610,EGG,71,71,9659
610,MILK,246,246,9902
610,WOOL,251,251,9614
610,FERTILIZER,100,100,10000
611,WHEAT,45,45,9587
611,CARROT,38,38,9956
611,TOMATO,63,63,9974
611,STRAWBERRY,248,248,9767
611,MELON,277,277,9979
611,EGG,71,71,9659
611,MILK,246,246,9902
611,WOOL,251,251,9614
611,FERTILIZER,100,100,10000
612,WHEAT,45,45,9587
612,CARROT,38,38,9956
612,TOMATO,63,63,9974
612,STRAWBERRY,248,248,9767
612,MELON,277,277,9979
612,EGG,71,71,9659
612,MILK,246,246,9902
612,WOOL,251,251,9614
612,FERTILIZER,100,100,10000
613,WHEAT,45,45,9582
613,CARROT,39,38,9954
613,TOMATO,63,63,9974
613,STRAWBERRY,249,248,9764
613,MELON,277,277,9979
613,EGG,71,71,9656
613,MILK,247,246,9900
613,WOOL,251,251,9610
613,FERTILIZER,100,100,10000
614,WHEAT,45,45,9582
614,CARROT,39,39,9954
614,TOMATO,63,63,9974
614,STRAWBERRY,249,249,9764
614,MELON,277,277,9979
614,EGG,71,71,9656
614,MILK,247,247,9900
614,WOOL,251,251,9610
614,FERTILIZER,100,100,10000
615,WHEAT,45,45,9582
615,CARROT,39,39,9954
615,TOMATO,63,63,9974
615,STRAWBERRY,249,249,9764
615,MELON,277,277,9979
615,EGG,71,71,9656
615,MILK,247,247,9900
615,WOOL,251,251,9610
615,FERTILIZER,100,100,10000
616,WHEAT,45,45,9582
616,CARROT,39,39,9954
616,TOMATO,63,63,9974
616,STRAWBERRY,249,249,9764
616,MELON,277,277,9979
616,EGG,71,71,9656
616,MILK,247,247,9900
616,WOOL,251,251,9610
616,FERTILIZER,100,100,10000
617,WHEAT,46,45,9577
617,CARROT,39,39,9952
617,TOMATO,63,63,9974
617,STRAWBERRY,250,249,9761
617,MELON,277,277,9979
617,EGG,71,71,9653
617,MILK,248,247,9898
617,WOOL,251,251,9606
617,FERTILIZER,100,100,10000
618,WHEAT,46,46,9577
618,CARROT,39,39,9952
618,TOMATO,63,63,9974
618,STRAWBERRY,250,250,9761
618,MELON,277,277,9979
618,EGG,71,71,9653
618,MILK,248,248,9898
618,WOOL,251,251,9606
618,FERTILIZER,100,100,10000
619,WHEAT,46,46,9577
619,CARROT,39,39,9952
619,TOMATO,63,63,9974
619,STRAWBERRY,250,250,9761
619,MELON,277,277,9979
619,EGG,71,71,9653
619,MILK,248,248,9898
619,WOOL,251,251,9606
619,FERTILIZER,100,100,10000
620,WHEAT,46,46,9577
620,CARROT,39,39,9952
620,TOMATO,63,63,9974
620,STRAWBERRY,250,250,9761
620,MELON,277,277,9979
620,EGG,71,71,9653
620,MILK,248,248,9898
620,WOOL,251,251,9606
620,FERTILIZER,100,100,10000
621,WHEAT,46,46,9572
621,CARROT,39,39,9950
621,TOMATO,63,63,9974
621,STRAWBERRY,251,250,9758
621,MELON,277,277,9979
621,EGG,72,71,9650
621,MILK,249,248,9896
621,WOOL,251,251,9602
621,FERTILIZER,100,100,10000
622,WHEAT,46,46,9572
622,CARROT,39,39,9950
622,TOMATO,63,63,9974
622,STRAWBERRY,251,251,9758
622,MELON,277,277,9979
622,EGG,72,72,9650
622,MILK,249,249,9896
622,WOOL,251,251,9602
622,FERTILIZER,100,100,10000
623,WHEAT,46,46,9572
623,CARROT,39,39,9950
623,TOMATO,63,63,9974
623,STRAWBERRY,251,251,9758
623,MELON,277,277,9979
623,EGG,72,72,9650
623,MILK,249,249,9896
623,WOOL,251,251,9602
623,FERTILIZER,100,100,10000
624,WHEAT,46,46,9572
624,CARROT,39,39,9950
624,TOMATO,63,63,9974
624,STRAWBERRY,251,251,9758
624,MELON,277,277,9979
624,EGG,72,72,9650
624,MILK,249,249,9896
624,WOOL,251,251,9602
624,FERTILIZER,100,100,10000
625,WHEAT,46,46,9566
625,CARROT,39,39,9947
625,TOMATO,63,63,9973
625,STRAWBERRY,252,251,9754
625,MELON,277,277,9978
625,EGG,72,72,9646
625,MILK,250,249,9893
625,WOOL,251,251,9597
625,FERTILIZER,100,100,10000
626,WHEAT,46,46,9566
626,CARROT,39,39,9947
626,TOMATO,63,63,9973
626,STRAWBERRY,252,252,9754
626,MELON,277,277,9978
626,EGG,72,72,9646
626,MILK,250,250,9893
626,WOOL,251,251,9597
626,FERTILIZER,100,100,10000
627,WHEAT,46,46,9566
627,CARROT,39,39,9947
627,TOMATO,63,63,9973
627,STRAWBERRY,252,252,9754
627,MELON,277,277,9978
627,EGG,72,72,9646
627,MILK,250,250,9893
627,WOOL,251,251,9597
627,FERTILIZER,100,100,10000
628,WHEAT,46,46,9566
628,CARROT,39,39,9947
628,TOMATO,63,63,9973
628,STRAWBERRY,252,252,9754
628,MELON,277,277,9978
628,EGG,72,72,9646
628,MILK,250,250,9893
628,WOOL,251,251,9597
628,FERTILIZER,100,100,10000
629,WHEAT,46,46,9561
629,CARROT,39,39,9945
629,TOMATO,63,63,9973
629,STRAWBERRY,253,252,9751
629,MELON,277,277,9978
629,EGG,72,72,9643
629,MILK,251,250,9891
629,WOOL,252,251,9593
629,FERTILIZER,100,100,10000
630,WHEAT,46,46,9561
630,CARROT,39,39,9945
630,TOMATO,63,63,9973
630,STRAWBERRY,253,253,9751
630,MELON,277,277,9978
630,EGG,72,72,9643
630,MILK,251,251,9891
630,WOOL,252,252,9593
630,FERTILIZER,100,100,10000
631,WHEAT,46,46,9561
631,CARROT,39,39,9945
631,TOMATO,63,63,9973
631,STRAWBERRY,253,253,9751
631,MELON,277,277,9978
631,EGG,72,72,9643
631,MILK,251,251,9891
631,WOOL,252,252,9593
631,FERTILIZER,100,100,10000
632,WHEAT,46,46,9561
632,CARROT,39,39,9945
632,TOMATO,63,63,9973
632,STRAWBERRY,253,253,9751
632,MELON,277,277,9978
632,EGG,72,72,9643
632,MILK,251,251,9891
632,WOOL,252,252,9593
632,FERTILIZER,100,100,10000
633,WHEAT,46,46,9556
633,CARROT,39,39,9943
633,TOMATO,63,63,9973
633,STRAWBERRY,253,253,9748
633,MELON,277,277,9978
633,EGG,73,72,9640
633,MILK,252,251,9889
633,WOOL,252,252,9589
633,FERTILIZER,100,100,10000
634,WHEAT,46,46,9556
634,CARROT,39,39,9943
634,TOMATO,63,63,9973
634,STRAWBERRY,253,253,9748
634,MELON,277,277,9978
634,EGG,73,73,9640
634,MILK,252,252,9889
634,WOOL,252,252,9589
634,FERTILIZER,100,100,10000
635,WHEAT,46,46,9556
635,CARROT,39,39,9943
635,TOMATO,63,63,9973
635,STRAWBERRY,253,253,9748
635,MELON,277,277,9978
635,EGG,73,73,9640
635,MILK,252,252,9889
635,WOOL,252,252,9589
635,FERTILIZER,100,100,10000
636,WHEAT,46,46,9556
636,CARROT,39,39,9943
636,TOMATO,63,63,9973
636,STRAWBERRY,253,253,9748
636,MELON,277,277,9978
636,EGG,73,73,9640
636,MILK,252,252,9889
636,WOOL,252,252,9589
636,FERTILIZER,100,100,10000
637,WHEAT,46,46,9551
637,CARROT,40,39,9941
637,TOMATO,63,63,9973
637,STRAWBERRY,254,253,9745
637,MELON,277,277,9978
637,EGG,73,73,9637
637,MILK,252,252,9887
637,WOOL,252,252,9585
637,FERTILIZER,100,100,10000
638,WHEAT,46,46,9551
638,CARROT,40,40,9941
638,TOMATO,63,63,9973
638,STRAWBERRY,254,254,9745
638,MELON,277,277,9978
638,EGG,73,73,9637
638,MILK,252,252,9887
638,WOOL,252,252,9585
638,FERTILIZER,100,100,10000
639,WHEAT,46,46,9551
639,CARROT,40,40,9941
639,TOMATO,63,63,9973
639,STRAWBERRY,254,254,9745
639,MELON,277,277,9978
639,EGG,73,73,9637
639,MILK,252,252,9887
639,WOOL,252,252,9585
639,FERTILIZER,100,100,10000
640,WHEAT,46,46,9551
640,CARROT,40,40,9941
640,TOMATO,63,63,9973
640,STRAWBERRY,254,254,9745
640,MELON,277,277,9978
640,EGG,73,73,9637
640,MILK,252,252,9887
640,WOOL,252,252,9585
640,FERTILIZER,100,100,10000
641,WHEAT,46,46,9546
641,CARROT,40,40,9939
641,TOMATO,63,63,9973
641,STRAWBERRY,255,254,9742
641,MELON,277,277,9978
641,EGG,74,73,9634
641,MILK,253,252,9885
641,WOOL,252,252,9581
641,FERTILIZER,100,100,10000
642,WHEAT,46,46,9546
642,CARROT,40,40,9939
642,TOMATO,63,63,9973
642,STRAWBERRY,255,255,9742
642,MELON,277,277,9978
642,EGG,74,74,9634
642,MILK,253,253,9885
642,WOOL,252,252,9581
642,FERTILIZER,100,100,10000
643,WHEAT,46,46,9546
643,CARROT,40,40,9939
643,TOMATO,63,63,9973
643,STRAWBERRY,255,255,9742
643,MELON,277,277,9978
643,EGG,74,74,9634
643,MILK,253,253,9885
643,WOOL,252,252,9581
643,FERTILIZER,100,100,10000
644,WHEAT,46,46,9546
644,CARROT,40,40,9939
644,TOMATO,63,63,9973
644,STRAWBERRY,255,255,9742
644,MELON,277,277,9978
644,EGG,74,74,9634
644,MILK,253,253,9885
644,WOOL,252,252,9581
644,FERTILIZER,100,100,10000
645,WHEAT,46,46,9541
645,CARROT,40,40,9937
645,TOMATO,63,63,9973
645,STRAWBERRY,256,255,9739
645,MELON,277,277,9978
645,EGG,74,74,9631
645,MILK,254,253,9883
645,WOOL,252,252,9577
645,FERTILIZER,100,100,10000
646,WHEAT,46,46,9541
646,CARROT,40,40,9937
646,TOMATO,63,63,9973
646,STRAWBERRY,256,256,9739
646,MELON,277,277,9978
646,EGG,74,74,9631
646,MILK,254,254,9883
646,WOOL,252,252,9577
646,FERTILIZER,100,100,10000
647,WHEAT,46,46,9541
647,CARROT,40,40,9937
647,TOMATO,63,63,9973
647,STRAWBERRY,256,256,9739
647,MELON,277,277,9978
647,EGG,74,74,9631
647,MILK,254,254,9883
647,WOOL,252,252,9577
647,FERTILIZER,100,100,10000
648,WHEAT,46,46,9541
648,CARROT,40,40,9937
648,TOMATO,63,63,9973
648,STRAWBERRY,256,256,9739
648,MELON,277,277,9978
648,EGG,74,74,9631
648,MILK,254,254,9883
648,WOOL,252,252,9577
648,FERTILIZER,100,100,10000
649,WHEAT,47,46,9535
649,CARROT,40,40,9934
649,TOMATO,63,63,9972
649,STRAWBERRY,257,256,9735
649,MELON,278,277,9977
649,EGG,75,74,9627
649,MILK,255,254,9880
649,WOOL,252,252,9572
649,FERTILIZER,100,100,10000
650,WHEAT,47,47,9535
650,CARROT,40,40,9934
650,TOMATO,63,63,9972
650,STRAWBERRY,257,257,9735
650,MELON,278,278,9977
650,EGG,75,75,9627
650,MILK,255,255,9880
650,WOOL,252,252,9572
650,FERTILIZER,100,100,10000
651,WHEAT,47,47,9535
651,CARROT,40,40,9934
651,TOMATO,63,63,9972
651,STRAWBERRY,257,257,9735
651,MELON,278,278,9977
651,EGG,75,75,9627
651,MILK,255,255,9880
651,WOOL,252,252,9572
651,FERTILIZER,100,100,10000
652,WHEAT,47,47,9535
652,CARROT,40,40,9934
652,TOMATO,63,63,9972
652,STRAWBERRY,257,257,9735
652,MELON,278,278,9977
652,EGG,75,75,9627
652,MILK,255,255,9880
652,WOOL,252,252,9572
652,FERTILIZER,100,100,10000
653,WHEAT,47,47,9530
653,CARROT,40,40,9932
653,TOMATO,63,63,9972
653,STRAWBERRY,258,257,9732
653,MELON,278,278,9977
653,EGG,75,75,9624
653,MILK,256,255,9878
653,WOOL,252,252,9568
653,FERTILIZER,100,100,10000
654,WHEAT,47,47,9530
654,CARROT,40,40,9932
654,TOMATO,63,63,9972
654,STRAWBERRY,258,258,9732
654,MELON,278,278,9977
654,EGG,75,75,9624
654,MILK,256,256,9878
654,WOOL,252,252,9568
654,FERTILIZER,100,100,10000
655,WHEAT,47,47,9530
655,CARROT,40,40,9932
655,TOMATO,63,63,9972
655,STRAWBERRY,258,258,9732
655,MELON,278,278,9977
655,EGG,75,75,9624
655,MILK,256,256,9878
655,WOOL,252,252,9568
655,FERTILIZER,100,100,10000
656,WHEAT,47,47,9530
656,CARROT,40,40,9932
656,TOMATO,63,63,9972
656,STRAWBERRY,258,258,9732
656,MELON,278,278,9977
656,EGG,75,75,9624
656,MILK,256,256,9878
656,WOOL,252,252,9568
656,FERTILIZER,100,100,10000
657,WHEAT,47,47,9525
657,CARROT,40,40,9930
657,TOMATO,63,63,9972
657,STRAWBERRY,258,258,9729
657,MELON,278,278,9977
657,EGG,76,75,9621
657,MILK,257,256,9876
657,WOOL,252,252,9564
657,FERTILIZER,100,100,10000
658,WHEAT,47,47,9525
658,CARROT,40,40,9930
658,TOMATO,63,63,9972
658,STRAWBERRY,258,258,9729
658,MELON,278,278,9977
658,EGG,76,76,9621
658,MILK,257,257,9876
658,WOOL,252,252,9564
658,FERTILIZER,100,100,10000
659,WHEAT,47,47,9525
659,CARROT,40,40,9930
659,TOMATO,63,63,9972
659,STRAWBERRY,258,258,9729
659,MELON,278,278,9977
659,EGG,76,76,9621
659,MILK,257,257,9876
659,WOOL,252,252,9564
659,FERTILIZER,100,100,10000
660,WHEAT,47,47,9525
660,CARROT,40,40,9930
660,TOMATO,63,63,9972
660,STRAWBERRY,258,258,9729
660,MELON,278,278,9977
660,EGG,76,76,9621
660,MILK,257,257,9876
660,WOOL,252,252,9564
660,FERTILIZER,100,100,10000
661,WHEAT,47,47,9520
661,CARROT,41,40,9928
661,TOMATO,63,63,9972
661,STRAWBERRY,259,258,9726
661,MELON,278,278,9977
661,EGG,77,76,9618
661,MILK,258,257,9874
661,WOOL,252,252,9560
661,FERTILIZER,100,100,10000
662,WHEAT,47,47,9520
662,CARROT,41,41,9928
662,TOMATO,63,63,9972
662,STRAWBERRY,259,259,9726
662,MELON,278,278,9977
662,EGG,77,77,9618
662,MILK,258,258,9874
662,WOOL,252,252,9560
662,FERTILIZER,100,100,10000
663,WHEAT,47,47,9520
663,CARROT,41,41,9928
663,TOMATO,63,63,9972
663,STRAWBERRY,259,259,9726
663,MELON,278,278,9977
663,EGG,77,77,9618
663,MILK,258,258,9874
663,WOOL,252,252,9560
663,FERTILIZER,100,100,10000
664,WHEAT,47,47,9520
664,CARROT,41,41,9928
664,TOMATO,63,63,9972
664,STRAWBERRY,259,259,9726
664,MELON,278,278,9977
664,EGG,77,77,9618
664,MILK,258,258,9874
664,WOOL,252,252,9560
664,FERTILIZER,100,100,10000
665,WHEAT,47,47,9515
665,CARROT,41,41,9926
665,TOMATO,63,63,9972
665,STRAWBERRY,260,259,9723
665,MELON,278,278,9977
665,EGG,77,77,9615
665,MILK,258,258,9872
665,WOOL,252,252,9556
665,FERTILIZER,100,100,10000
666,WHEAT,47,47,9515
666,CARROT,41,41,9926
666,TOMATO,63,63,9972
666,STRAWBERRY,260,260,9723
666,MELON,278,278,9977
666,EGG,77,77,9615
666,MILK,258,258,9872
666,WOOL,252,252,9556
666,FERTILIZER,100,100,10000
667,WHEAT,47,47,9515
667,CARROT,41,41,9926
667,TOMATO,63,63,9972
667,STRAWBERRY,260,260,9723
667,MELON,278,278,9977
667,EGG,77,77,9615
667,MILK,258,258,9872
667,WOOL,252,252,9556
667,FERTILIZER,100,100,10000
668,WHEAT,47,47,9515
668,CARROT,41,41,9926
668,TOMATO,63,63,9972
668,STRAWBERRY,260,260,9723
668,MELON,278,278,9977
668,EGG,77,77,9615
668,MILK,258,258,9872
668,WOOL,252,252,9556
668,FERTILIZER,100,100,10000
669,WHEAT,47,47,9510
669,CARROT,41,41,9924
669,TOMATO,63,63,9972
669,STRAWBERRY,261,260,9720
669,MELON,278,278,9977
669,EGG,78,77,9612
669,MILK,259,258,9870
669,WOOL,252,252,9552
669,FERTILIZER,100,100,10000
670,WHEAT,47,47,9510
670,CARROT,41,41,9924
670,TOMATO,63,63,9972
670,STRAWBERRY,261,261,9720
670,MELON,278,278,9977
670,EGG,78,78,9612
670,MILK,259,259,9870
670,WOOL,252,252,9552
670,FERTILIZER,100,100,10000
671,WHEAT,47,47,9510
671,CARROT,41,41,9924
671,TOMATO,63,63,9972
671,STRAWBERRY,261,261,9720
671,MELON,278,278,9977
671,EGG,78,78,9612
671,MILK,259,259,9870
671,WOOL,252,252,9552
671,FERTILIZER,100,100,10000
672,WHEAT,47,47,9510
672,CARROT,41,41,9924
672,TOMATO,63,63,9972
672,STRAWBERRY,261,261,9720
672,MELON,278,278,9977
672,EGG,78,78,9612
672,MILK,259,259,9870
672,WOOL,252,252,9552
672,FERTILIZER,100,100,10000
673,WHEAT,47,47,9504
673,CARROT,41,41,9921
673,TOMATO,63,63,9971
673,STRAWBERRY,262,261,9716
673,MELON,278,278,9976
673,EGG,79,78,9608
673,MILK,260,259,9867
673,WOOL,252,252,9547
673,FERTILIZER,100,100,10000
674,WHEAT,47,47,9504
674,CARROT,41,41,9921
674,TOMATO,63,63,9971
674,STRAWBERRY,262,262,9716
674,MELON,278,278,9976
674,EGG,79,79,9608
674,MILK,260,260,9867
674,WOOL,252,252,9547
674,FERTILIZER,100,100,10000
675,WHEAT,47,47,9504
675,CARROT,41,41,9921
675,TOMATO,63,63,9971
675,STRAWBERRY,262,262,9716
675,MELON,278,278,9976
675,EGG,79,79,9608
675,MILK,260,260,9867
675,WOOL,252,252,9547
675,FERTILIZER,100,100,10000
676,WHEAT,47,47,9504
676,CARROT,41,41,9921
676,TOMATO,63,63,9971
676,STRAWBERRY,262,262,9716
676,MELON,278,278,9976
676,EGG,79,79,9608
676,MILK,260,260,9867
676,WOOL,252,252,9547
676,FERTILIZER,100,100,10000
677,WHEAT,47,47,9499
677,CARROT,41,41,9919
677,TOMATO,63,63,9971
677,STRAWBERRY,262,262,9713
677,MELON,278,278,9976
677,EGG,80,79,9605
677,MILK,261,260,9865
677,WOOL,253,252,9543
677,FERTILIZER,100,100,10000
678,WHEAT,47,47,9499
678,CARROT,41,41,9919
678,TOMATO,63,63,9971
678,STRAWBERRY,262,262,9713
678,MELON,278,278,9976
678,EGG,80,80,9605
678,MILK,261,261,9865
678,WOOL,253,253,9543
678,FERTILIZER,100,100,10000
679,WHEAT,47,47,9499
679,CARROT,41,41,9919
679,TOMATO,63,63,9971
679,STRAWBERRY,262,262,9713
679,MELON,278,278,9976
679,EGG,80,80,9605
679,MILK,261,261,9865
679,WOOL,253,253,9543
679,FERTILIZER,100,100,10000
680,WHEAT,47,47,9499
680,CARROT,41,41,9919
680,TOMATO,63,63,9971
680,STRAWBERRY,262,262,9713
680,MELON,278,278,9976
680,EGG,80,80,9605
680,MILK,261,261,9865
680,WOOL,253,253,9543
680,FERTILIZER,100,100,10000
681,WHEAT,47,47,9494
681,CARROT,41,41,9917
681,TOMATO,63,63,9971
681,STRAWBERRY,263,262,9710
681,MELON,278,278,9976
681,EGG,80,80,9602
681,MILK,262,261,9863
681,WOOL,253,253,9539
681,FERTILIZER,100,100,10000
682,WHEAT,47,47,9494
682,CARROT,41,41,9917
682,TOMATO,63,63,9971
682,STRAWBERRY,263,263,9710
682,MELON,278,278,9976
682,EGG,80,80,9602
682,MILK,262,262,9863
682,WOOL,253,253,9539
682,FERTILIZER,100,100,10000
683,WHEAT,47,47,9494
683,CARROT,41,41,9917
683,TOMATO,63,63,9971
683,STRAWBERRY,263,263,9710
683,MELON,278,278,9976
683,EGG,80,80,9602
683,MILK,262,262,9863
683,WOOL,253,253,9539
683,FERTILIZER,100,100,10000
684,WHEAT,47,47,9494
684,CARROT,41,41,9917
684,TOMATO,63,63,9971
684,STRAWBERRY,263,263,9710
684,MELON,278,278,9976
684,EGG,80,80,9602
684,MILK,262,262,9863
684,WOOL,253,253,9539
684,FERTILIZER,100,100,10000
685,WHEAT,48,47,9489
685,CARROT,42,41,9915
685,TOMATO,63,63,9971
685,STRAWBERRY,264,263,9707
685,MELON,278,278,9976
685,EGG,81,80,9599
685,MILK,262,262,9861
685,WOOL,253,253,9535
685,FERTILIZER,100,100,10000
686,WHEAT,48,48,9489
686,CARROT,42,42,9915
686,TOMATO,63,63,9971
686,STRAWBERRY,264,264,9707
686,MELON,278,278,9976
686,EGG,81,81,9599
686,MILK,262,262,9861
686,WOOL,253,253,9535
686,FERTILIZER,100,100,10000
687,WHEAT,48,48,9489
687,CARROT,42,42,9915
687,TOMATO,63,63,9971
687,STRAWBERRY,264,264,9707
687,MELON,278,278,9976
687,EGG,81,81,9599
687,MILK,262,262,9861
687,WOOL,253,253,9535
687,FERTILIZER,100,100,10000
688,WHEAT,48,48,9489
688,CARROT,42,42,9915
688,TOMATO,63,63,9971
688,STRAWBERRY,264,264,9707
688,MELON,278,278,9976
688,EGG,81,81,9599
688,MILK,262,262,9861
688,WOOL,253,253,9535
688,FERTILIZER,100,100,10000
689,WHEAT,48,48,9484
689,CARROT,42,42,9913
689,TOMATO,63,63,9971
689,STRAWBERRY,265,264,9704
689,MELON,278,278,9976
689,EGG,82,81,9596
689,MILK,263,262,9859
689,WOOL,253,253,9531
689,FERTILIZER,100,100,10000
690,WHEAT,48,48,9484
690,CARROT,42,42,9913
690,TOMATO,63,63,9971
690,STRAWBERRY,265,265,9704
690,MELON,278,278,9976
690,EGG,82,82,9596
690,MILK,263,263,9859
690,WOOL,253,253,9531
690,FERTILIZER,100,100,10000
691,WHEAT,48,48,9484
691,CARROT,42,42,9913
691,TOMATO,63,63,9971
691,STRAWBERRY,265,265,9704
691,MELON,278,278,9976
691,EGG,82,82,9596
691,MILK,263,263,9859
691,WOOL,253,253,9531
691,FERTILIZER,100,100,10000
692,WHEAT,48,48,9484
692,CARROT,42,42,9913
692,TOMATO,63,63,9971
692,STRAWBERRY,265,265,9704
692,MELON,278,278,9976
692,EGG,82,82,9596
692,MILK,263,263,9859
692,WOOL,253,253,9531
692,FERTILIZER,100,100,10000
693,WHEAT,48,48,9479
693,CARROT,42,42,9911
693,TOMATO,63,63,9971
693,STRAWBERRY,265,265,9701
693,MELON,278,278,9976
693,EGG,83,82,9593
693,MILK,264,263,9857
693,WOOL,253,253,9527
693,FERTILIZER,100,100,10000
694,WHEAT,48,48,9479
694,CARROT,42,42,9911
694,TOMATO,63,63,9971
694,STRAWBERRY,265,265,9701
694,MELON,278,278,9976
694,EGG,83,83,9593
694,MILK,264,264,9857
694,WOOL,253,253,9527
694,FERTILIZER,100,100,10000
695,WHEAT,48,48,9479
695,CARROT,42,42,9911
695,TOMATO,63,63,9971
695,STRAWBERRY,265,265,9701
695,MELON,278,278,9976
695,EGG,83,83,9593
695,MILK,264,264,9857
695,WOOL,253,253,9527
695,FERTILIZER,100,100,10000
696,WHEAT,48,48,9479
696,CARROT,42,42,9911
696,TOMATO,63,63,9971
696,STRAWBERRY,265,265,9701
696,MELON,278,278,9976
696,EGG,83,83,9593
696,MILK,264,264,9857
696,WOOL,253,253,9527
696,FERTILIZER,100,100,10000
697,WHEAT,48,48,9473
697,CARROT,42,42,9908
697,TOMATO,64,63,9970
697,STRAWBERRY,266,265,9697
697,MELON,279,278,9975
697,EGG,84,83,9589
697,MILK,265,264,9854
697,WOOL,253,253,9522
697,FERTILIZER,100,100,10000
698,WHEAT,48,48,9473
698,CARROT,42,42,9908
698,TOMATO,64,64,9970
698,STRAWBERRY,266,266,9697
698,MELON,279,279,9975
698,EGG,84,84,9589
698,MILK,265,265,9854
698,WOOL,253,253,9522
698,FERTILIZER,100,100,10000
699,WHEAT,48,48,9473
699,CARROT,42,42,9908
699,TOMATO,64,64,9970
699,STRAWBERRY,266,266,9697
699,MELON,279,279,9975
699,EGG,84,84,9589
699,MILK,265,265,9854
699,WOOL,253,253,9522
699,FERTILIZER,100,100,10000
700,WHEAT,48,48,9473
700,CARROT,42,42,9908
700,TOMATO,64,64,9970
700,STRAWBERRY,266,266,9697
700,MELON,279,279,9975
700,EGG,84,84,9589
700,MILK,265,265,9854
700,WOOL,253,253,9522
700,FERTILIZER,100,100,10000
701,WHEAT,48,48,9468
701,CARROT,42,42,9906
701,TOMATO,64,64,9970
701,STRAWBERRY,267,266,9694
701,MELON,279,279,9975
701,EGG,85,84,9586
701,MILK,266,265,9852
701,WOOL,253,253,9518
701,FERTILIZER,100,100,10000
702,WHEAT,48,48,9468
702,CARROT,42,42,9906
702,TOMATO,64,64,9970
702,STRAWBERRY,267,267,9694
702,MELON,279,279,9975
702,EGG,85,85,9586
702,MILK,266,266,9852
702,WOOL,253,253,9518
702,FERTILIZER,100,100,10000
703,WHEAT,48,48,9468
703,CARROT,42,42,9906
703,TOMATO,64,64,9970
703,STRAWBERRY,267,267,9694
703,MELON,279,279,9975
703,EGG,85,85,9586
703,MILK,266,266,9852
703,WOOL,253,253,9518
703,FERTILIZER,100,100,10000
704,WHEAT,48,48,9468
704,CARROT,42,42,9906
704,TOMATO,64,64,9970
704,STRAWBERRY,267,267,9694
704,MELON,279,279,9975
704,EGG,85,85,9586
704,MILK,266,266,9852
704,WOOL,253,253,9518
704,FERTILIZER,100,100,10000
705,WHEAT,48,48,9463
705,CARROT,42,42,9904
705,TOMATO,64,64,9970
705,STRAWBERRY,268,267,9691
705,MELON,279,279,9975
705,EGG,86,85,9583
705,MILK,266,266,9850
705,WOOL,253,253,9514
705,FERTILIZER,100,100,10000
706,WHEAT,48,48,9463
706,CARROT,42,42,9904
706,TOMATO,64,64,9970
706,STRAWBERRY,268,268,9691
706,MELON,279,279,9975
706,EGG,86,86,9583
706,MILK,266,266,9850
706,WOOL,253,253,9514
706,FERTILIZER,100,100,10000
707,WHEAT,48,48,9463
707,CARROT,42,42,9904
707,TOMATO,64,64,9970
707,STRAWBERRY,268,268,9691
707,MELON,279,279,9975
707,EGG,86,86,9583
707,MILK,266,266,9850
707,WOOL,253,253,9514
707,FERTILIZER,100,100,10000
708,WHEAT,48,48,9463
708,CARROT,42,42,9904
708,TOMATO,64,64,9970
708,STRAWBERRY,268,268,9691
708,MELON,279,279,9975
708,EGG,86,86,9583
708,MILK,266,266,9850
708,WOOL,253,253,9514
708,FERTILIZER,100,100,10000
709,WHEAT,48,48,9458
709,CARROT,43,42,9902
709,TOMATO,64,64,9970
709,STRAWBERRY,268,268,9688
709,MELON,279,279,9975
709,EGG,87,86,9580
709,MILK,267,266,9848
709,WOOL,253,253,9510
709,FERTILIZER,100,100,10000
710,WHEAT,48,48,9458
710,CARROT,43,43,9902
710,TOMATO,64,64,9970
710,STRAWBERRY,268,268,9688
710,MELON,279,279,9975
710,EGG,87,87,9580
710,MILK,267,267,9848
710,WOOL,253,253,9510
710,FERTILIZER,100,100,10000
711,WHEAT,48,48,9458
711,CARROT,43,43,9902
711,TOMATO,64,64,9970
711,STRAWBERRY,268,268,9688
711,MELON,279,279,9975
711,EGG,87,87,9580
711,MILK,267,267,9848
711,WOOL,253,253,9510
711,FERTILIZER,100,100,10000
712,WHEAT,48,48,9458
712,CARROT,43,43,9902
712,TOMATO,64,64,9970
712,STRAWBERRY,268,268,9688
712,MELON,279,279,9975
712,EGG,87,87,9580
712,MILK,267,267,9848
712,WOOL,253,253,9510
712,FERTILIZER,100,100,10000
713,WHEAT,48,48,9453
713,CARROT,43,43,9900
713,TOMATO,64,64,9970
713,STRAWBERRY,269,268,9685
713,MELON,279,279,9975
713,EGG,88,87,9577
713,MILK,268,267,9846
713,WOOL,253,253,9506
713,FERTILIZER,100,100,10000
714,WHEAT,48,48,9453
714,CARROT,43,43,9900
714,TOMATO,64,64,9970
714,STRAWBERRY,269,269,9685
714,MELON,279,279,9975
714,EGG,88,88,9577
714,MILK,268,268,9846
714,WOOL,253,253,9506
714,FERTILIZER,100,100,10000
715,WHEAT,48,48,9453
715,CARROT,43,43,9900
715,TOMATO,64,64,9970
715,STRAWBERRY,269,269,9685
715,MELON,279,279,9975
715,EGG,88,88,9577
715,MILK,268,268,9846
715,WOOL,253,253,9506
715,FERTILIZER,100,100,10000
716,WHEAT,48,48,9453
716,CARROT,43,43,9900
716,TOMATO,64,64,9970
716,STRAWBERRY,269,269,9685
716,MELON,279,279,9975
716,EGG,88,88,9577
716,MILK,268,268,9846
716,WOOL,253,253,9506
716,FERTILIZER,100,100,10000
717,WHEAT,48,48,9448
717,CARROT,43,43,9898
717,TOMATO,64,64,9970
717,STRAWBERRY,270,269,9682
717,MELON,279,279,9975
717,EGG,88,88,9574
717,MILK,269,268,9844
717,WOOL,253,253,9502
717,FERTILIZER,100,100,10000
718,WHEAT,48,48,9448
718,CARROT,43,43,9898
718,TOMATO,64,64,9970
718,STRAWBERRY,270,270,9682
718,MELON,279,279,9975
718,EGG,88,88,9574
718,MILK,269,269,9844
718,WOOL,253,253,9502
718,FERTILIZER,100,100,10000
0,WHEAT,25,,10000
0,CARROT,35,,10000
0,TOMATO,60,,10000
0,STRAWBERRY,120,,10000
0,MELON,250,,10000
0,EGG,50,,10000
0,MILK,160,,10000
0,WOOL,200,,10000
0,FERTILIZER,100,,10000
1,WHEAT,26,25,9999
1,CARROT,35,35,9999
1,TOMATO,60,60,9999
1,STRAWBERRY,128,120,9999
1,MELON,256,250,9999
1,EGG,50,50,9999
1,MILK,169,160,9999
1,WOOL,206,200,9999
1,FERTILIZER,100,100,10000
2,WHEAT,26,26,9999
2,CARROT,35,35,9999
2,TOMATO,60,60,9999
2,STRAWBERRY,128,128,9999
2,MELON,256,256,9999
2,EGG,50,50,9999
2,MILK,169,169,9999
2,WOOL,206,206,9999
2,FERTILIZER,100,100,10000
3,WHEAT,26,26,9999
3,CARROT,35,35,9999
3,TOMATO,60,60,9999
3,STRAWBERRY,128,128,9999
3,MELON,256,256,9999
3,EGG,50,50,9999
3,MILK,169,169,9999
3,WOOL,206,206,9999
3,FERTILIZER,100,100,10000
4,WHEAT,26,26,9999
4,CARROT,35,35,9999
4,TOMATO,60,60,9999
4,STRAWBERRY,128,128,9999
4,MELON,256,256,9999
4,EGG,50,50,9999
4,MILK,169,169,9999
4,WOOL,206,206,9999
4,FERTILIZER,100,100,10000
5,WHEAT,26,26,9999
5,CARROT,35,35,9999
5,TOMATO,60,60,9999
5,STRAWBERRY,128,128,9999
5,MELON,256,256,9999
5,EGG,50,50,9999
5,MILK,169,169,9999
5,WOOL,206,206,9999
5,FERTILIZER,100,100,10000
6,WHEAT,26,26,9999
6,CARROT,35,35,9999
6,TOMATO,60,60,9999
6,STRAWBERRY,128,128,9999
6,MELON,256,256,9999
6,EGG,50,50,9999
6,MILK,169,169,9999
6,WOOL,206,206,9999
6,FERTILIZER,100,100,10000
7,WHEAT,26,26,9999
7,CARROT,35,35,9999
7,TOMATO,60,60,9999
7,STRAWBERRY,128,128,9999
7,MELON,256,256,9999
7,EGG,50,50,9999
7,MILK,169,169,9999
7,WOOL,206,206,9999
7,FERTILIZER,100,100,10000
8,WHEAT,26,26,9999
8,CARROT,35,35,9999
8,TOMATO,60,60,9999
8,STRAWBERRY,128,128,9999
8,MELON,256,256,9999
8,EGG,50,50,9999
8,MILK,169,169,9999
8,WOOL,206,206,9999
8,FERTILIZER,100,100,10000
9,WHEAT,26,26,9999
9,CARROT,35,35,9999
9,TOMATO,60,60,9999
9,STRAWBERRY,128,128,9999
9,MELON,256,256,9999
9,EGG,50,50,9999
9,MILK,169,169,9999
9,WOOL,206,206,9999
9,FERTILIZER,100,100,10000
10,WHEAT,26,26,9999
10,CARROT,35,35,9999
10,TOMATO,60,60,9999
10,STRAWBERRY,128,128,9999
10,MELON,256,256,9999
10,EGG,50,50,9999
10,MILK,169,169,9999
10,WOOL,206,206,9999
10,FERTILIZER,100,100,10000
11,WHEAT,26,26,9999
11,CARROT,35,35,9999
11,TOMATO,60,60,9999
11,STRAWBERRY,128,128,9999
11,MELON,256,256,9999
11,EGG,50,50,9999
11,MILK,169,169,9999
11,WOOL,206,206,9999
11,FERTILIZER,100,100,10000
12,WHEAT,26,26,9999
12,CARROT,35,35,9999
12,TOMATO,60,60,9999
12,STRAWBERRY,128,128,9999
12,MELON,256,256,9999
12,EGG,50,50,9999
12,MILK,169,169,9999
12,WOOL,206,206,9999
12,FERTILIZER,100,100,10000
13,WHEAT,26,26,9999
13,CARROT,35,35,9999
13,TOMATO,60,60,9999
13,STRAWBERRY,128,128,9999
13,MELON,256,256,9999
13,EGG,50,50,9999
13,MILK,169,169,9999
13,WOOL,206,206,9999
13,FERTILIZER,100,100,10000
14,WHEAT,26,26,9999
14,CARROT,35,35,9999
14,TOMATO,60,60,9999
14,STRAWBERRY,128,128,9999
14,MELON,256,256,9999
14,EGG,50,50,9999
14,MILK,169,169,9999
14,WOOL,206,206,9999
14,FERTILIZER,100,100,10000
15,WHEAT,26,26,9999
15,CARROT,35,35,9999
15,TOMATO,60,60,9999
15,STRAWBERRY,128,128,9999
15,MELON,256,256,9999
15,EGG,50,50,9999
15,MILK,169,169,9999
15,WOOL,206,206,9999
15,FERTILIZER,100,100,10000
16,WHEAT,26,26,9999
16,CARROT,35,35,9999
16,TOMATO,60,60,9999
16,STRAWBERRY,128,128,9999
16,MELON,256,256,9999
16,EGG,50,50,9999
16,MILK,169,169,9999
16,WOOL,206,206,9999
16,FERTILIZER,100,100,10000
17,WHEAT,26,26,9999
17,CARROT,35,35,9999
17,TOMATO,60,60,9999
17,STRAWBERRY,128,128,9999
17,MELON,256,256,9999
17,EGG,50,50,9999
17,MILK,169,169,9999
17,WOOL,206,206,9999
17,FERTILIZER,100,100,10000
18,WHEAT,26,26,9999
18,CARROT,35,35,9999
18,TOMATO,60,60,9999
18,STRAWBERRY,128,128,9999
18,MELON,256,256,9999
18,EGG,50,50,9999
18,MILK,169,169,9999
18,WOOL,206,206,9999
18,FERTILIZER,100,100,10000
19,WHEAT,26,26,9999
19,CARROT,35,35,9999
19,TOMATO,60,60,9999
19,STRAWBERRY,128,128,9999
19,MELON,256,256,9999
19,EGG,50,50,9999
19,MILK,169,169,9999
19,WOOL,206,206,9999
19,FERTILIZER,100,100,10000
20,WHEAT,26,26,9999
20,CARROT,35,35,9999
20,TOMATO,60,60,9999
20,STRAWBERRY,128,128,9999
20,MELON,256,256,9999
20,EGG,50,50,9999
20,MILK,169,169,9999
20,WOOL,206,206,9999
20,FERTILIZER,100,100,10000
21,WHEAT,26,26,9999
21,CARROT,35,35,9999
21,TOMATO,60,60,9999
21,STRAWBERRY,128,128,9999
21,MELON,256,256,9999
21,EGG,50,50,9999
21,MILK,169,169,9999
21,WOOL,206,206,9999
21,FERTILIZER,100,100,10000
22,WHEAT,26,26,9999
22,CARROT,35,35,9999
22,TOMATO,60,60,9999
22,STRAWBERRY,128,128,9999
22,MELON,256,256,9999
22,EGG,50,50,9999
22,MILK,169,169,9999
22,WOOL,206,206,9999
22,FERTILIZER,100,100,10000
23,WHEAT,26,26,9999
23,CARROT,35,35,9999
23,TOMATO,60,60,9999
23,STRAWBERRY,128,128,9999
23,MELON,256,256,9999
23,EGG,50,50,9999
23,MILK,169,169,9999
23,WOOL,206,206,9999
23,FERTILIZER,100,100,10000
24,WHEAT,26,26,9999
24,CARROT,35,35,9999
24,TOMATO,60,60,9999
24,STRAWBERRY,128,128,9999
24,MELON,256,256,9999
24,EGG,50,50,9999
24,MILK,169,169,9999
24,WOOL,206,206,9999
24,FERTILIZER,100,100,10000
25,WHEAT,26,26,9998
25,CARROT,35,35,9998
25,TOMATO,60,60,9998
25,STRAWBERRY,132,128,9998
25,MELON,260,256,9998
25,EGG,50,50,9998
25,MILK,172,169,9998
25,WOOL,209,206,9998
25,FERTILIZER,100,100,10000
26,WHEAT,26,26,9998
26,CARROT,35,35,9998
26,TOMATO,60,60,9998
26,STRAWBERRY,132,132,9998
26,MELON,260,260,9998
26,EGG,50,50,9998
26,MILK,172,172,9998
26,WOOL,209,209,9998
26,FERTILIZER,100,100,10000
27,WHEAT,26,26,9998
27,CARROT,35,35,9998
27,TOMATO,60,60,9998
27,STRAWBERRY,132,132,9998
27,MELON,260,260,9998
27,EGG,50,50,9998
27,MILK,172,172,9998
27,WOOL,209,209,9998
27,FERTILIZER,100,100,10000
28,WHEAT,26,26,9998
28,CARROT,35,35,9998
28,TOMATO,60,60,9998
28,STRAWBERRY,132,132,9998
28,MELON,260,260,9998
28,EGG,50,50,9998
28,MILK,172,172,9998
28,WOOL,209,209,9998
28,FERTILIZER,100,100,10000
29,WHEAT,26,26,9998
29,CARROT,35,35,9998
29,TOMATO,60,60,9998
29,STRAWBERRY,132,132,9998
29,MELON,260,260,9998
29,EGG,50,50,9998
29,MILK,172,172,9998
29,WOOL,209,209,9998
29,FERTILIZER,100,100,10000
30,WHEAT,26,26,9998
30,CARROT,35,35,9998
30,TOMATO,60,60,9998
30,STRAWBERRY,132,132,9998
30,MELON,260,260,9998
30,EGG,50,50,9998
30,MILK,172,172,9998
30,WOOL,209,209,9998
30,FERTILIZER,100,100,10000
31,WHEAT,26,26,9998
31,CARROT,35,35,9998
31,TOMATO,60,60,9998
31,STRAWBERRY,132,132,9998
31,MELON,260,260,9998
31,EGG,50,50,9998
31,MILK,172,172,9998
31,WOOL,209,209,9998
31,FERTILIZER,100,100,10000
32,WHEAT,26,26,9998
32,CARROT,35,35,9998
32,TOMATO,60,60,9998
32,STRAWBERRY,132,132,9998
32,MELON,260,260,9998
32,EGG,50,50,9998
32,MILK,172,172,9998
32,WOOL,209,209,9998
32,FERTILIZER,100,100,10000
33,WHEAT,26,26,9998
33,CARROT,35,35,9998
33,TOMATO,60,60,9998
33,STRAWBERRY,132,132,9998
33,MELON,260,260,9998
33,EGG,50,50,9998
33,MILK,172,172,9998
33,WOOL,209,209,9998
33,FERTILIZER,100,100,10000
34,WHEAT,26,26,9998
34,CARROT,35,35,9998
34,TOMATO,60,60,9998
34,STRAWBERRY,132,132,9998
34,MELON,260,260,9998
34,EGG,50,50,9998
34,MILK,172,172,9998
34,WOOL,209,209,9998
34,FERTILIZER,100,100,10000
35,WHEAT,26,26,9998
35,CARROT,35,35,9998
35,TOMATO,60,60,9998
35,STRAWBERRY,132,132,9998
35,MELON,260,260,9998
35,EGG,50,50,9998
35,MILK,172,172,9998
35,WOOL,209,209,9998
35,FERTILIZER,100,100,10000
36,WHEAT,26,26,9998
36,CARROT,35,35,9998
36,TOMATO,60,60,9998
36,STRAWBERRY,132,132,9998
36,MELON,260,260,9998
36,EGG,50,50,9998
36,MILK,172,172,9998
36,WOOL,209,209,9998
36,FERTILIZER,100,100,10000
37,WHEAT,26,26,9998
37,CARROT,35,35,9998
37,TOMATO,60,60,9998
37,STRAWBERRY,132,132,9998
37,MELON,260,260,9998
37,EGG,50,50,9998
37,MILK,172,172,9998
37,WOOL,209,209,9998
37,FERTILIZER,100,100,10000
38,WHEAT,26,26,9998
38,CARROT,35,35,9998
38,TOMATO,60,60,9998
38,STRAWBERRY,132,132,9998
38,MELON,260,260,9998
38,EGG,50,50,9998
38,MILK,172,172,9998
38,WOOL,209,209,9998
38,FERTILIZER,100,100,10000
39,WHEAT,26,26,9998
39,CARROT,35,35,9998
39,TOMATO,60,60,9998
39,STRAWBERRY,132,132,9998
39,MELON,260,260,9998
39,EGG,50,50,9998
39,MILK,172,172,9998
39,WOOL,209,209,9998
39,FERTILIZER,100,100,10000
40,WHEAT,26,26,9998
40,CARROT,35,35,9998
40,TOMATO,60,60,9998
40,STRAWBERRY,132,132,9998
40,MELON,260,260,9998
40,EGG,50,50,9998
40,MILK,172,172,9998
40,WOOL,209,209,9998
40,FERTILIZER,100,100,10000
41,WHEAT,26,26,9998
41,CARROT,35,35,9998
41,TOMATO,60,60,9998
41,STRAWBERRY,132,132,9998
41,MELON,260,260,9998
41,EGG,50,50,9998
41,MILK,172,172,9998
41,WOOL,209,209,9998
41,FERTILIZER,100,100,10000
42,WHEAT,26,26,9998
42,CARROT,35,35,9998
42,TOMATO,60,60,9998
42,STRAWBERRY,132,132,9998
42,MELON,260,260,9998
42,EGG,50,50,9998
42,MILK,172,172,9998
42,WOOL,209,209,9998
42,FERTILIZER,100,100,10000
43,WHEAT,26,26,9998
43,CARROT,35,35,9998
43,TOMATO,60,60,9998
43,STRAWBERRY,132,132,9998
43,MELON,260,260,9998
43,EGG,50,50,9998
43,MILK,172,172,9998
43,WOOL,209,209,9998
43,FERTILIZER,100,100,10000
44,WHEAT,26,26,9998
44,CARROT,35,35,9998
44,TOMATO,60,60,9998
44,STRAWBERRY,132,132,9998
44,MELON,260,260,9998
44,EGG,50,50,9998
44,MILK,172,172,9998
44,WOOL,209,209,9998
44,FERTILIZER,100,100,10000
45,WHEAT,26,26,9998
45,CARROT,35,35,9998
45,TOMATO,60,60,9998
45,STRAWBERRY,132,132,9998
45,MELON,260,260,9998
45,EGG,50,50,9998
45,MILK,172,172,9998
45,WOOL,209,209,9998
45,FERTILIZER,100,100,10000
46,WHEAT,26,26,9998
46,CARROT,35,35,9998
46,TOMATO,60,60,9998
46,STRAWBERRY,132,132,9998
46,MELON,260,260,9998
46,EGG,50,50,9998
46,MILK,172,172,9998
46,WOOL,209,209,9998
46,FERTILIZER,100,100,10000
47,WHEAT,26,26,9998
47,CARROT,35,35,9998
47,TOMATO,60,60,9998
47,STRAWBERRY,132,132,9998
47,MELON,260,260,9998
47,EGG,50,50,9998
47,MILK,172,172,9998
47,WOOL,209,209,9998
47,FERTILIZER,100,100,10000
48,WHEAT,26,26,9998
48,CARROT,35,35,9998
48,TOMATO,60,60,9998
48,STRAWBERRY,132,132,9998
48,MELON,260,260,9998
48,EGG,50,50,9998
48,MILK,172,172,9998
48,WOOL,209,209,9998
48,FERTILIZER,100,100,10000
49,WHEAT,27,26,9997
49,CARROT,35,35,9997
49,TOMATO,60,60,9997
49,STRAWBERRY,135,132,9997
49,MELON,262,260,9997
49,EGG,50,50,9997
49,MILK,175,172,9997
49,WOOL,212,209,9997
49,FERTILIZER,100,100,10000
50,WHEAT,27,27,9997
50,CARROT,35,35,9997
50,TOMATO,60,60,9997
50,STRAWBERRY,135,135,9997
50,MELON,262,262,9997
50,EGG,50,50,9997
50,MILK,175,175,9997
50,WOOL,212,212,9997
50,FERTILIZER,100,100,10000
51,WHEAT,27,27,9997
51,CARROT,35,35,9997
51,TOMATO,60,60,9997
51,STRAWBERRY,135,135,9997
51,MELON,262,262,9997
51,EGG,50,50,9997
51,MILK,175,175,9997
51,WOOL,212,212,9997
51,FERTILIZER,100,100,10000
52,WHEAT,27,27,9997
52,CARROT,35,35,9997
52,TOMATO,60,60,9997
52,STRAWBERRY,135,135,9997
52,MELON,262,262,9997
52,EGG,50,50,9997
52,MILK,175,175,9997
52,WOOL,212,212,9997
52,FERTILIZER,100,100,10000
53,WHEAT,27,27,9997
53,CARROT,35,35,9997
53,TOMATO,60,60,9997
53,STRAWBERRY,135,135,9997
53,MELON,262,262,9997
53,EGG,50,50,9997
53,MILK,175,175,9997
53,WOOL,212,212,9997
53,FERTILIZER,100,100,10000
54,WHEAT,27,27,9997
54,CARROT,35,35,9997
54,TOMATO,60,60,9997
54,STRAWBERRY,135,135,9997
54,MELON,262,262,9997
54,EGG,50,50,9997
54,MILK,175,175,9997
54,WOOL,212,212,9997
54,FERTILIZER,100,100,10000
55,WHEAT,27,27,9997
55,CARROT,35,35,9997
55,TOMATO,60,60,9997
55,STRAWBERRY,135,135,9997
55,MELON,262,262,9997
55,EGG,50,50,9997
55,MILK,175,175,9997
55,WOOL,212,212,9997
55,FERTILIZER,100,100,10000
56,WHEAT,27,27,9997
56,CARROT,35,35,9997
56,TOMATO,60,60,9997
56,STRAWBERRY,135,135,9997
56,MELON,262,262,9997
56,EGG,50,50,9997
56,MILK,175,175,9997
56,WOOL,212,212,9997
56,FERTILIZER,100,100,10000
57,WHEAT,27,27,9997
57,CARROT,35,35,9997
57,TOMATO,60,60,9997
57,STRAWBERRY,135,135,9997
57,MELON,262,262,9997
57,EGG,50,50,9997
57,MILK,175,175,9997
57,WOOL,212,212,9997
57,FERTILIZER,100,100,10000
58,WHEAT,27,27,9997
58,CARROT,35,35,9997
58,TOMATO,60,60,9997
58,STRAWBERRY,135,135,9997
58,MELON,262,262,9997
58,EGG,50,50,9997
58,MILK,175,175,9997
58,WOOL,212,212,9997
58,FERTILIZER,100,100,10000
59,WHEAT,27,27,9997
59,CARROT,35,35,9997
59,TOMATO,60,60,9997
59,STRAWBERRY,135,135,9997
59,MELON,262,262,9997
59,EGG,50,50,9997
59,MILK,175,175,9997
59,WOOL,212,212,9997
59,FERTILIZER,100,100,10000
60,WHEAT,27,27,9997
60,CARROT,35,35,9997
60,TOMATO,60,60,9997
60,STRAWBERRY,135,135,9997
60,MELON,262,262,9997
60,EGG,50,50,9997
60,MILK,175,175,9997
60,WOOL,212,212,9997
60,FERTILIZER,100,100,10000
61,WHEAT,27,27,9997
61,CARROT,35,35,9997
61,TOMATO,60,60,9997
61,STRAWBERRY,135,135,9997
61,MELON,262,262,9997
61,EGG,50,50,9997
61,MILK,175,175,9997
61,WOOL,212,212,9997
61,FERTILIZER,100,100,10000
62,WHEAT,27,27,9997
62,CARROT,35,35,9997
62,TOMATO,60,60,9997
62,STRAWBERRY,135,135,9997
62,MELON,262,262,9997
62,EGG,50,50,9997
62,MILK,175,175,9997
62,WOOL,212,212,9997
62,FERTILIZER,100,100,10000
63,WHEAT,27,27,9997
63,CARROT,35,35,9997
63,TOMATO,60,60,9997
63,STRAWBERRY,135,135,9997
63,MELON,262,262,9997
63,EGG,50,50,9997
63,MILK,175,175,9997
63,WOOL,212,212,9997
63,FERTILIZER,100,100,10000
64,WHEAT,27,27,9997
64,CARROT,35,35,9997
64,TOMATO,60,60,9997
64,STRAWBERRY,135,135,9997
64,MELON,262,262,9997
64,EGG,50,50,9997
64,MILK,175,175,9997
64,WOOL,212,212,9997
64,FERTILIZER,100,100,10000
65,WHEAT,27,27,9997
65,CARROT,35,35,9997
65,TOMATO,60,60,9997
65,STRAWBERRY,135,135,9997
65,MELON,262,262,9997
65,EGG,50,50,9997
65,MILK,175,175,9997
65,WOOL,212,212,9997
65,FERTILIZER,100,100,10000
66,WHEAT,27,27,9997
66,CARROT,35,35,9997
66,TOMATO,60,60,9997
66,STRAWBERRY,135,135,9997
66,MELON,262,262,9997
66,EGG,50,50,9997
66,MILK,175,175,9997
66,WOOL,212,212,9997
66,FERTILIZER,100,100,10000
67,WHEAT,27,27,9997
67,CARROT,35,35,9997
67,TOMATO,60,60,9997
67,STRAWBERRY,135,135,9997
67,MELON,262,262,9997
67,EGG,50,50,9997
67,MILK,175,175,9997
67,WOOL,212,212,9997
67,FERTILIZER,100,100,10000
68,WHEAT,27,27,9997
68,CARROT,35,35,9997
68,TOMATO,60,60,9997
68,STRAWBERRY,135,135,9997
68,MELON,262,262,9997
68,EGG,50,50,9997
68,MILK,175,175,9997
68,WOOL,212,212,9997
68,FERTILIZER,100,100,10000
69,WHEAT,27,27,9997
69,CARROT,35,35,9997
69,TOMATO,60,60,9997
69,STRAWBERRY,135,135,9997
69,MELON,262,262,9997
69,EGG,50,50,9997
69,MILK,175,175,9997
69,WOOL,212,212,9997
69,FERTILIZER,100,100,10000
70,WHEAT,27,27,9997
70,CARROT,35,35,9997
70,TOMATO,60,60,9997
70,STRAWBERRY,135,135,9997
70,MELON,262,262,9997
70,EGG,50,50,9997
70,MILK,175,175,9997
70,WOOL,212,212,9997
70,FERTILIZER,100,100,10000
71,WHEAT,27,27,9997
71,CARROT,35,35,9997
71,TOMATO,60,60,9997
71,STRAWBERRY,135,135,9997
71,MELON,262,262,9997
71,EGG,50,50,9997
71,MILK,175,175,9997
71,WOOL,212,212,9997
71,FERTILIZER,100,100,10000
72,WHEAT,27,27,9997
72,CARROT,35,35,9997
72,TOMATO,60,60,9997
72,STRAWBERRY,135,135,9997
72,MELON,262,262,9997
72,EGG,50,50,9997
72,MILK,175,175,9997
72,WOOL,212,212,9997
72,FERTILIZER,100,100,10000
73,WHEAT,27,27,9995
73,CARROT,35,35,9996
73,TOMATO,61,60,9995
73,STRAWBERRY,137,135,9996
73,MELON,264,262,9996
73,EGG,50,50,9996
73,MILK,179,175,9995
73,WOOL,214,212,9996
73,FERTILIZER,100,100,10000
74,WHEAT,27,27,9995
74,CARROT,35,35,9996
74,TOMATO,61,61,9995
74,STRAWBERRY,137,137,9996
74,MELON,264,264,9996
74,EGG,50,50,9996
74,MILK,179,179,9995
74,WOOL,214,214,9996
74,FERTILIZER,100,100,10000
75,WHEAT,27,27,9995
75,CARROT,35,35,9996
75,TOMATO,61,61,9995
75,STRAWBERRY,137,137,9996
75,MELON,264,264,9996
75,EGG,50,50,9996
75,MILK,179,179,9995
75,WOOL,214,214,9996
75,FERTILIZER,100,100,10000
76,WHEAT,27,27,9995
76,CARROT,35,35,9996
76,TOMATO,61,61,9995
76,STRAWBERRY,137,137,9996
76,MELON,264,264,9996
76,EGG,50,50,9996
76,MILK,179,179,9995
76,WOOL,214,214,9996
76,FERTILIZER,100,100,10000
77,WHEAT,27,27,9994
77,CARROT,35,35,9996
77,TOMATO,61,61,9994
77,STRAWBERRY,137,137,9996
77,MELON,264,264,9996
77,EGG,50,50,9996
77,MILK,181,179,9994
77,WOOL,214,214,9996
77,FERTILIZER,100,100,10000
78,WHEAT,27,27,9994
78,CARROT,35,35,9996
78,TOMATO,61,61,9994
78,STRAWBERRY,137,137,9996
78,MELON,264,264,9996
78,EGG,50,50,9996
78,MILK,181,181,9994
78,WOOL,214,214,9996
78,FERTILIZER,100,100,10000
79,WHEAT,27,27,9994
79,CARROT,35,35,9996
79,TOMATO,61,61,9994
79,STRAWBERRY,137,137,9996
79,MELON,264,264,9996
79,EGG,50,50,9996
79,MILK,181,181,9994
79,WOOL,214,214,9996
79,FERTILIZER,100,100,10000
80,WHEAT,27,27,9994
80,CARROT,35,35,9996
80,TOMATO,61,61,9994
80,STRAWBERRY,137,137,9996
80,MELON,264,264,9996
80,EGG,50,50,9996
80,MILK,181,181,9994
80,WOOL,214,214,9996
80,FERTILIZER,100,100,10000
81,WHEAT,28,27,9993
81,CARROT,35,35,9996
81,TOMATO,61,61,9993
81,STRAWBERRY,137,137,9996
81,MELON,264,264,9996
81,EGG,50,50,9996
81,MILK,183,181,9993
81,WOOL,214,214,9996
81,FERTILIZER,100,100,10000
82,WHEAT,28,28,9993
82,CARROT,35,35,9996
82,TOMATO,61,61,9993
82,STRAWBERRY,137,137,9996
82,MELON,264,264,9996
82,EGG,50,50,9996
82,MILK,183,183,9993
82,WOOL,214,214,9996
82,FERTILIZER,100,100,10000
83,WHEAT,28,28,9993
83,CARROT,35,35,9996
83,TOMATO,61,61,9993
83,STRAWBERRY,137,137,9996
83,MELON,264,264,9996
83,EGG,50,50,9996
83,MILK,183,183,9993
83,WOOL,214,214,9996
83,FERTILIZER,100,100,10000
84,WHEAT,28,28,9993
84,CARROT,35,35,9996
84,TOMATO,61,61,9993
84,STRAWBERRY,137,137,9996
84,MELON,264,264,9996
84,EGG,50,50,9996
84,MILK,183,183,9993
84,WOOL,214,214,9996
84,FERTILIZER,100,100,10000
85,WHEAT,28,28,9992
85,CARROT,35,35,9996
85,TOMATO,61,61,9992
85,STRAWBERRY,137,137,9996
85,MELON,264,264,9996
85,EGG,50,50,9996
85,MILK,185,183,9992
85,WOOL,214,214,9996
85,FERTILIZER,100,100,10000
86,WHEAT,28,28,9992
86,CARROT,35,35,9996
86,TOMATO,61,61,9992
86,STRAWBERRY,137,137,9996
86,MELON,264,264,9996
86,EGG,50,50,9996
86,MILK,185,185,9992
86,WOOL,214,214,9996
86,FERTILIZER,100,100,10000
87,WHEAT,28,28,9992
87,CARROT,35,35,9996
87,TOMATO,61,61,9992
87,STRAWBERRY,137,137,9996
87,MELON,264,264,9996
87,EGG,50,50,9996
87,MILK,185,185,9992
87,WOOL,214,214,9996
87,FERTILIZER,100,100,10000
88,WHEAT,28,28,9992
88,CARROT,35,35,9996
88,TOMATO,61,61,9992
88,STRAWBERRY,137,137,9996
88,MELON,264,264,9996
88,EGG,50,50,9996
88,MILK,185,185,9992
88,WOOL,214,214,9996
88,FERTILIZER,100,100,10000
89,WHEAT,28,28,9991
89,CARROT,35,35,9996
89,TOMATO,61,61,9991
89,STRAWBERRY,137,137,9996
89,MELON,264,264,9996
89,EGG,50,50,9996
89,MILK,186,185,9991
89,WOOL,214,214,9996
89,FERTILIZER,100,100,10000
90,WHEAT,28,28,9991
90,CARROT,35,35,9996
90,TOMATO,61,61,9991
90,STRAWBERRY,137,137,9996
90,MELON,264,264,9996
90,EGG,50,50,9996
90,MILK,186,186,9991
90,WOOL,214,214,9996
90,FERTILIZER,100,100,10000
91,WHEAT,28,28,9991
91,CARROT,35,35,9996
91,TOMATO,61,61,9991
91,STRAWBERRY,137,137,9996
91,MELON,264,264,9996
91,EGG,50,50,9996
91,MILK,186,186,9991
91,WOOL,214,214,9996
91,FERTILIZER,100,100,10000
92,WHEAT,28,28,9991
92,CARROT,35,35,9996
92,TOMATO,61,61,9991
92,STRAWBERRY,137,137,9996
92,MELON,264,264,9996
92,EGG,50,50,9996
92,MILK,186,186,9991
92,WOOL,214,214,9996
92,FERTILIZER,100,100,10000
93,WHEAT,28,28,9990
93,CARROT,35,35,9996
93,TOMATO,61,61,9990
93,STRAWBERRY,137,137,9996
93,MELON,264,264,9996
93,EGG,50,50,9996
93,MILK,187,186,9990
93,WOOL,214,214,9996
93,FERTILIZER,100,100,10000
94,WHEAT,28,28,9990
94,CARROT,35,35,9996
94,TOMATO,61,61,9990
94,STRAWBERRY,137,137,9996
94,MELON,264,264,9996
94,EGG,50,50,9996
94,MILK,187,187,9990
94,WOOL,214,214,9996
94,FERTILIZER,100,100,10000
95,WHEAT,28,28,9990
95,CARROT,35,35,9996
95,TOMATO,61,61,9990
95,STRAWBERRY,137,137,9996
95,MELON,264,264,9996
95,EGG,50,50,9996
95,MILK,187,187,9990
95,WOOL,214,214,9996
95,FERTILIZER,100,100,10000
96,WHEAT,28,28,9990
96,CARROT,35,35,9996
96,TOMATO,61,61,9990
96,STRAWBERRY,137,137,9996
96,MELON,264,264,9996
96,EGG,50,50,9996
96,MILK,187,187,9990
96,WOOL,214,214,9996
96,FERTILIZER,100,100,10000
97,WHEAT,28,28,9988
97,CARROT,35,35,9995
97,TOMATO,61,61,9988
97,STRAWBERRY,139,137,9995
97,MELON,266,264,9995
97,EGG,50,50,9995
97,MILK,190,187,9988
97,WOOL,215,214,9995
97,FERTILIZER,100,100,10000
98,WHEAT,28,28,9988
98,CARROT,35,35,9995
98,TOMATO,61,61,9988
98,STRAWBERRY,139,139,9995
98,MELON,266,266,9995
98,EGG,50,50,9995
98,MILK,190,190,9988
98,WOOL,215,215,9995
98,FERTILIZER,100,100,10000
99,WHEAT,28,28,9988
99,CARROT,35,35,9995
99,TOMATO,61,61,9988
99,STRAWBERRY,139,139,9995
99,MELON,266,266,9995
99,EGG,50,50,9995
99,MILK,190,190,9988
99,WOOL,215,215,9995
99,FERTILIZER,100,100,10000
100,WHEAT,28,28,9988
100,CARROT,35,35,9995
100,TOMATO,61,61,9988
100,STRAWBERRY,139,139,9995
100,MELON,266,266,9995
100,EGG,50,50,9995
100,MILK,190,190,9988
100,WOOL,215,215,9995
100,FERTILIZER,100,100,10000
101,WHEAT,29,28,9987
101,CARROT,35,35,9995
101,TOMATO,62,61,9987
101,STRAWBERRY,139,139,9995
101,MELON,266,266,9995
101,EGG,50,50,9995
101,MILK,191,190,9987
101,WOOL,215,215,9995
101,FERTILIZER,100,100,10000
102,WHEAT,29,29,9987
102,CARROT,35,35,9995
102,TOMATO,62,62,9987
102,STRAWBERRY,139,139,9995
102,MELON,266,266,9995
102,EGG,50,50,9995
102,MILK,191,191,9987
102,WOOL,215,215,9995
102,FERTILIZER,100,100,10000
103,WHEAT,29,29,9987
103,CARROT,35,35,9995
103,TOMATO,62,62,9987
103,STRAWBERRY,139,139,9995
103,MELON,266,266,9995
103,EGG,50,50,9995
103,MILK,191,191,9987
103,WOOL,215,215,9995
103,FERTILIZER,100,100,10000
104,WHEAT,29,29,9987
104,CARROT,35,35,9995
104,TOMATO,62,62,9987
104,STRAWBERRY,139,139,9995
104,MELON,266,266,9995
104,EGG,50,50,9995
104,MILK,191,191,9987
104,WOOL,215,215,9995
104,FERTILIZER,100,100,10000
105,WHEAT,29,29,9986
105,CARROT,35,35,9995
105,TOMATO,62,62,9986
105,STRAWBERRY,139,139,9995
105,MELON,266,266,9995
105,EGG,50,50,9995
105,MILK,193,191,9986
105,WOOL,215,215,9995
105,FERTILIZER,100,100,10000
106,WHEAT,29,29,9986
106,CARROT,35,35,9995
106,TOMATO,62,62,9986
106,STRAWBERRY,139,139,9995
106,MELON,266,266,9995
106,EGG,50,50,9995
106,MILK,193,193,9986
106,WOOL,215,215,9995
106,FERTILIZER,100,100,10000
107,WHEAT,29,29,9986
107,CARROT,35,35,9995
107,TOMATO,62,62,9986
107,STRAWBERRY,139,139,9995
107,MELON,266,266,9995
107,EGG,50,50,9995
107,MILK,193,193,9986
107,WOOL,215,215,9995
107,FERTILIZER,100,100,10000
108,WHEAT,29,29,9986
108,CARROT,35,35,9995
108,TOMATO,62,62,9986
108,STRAWBERRY,139,139,9995
108,MELON,266,266,9995
108,EGG,50,50,9995
108,MILK,193,193,9986
108,WOOL,215,215,9995
108,FERTILIZER,100,100,10000
109,WHEAT,29,29,9985
109,CARROT,35,35,9995
109,TOMATO,62,62,9985
109,STRAWBERRY,139,139,9995
109,MELON,266,266,9995
109,EGG,50,50,9995
109,MILK,194,193,9985
109,WOOL,215,215,9995
109,FERTILIZER,100,100,10000
110,WHEAT,29,29,9985
110,CARROT,35,35,9995
110,TOMATO,62,62,9985
110,STRAWBERRY,139,139,9995
110,MELON,266,266,9995
110,EGG,50,50,9995
110,MILK,194,194,9985
110,WOOL,215,215,9995
110,FERTILIZER,100,100,10000
111,WHEAT,29,29,9985
111,CARROT,35,35,9995
111,TOMATO,62,62,9985
111,STRAWBERRY,139,139,9995
111,MELON,266,266,9995
111,EGG,50,50,9995
111,MILK,194,194,9985
111,WOOL,215,215,9995
111,FERTILIZER,100,100,10000
112,WHEAT,29,29,9985
112,CARROT,35,35,9995
112,TOMATO,62,62,9985
112,STRAWBERRY,139,139,9995
112,MELON,266,266,9995
112,EGG,50,50,9995
112,MILK,194,194,9985
112,WOOL,215,215,9995
112,FERTILIZER,100,100,10000
113,WHEAT,29,29,9984
113,CARROT,35,35,9995
113,TOMATO,62,62,9984
113,STRAWBERRY,139,139,9995
113,MELON,266,266,9995
113,EGG,50,50,9995
113,MILK,195,194,9984
113,WOOL,215,215,9995
113,FERTILIZER,100,100,10000
114,WHEAT,29,29,9984
114,CARROT,35,35,9995
114,TOMATO,62,62,9984
114,STRAWBERRY,139,139,9995
114,MELON,266,266,9995
114,EGG,50,50,9995
114,MILK,195,195,9984
114,WOOL,215,215,9995
114,FERTILIZER,100,100,10000
115,WHEAT,29,29,9984
115,CARROT,35,35,9995
115,TOMATO,62,62,9984
115,STRAWBERRY,139,139,9995
115,MELON,266,266,9995
115,EGG,50,50,9995
115,MILK,195,195,9984
115,WOOL,215,215,9995
115,FERTILIZER,100,100,10000
116,WHEAT,29,29,9984
116,CARROT,35,35,9995
116,TOMATO,62,62,9984
116,STRAWBERRY,139,139,9995
116,MELON,266,266,9995
116,EGG,50,50,9995
116,MILK,195,195,9984
116,WOOL,215,215,9995
116,FERTILIZER,100,100,10000
117,WHEAT,29,29,9983
117,CARROT,35,35,9995
117,TOMATO,62,62,9983
117,STRAWBERRY,139,139,9995
117,MELON,266,266,9995
117,EGG,50,50,9995
117,MILK,196,195,9983
117,WOOL,215,215,9995
117,FERTILIZER,100,100,10000
118,WHEAT,29,29,9983
118,CARROT,35,35,9995
118,TOMATO,62,62,9983
118,STRAWBERRY,139,139,9995
118,MELON,266,266,9995
118,EGG,50,50,9995
118,MILK,196,196,9983
118,WOOL,215,215,9995
118,FERTILIZER,100,100,10000
119,WHEAT,29,29,9983
119,CARROT,35,35,9995
119,TOMATO,62,62,9983
119,STRAWBERRY,139,139,9995
119,MELON,266,266,9995
119,EGG,50,50,9995
119,MILK,196,196,9983
119,WOOL,215,215,9995
119,FERTILIZER,100,100,10000
120,WHEAT,29,29,9983
120,CARROT,35,35,9995
120,TOMATO,62,62,9983
120,STRAWBERRY,139,139,9995
120,MELON,266,266,9995
120,EGG,50,50,9995
120,MILK,196,196,9983
120,WOOL,215,215,9995
120,FERTILIZER,100,100,10000
121,WHEAT,29,29,9981
121,CARROT,35,35,9994
121,TOMATO,62,62,9981
121,STRAWBERRY,141,139,9994
121,MELON,267,266,9994
121,EGG,50,50,9994
121,MILK,198,196,9981
121,WOOL,217,215,9994
121,FERTILIZER,100,100,10000
122,WHEAT,29,29,9981
122,CARROT,35,35,9994
122,TOMATO,62,62,9981
122,STRAWBERRY,141,141,9994
122,MELON,267,267,9994
122,EGG,50,50,9994
122,MILK,198,198,9981
122,WOOL,217,217,9994
122,FERTILIZER,100,100,10000
123,WHEAT,29,29,9981
123,CARROT,35,35,9994
123,TOMATO,62,62,9981
123,STRAWBERRY,141,141,9994
123,MELON,267,267,9994
123,EGG,50,50,9994
123,MILK,198,198,9981
123,WOOL,217,217,9994
123,FERTILIZER,100,100,10000
124,WHEAT,29,29,9981
124,CARROT,35,35,9994
124,TOMATO,62,62,9981
124,STRAWBERRY,141,141,9994
124,MELON,267,267,9994
124,EGG,50,50,9994
124,MILK,198,198,9981
124,WOOL,217,217,9994
124,FERTILIZER,100,100,10000
125,WHEAT,29,29,9980
125,CARROT,35,35,9994
125,TOMATO,62,62,9980
125,STRAWBERRY,141,141,9994
125,MELON,267,267,9994
125,EGG,50,50,9994
125,MILK,199,198,9980
125,WOOL,217,217,9994
125,FERTILIZER,100,100,10000
126,WHEAT,29,29,9980
126,CARROT,35,35,9994
126,TOMATO,62,62,9980
126,STRAWBERRY,141,141,9994
126,MELON,267,267,9994
126,EGG,50,50,9994
126,MILK,199,199,9980
126,WOOL,217,217,9994
126,FERTILIZER,100,100,10000
127,WHEAT,29,29,9980
127,CARROT,35,35,9994
127,TOMATO,62,62,9980
127,STRAWBERRY,141,141,9994
127,MELON,267,267,9994
127,EGG,50,50,9994
127,MILK,199,199,9980
127,WOOL,217,217,9994
127,FERTILIZER,100,100,10000
128,WHEAT,29,29,9980
128,CARROT,35,35,9994
128,TOMATO,62,62,9980
128,STRAWBERRY,141,141,9994
128,MELON,267,267,9994
128,EGG,50,50,9994
128,MILK,199,199,9980
128,WOOL,217,217,9994
128,FERTILIZER,100,100,10000
129,WHEAT,30,29,9979
129,CARROT,35,35,9994
129,TOMATO,63,62,9979
129,STRAWBERRY,141,141,9994
129,MELON,267,267,9994
129,EGG,50,50,9994
129,MILK,200,199,9979
129,WOOL,217,217,9994
129,FERTILIZER,100,100,10000
130,WHEAT,30,30,9979
130,CARROT,35,35,9994
130,TOMATO,63,63,9979
130,STRAWBERRY,141,141,9994
130,MELON,267,267,9994
130,EGG,50,50,9994
130,MILK,200,200,9979
130,WOOL,217,217,9994
130,FERTILIZER,100,100,10000
131,WHEAT,30,30,9979
131,CARROT,35,35,9994
131,TOMATO,63,63,9979
131,STRAWBERRY,141,141,9994
131,MELON,267,267,9994
131,EGG,50,50,9994
131,MILK,200,200,9979
131,WOOL,217,217,9994
131,FERTILIZER,100,100,10000
132,WHEAT,30,30,9979
132,CARROT,35,35,9994
132,TOMATO,63,63,9979
132,STRAWBERRY,141,141,9994
132,MELON,267,267,9994
132,EGG,50,50,9994
132,MILK,200,200,9979
132,WOOL,217,217,9994
132,FERTILIZER,100,100,10000
133,WHEAT,30,30,9978
133,CARROT,35,35,9994
133,TOMATO,63,63,9978
133,STRAWBERRY,141,141,9994
133,MELON,267,267,9994
133,EGG,50,50,9994
133,MILK,201,200,9978
133,WOOL,217,217,9994
133,FERTILIZER,100,100,10000
134,WHEAT,30,30,9978
134,CARROT,35,35,9994
134,TOMATO,63,63,9978
134,STRAWBERRY,141,141,9994
134,MELON,267,267,9994
134,EGG,50,50,9994
134,MILK,201,201,9978
134,WOOL,217,217,9994
134,FERTILIZER,100,100,10000
135,WHEAT,30,30,9978
135,CARROT,35,35,9994
135,TOMATO,63,63,9978
135,STRAWBERRY,141,141,9994
135,MELON,267,267,9994
135,EGG,50,50,9994
135,MILK,201,201,9978
135,WOOL,217,217,9994
135,FERTILIZER,100,100,10000
136,WHEAT,30,30,9978
136,CARROT,35,35,9994
136,TOMATO,63,63,9978
136,STRAWBERRY,141,141,9994
136,MELON,267,267,9994
136,EGG,50,50,9994
136,MILK,201,201,9978
136,WOOL,217,217,9994
136,FERTILIZER,100,100,10000
137,WHEAT,30,30,9977
137,CARROT,35,35,9994
137,TOMATO,63,63,9977
137,STRAWBERRY,141,141,9994
137,MELON,267,267,9994
137,EGG,50,50,9994
137,MILK,202,201,9977
137,WOOL,217,217,9994
137,FERTILIZER,100,100,10000
138,WHEAT,30,30,9977
138,CARROT,35,35,9994
138,TOMATO,63,63,9977
138,STRAWBERRY,141,141,9994
138,MELON,267,267,9994
138,EGG,50,50,9994
138,MILK,202,202,9977
138,WOOL,217,217,9994
138,FERTILIZER,100,100,10000
139,WHEAT,30,30,9977
139,CARROT,35,35,9994
139,TOMATO,63,63,9977
139,STRAWBERRY,141,141,9994
139,MELON,267,267,9994
139,EGG,50,50,9994
139,MILK,202,202,9977
139,WOOL,217,217,9994
139,FERTILIZER,100,100,10000
140,WHEAT,30,30,9977
140,CARROT,35,35,9994
140,TOMATO,63,63,9977
140,STRAWBERRY,141,141,9994
140,MELON,267,267,9994
140,EGG,50,50,9994
140,MILK,202,202,9977
140,WOOL,217,217,9994
140,FERTILIZER,100,100,10000
141,WHEAT,30,30,9976
141,CARROT,35,35,9994
141,TOMATO,63,63,9976
141,STRAWBERRY,141,141,9994
141,MELON,267,267,9994
141,EGG,50,50,9994
141,MILK,203,202,9976
141,WOOL,217,217,9994
141,FERTILIZER,100,100,10000
142,WHEAT,30,30,9976
142,CARROT,35,35,9994
142,TOMATO,63,63,9976
142,STRAWBERRY,141,141,9994
142,MELON,267,267,9994
142,EGG,50,50,9994
142,MILK,203,203,9976
142,WOOL,217,217,9994
142,FERTILIZER,100,100,10000
143,WHEAT,30,30,9976
143,CARROT,35,35,9994
143,TOMATO,63,63,9976
143,STRAWBERRY,141,141,9994
143,MELON,267,267,9994
143,EGG,50,50,9994
143,MILK,203,203,9976
143,WOOL,217,217,9994
143,FERTILIZER,100,100,10000
144,WHEAT,30,30,9976
144,CARROT,35,35,9994
144,TOMATO,63,63,9976
144,STRAWBERRY,141,141,9994
144,MELON,267,267,9994
144,EGG,50,50,9994
144,MILK,203,203,9976
144,WOOL,217,217,9994
144,FERTILIZER,100,100,10000
145,WHEAT,30,30,9974
145,CARROT,36,35,9993
145,TOMATO,63,63,9974
145,STRAWBERRY,144,141,9992
145,MELON,268,267,9993
145,EGG,50,50,9993
145,MILK,205,203,9973
145,WOOL,218,217,9993
145,FERTILIZER,100,100,10000
146,WHEAT,30,30,9974
146,CARROT,36,36,9993
146,TOMATO,63,63,9974
146,STRAWBERRY,144,144,9992
146,MELON,268,268,9993
146,EGG,50,50,9993
146,MILK,205,205,9973
146,WOOL,218,218,9993
146,FERTILIZER,100,100,10000
147,WHEAT,30,30,9974
147,CARROT,36,36,9993
147,TOMATO,63,63,9974
147,STRAWBERRY,144,144,9992
147,MELON,268,268,9993
147,EGG,50,50,9993
147,MILK,205,205,9973
147,WOOL,218,218,9993
147,FERTILIZER,100,100,10000
148,WHEAT,30,30,9974
148,CARROT,36,36,9993
148,TOMATO,63,63,9974
148,STRAWBERRY,144,144,9992
148,MELON,268,268,9993
148,EGG,50,50,9993
148,MILK,205,205,9973
148,WOOL,218,218,9993
148,FERTILIZER,100,100,10000
149,WHEAT,30,30,9973
149,CARROT,36,36,9993
149,TOMATO,63,63,9973
149,STRAWBERRY,145,144,9991
149,MELON,268,268,9993
149,EGG,50,50,9993
149,MILK,207,205,9971
149,WOOL,218,218,9993
149,FERTILIZER,100,100,10000
150,WHEAT,30,30,9973
150,CARROT,36,36,9993
150,TOMATO,63,63,9973
150,STRAWBERRY,145,145,9991
150,MELON,268,268,9993
150,EGG,50,50,9993
150,MILK,207,207,9971
150,WOOL,218,218,9993
150,FERTILIZER,100,100,10000
151,WHEAT,30,30,9973
151,CARROT,36,36,9993
151,TOMATO,63,63,9973
151,STRAWBERRY,145,145,9991
151,MELON,268,268,9993
151,EGG,50,50,9993
151,MILK,207,207,9971
151,WOOL,218,218,9993
151,FERTILIZER,100,100,10000
152,WHEAT,30,30,9973
152,CARROT,36,36,9993
152,TOMATO,63,63,9973
152,STRAWBERRY,145,145,9991
152,MELON,268,268,9993
152,EGG,50,50,9993
152,MILK,207,207,9971
152,WOOL,218,218,9993
152,FERTILIZER,100,100,10000
153,WHEAT,30,30,9972
153,CARROT,36,36,9993
153,TOMATO,63,63,9972
153,STRAWBERRY,147,145,9990
153,MELON,268,268,9993
153,EGG,50,50,9993
153,MILK,208,207,9969
153,WOOL,218,218,9993
153,FERTILIZER,100,100,10000
154,WHEAT,30,30,9972
154,CARROT,36,36,9993
154,TOMATO,63,63,9972
154,STRAWBERRY,147,147,9990
154,MELON,268,268,9993
154,EGG,50,50,9993
154,MILK,208,208,9969
154,WOOL,218,218,9993
154,FERTILIZER,100,100,10000
155,WHEAT,30,30,9972
155,CARROT,36,36,9993
155,TOMATO,63,63,9972
155,STRAWBERRY,147,147,9990
155,MELON,268,268,9993
155,EGG,50,50,9993
155,MILK,208,208,9969
155,WOOL,218,218,9993
155,FERTILIZER,100,100,10000
156,WHEAT,30,30,9972
156,CARROT,36,36,9993
156,TOMATO,63,63,9972
156,STRAWBERRY,147,147,9990
156,MELON,268,268,9993
156,EGG,50,50,9993
156,MILK,208,208,9969
156,WOOL,218,218,9993
156,FERTILIZER,100,100,10000
157,WHEAT,30,30,9971
157,CARROT,36,36,9993
157,TOMATO,63,63,9971
157,STRAWBERRY,148,147,9989
157,MELON,268,268,9993
157,EGG,50,50,9993
157,MILK,210,208,9967
157,WOOL,218,218,9993
157,FERTILIZER,100,100,10000
158,WHEAT,30,30,9971
158,CARROT,36,36,9993
158,TOMATO,63,63,9971
158,STRAWBERRY,148,148,9989
158,MELON,268,268,9993
158,EGG,50,50,9993
158,MILK,210,210,9967
158,WOOL,218,218,9993
158,FERTILIZER,100,100,10000
159,WHEAT,30,30,9971
159,CARROT,36,36,9993
159,TOMATO,63,63,9971
159,STRAWBERRY,148,148,9989
159,MELON,268,268,9993
159,EGG,50,50,9993
159,MILK,210,210,9967
159,WOOL,218,218,9993
159,FERTILIZER,100,100,10000
160,WHEAT,30,30,9971
160,CARROT,36,36,9993
160,TOMATO,63,63,9971
160,STRAWBERRY,148,148,9989
160,MELON,268,268,9993
160,EGG,50,50,9993
160,MILK,210,210,9967
160,WOOL,218,218,9993
160,FERTILIZER,100,100,10000
161,WHEAT,30,30,9970
161,CARROT,36,36,9993
161,TOMATO,64,63,9970
161,STRAWBERRY,149,148,9988
161,MELON,268,268,9993
161,EGG,50,50,9993
161,MILK,211,210,9965
161,WOOL,218,218,9993
161,FERTILIZER,100,100,10000
162,WHEAT,30,30,9970
162,CARROT,36,36,9993
162,TOMATO,64,64,9970
162,STRAWBERRY,149,149,9988
162,MELON,268,268,9993
162,EGG,50,50,9993
162,MILK,211,211,9965
162,WOOL,218,218,9993
162,FERTILIZER,100,100,10000
163,WHEAT,30,30,9970
163,CARROT,36,36,9993
163,TOMATO,64,64,9970
163,STRAWBERRY,149,149,9988
163,MELON,268,268,9993
163,EGG,50,50,9993
163,MILK,211,211,9965
163,WOOL,218,218,9993
163,FERTILIZER,100,100,10000
164,WHEAT,30,30,9970
164,CARROT,36,36,9993
164,TOMATO,64,64,9970
164,STRAWBERRY,149,149,9988
164,MELON,268,268,9993
164,EGG,50,50,9993
164,MILK,211,211,9965
164,WOOL,218,218,9993
164,FERTILIZER,100,100,10000
165,WHEAT,31,30,9969
165,CARROT,36,36,9993
165,TOMATO,64,64,9969
165,STRAWBERRY,150,149,9987
165,MELON,268,268,9993
165,EGG,50,50,9993
165,MILK,213,211,9963
165,WOOL,218,218,9993
165,FERTILIZER,100,100,10000
166,WHEAT,31,31,9969
166,CARROT,36,36,9993
166,TOMATO,64,64,9969
166,STRAWBERRY,150,150,9987
166,MELON,268,268,9993
166,EGG,50,50,9993
166,MILK,213,213,9963
166,WOOL,218,218,9993
166,FERTILIZER,100,100,10000
167,WHEAT,31,31,9969
167,CARROT,36,36,9993
167,TOMATO,64,64,9969
167,STRAWBERRY,150,150,9987
167,MELON,268,268,9993
167,EGG,50,50,9993
167,MILK,213,213,9963
167,WOOL,218,218,9993
167,FERTILIZER,100,100,10000
168,WHEAT,31,31,9969
168,CARROT,36,36,9993
168,TOMATO,64,64,9969
168,STRAWBERRY,150,150,9987
168,MELON,268,268,9993
168,EGG,50,50,9993
168,MILK,213,213,9963
168,WOOL,218,218,9993
168,FERTILIZER,100,100,10000
169,WHEAT,31,31,9967
169,CARROT,36,36,9992
169,TOMATO,64,64,9967
169,STRAWBERRY,153,150,9985
169,MELON,269,268,9992
169,EGG,50,50,9992
169,MILK,215,213,9960
169,WOOL,219,218,9992
169,FERTILIZER,100,100,10000
170,WHEAT,31,31,9967
170,CARROT,36,36,9992
170,TOMATO,64,64,9967
170,STRAWBERRY,153,153,9985
170,MELON,269,269,9992
170,EGG,50,50,9992
170,MILK,215,215,9960
170,WOOL,219,219,9992
170,FERTILIZER,100,100,10000
171,WHEAT,31,31,9967
171,CARROT,36,36,9992
171,TOMATO,64,64,9967
171,STRAWBERRY,153,153,9985
171,MELON,269,269,9992
171,EGG,50,50,9992
171,MILK,215,215,9960
171,WOOL,219,219,9992
171,FERTILIZER,100,100,10000
172,WHEAT,31,31,9967
172,CARROT,36,36,9992
172,TOMATO,64,64,9967
172,STRAWBERRY,153,153,9985
172,MELON,269,269,9992
172,EGG,50,50,9992
172,MILK,215,215,9960
172,WOOL,219,219,9992
172,FERTILIZER,100,100,10000
173,WHEAT,31,31,9966
173,CARROT,36,36,9992
173,TOMATO,64,64,9966
173,STRAWBERRY,154,153,9984
173,MELON,269,269,9992
173,EGG,50,50,9992
173,MILK,216,215,9958
173,WOOL,219,219,9992
173,FERTILIZER,100,100,10000
174,WHEAT,31,31,9966
174,CARROT,36,36,9992
174,TOMATO,64,64,9966
174,STRAWBERRY,154,154,9984
174,MELON,269,269,9992
174,EGG,50,50,9992
174,MILK,216,216,9958
174,WOOL,219,219,9992
174,FERTILIZER,100,100,10000
175,WHEAT,31,31,9966
175,CARROT,36,36,9992
175,TOMATO,64,64,9966
175,STRAWBERRY,154,154,9984
175,MELON,269,269,9992
175,EGG,50,50,9992
175,MILK,216,216,9958
175,WOOL,219,219,9992
175,FERTILIZER,100,100,10000
176,WHEAT,31,31,9966
176,CARROT,36,36,9992
176,TOMATO,64,64,9966
176,STRAWBERRY,154,154,9984
176,MELON,269,269,9992
176,EGG,50,50,9992
176,MILK,216,216,9958
176,WOOL,219,219,9992
176,FERTILIZER,100,100,10000
177,WHEAT,31,31,9965
177,CARROT,36,36,9992
177,TOMATO,64,64,9965
177,STRAWBERRY,155,154,9983
177,MELON,269,269,9992
177,EGG,50,50,9992
177,MILK,218,216,9956
177,WOOL,219,219,9992
177,FERTILIZER,100,100,10000
178,WHEAT,31,31,9965
178,CARROT,36,36,9992
178,TOMATO,64,64,9965
178,STRAWBERRY,155,155,9983
178,MELON,269,269,9992
178,EGG,50,50,9992
178,MILK,218,218,9956
178,WOOL,219,219,9992
178,FERTILIZER,100,100,10000
179,WHEAT,31,31,9965
179,CARROT,36,36,9992
179,TOMATO,64,64,9965
179,STRAWBERRY,155,155,9983
179,MELON,269,269,9992
179,EGG,50,50,9992
179,MILK,218,218,9956
179,WOOL,219,219,9992
179,FERTILIZER,100,100,10000
180,WHEAT,31,31,9965
180,CARROT,36,36,9992
180,TOMATO,64,64,9965
180,STRAWBERRY,155,155,9983
180,MELON,269,269,9992
180,EGG,50,50,9992
180,MILK,218,218,9956
180,WOOL,219,219,9992
180,FERTILIZER,100,100,10000
181,WHEAT,31,31,9964
181,CARROT,36,36,9992
181,TOMATO,64,64,9964
181,STRAWBERRY,156,155,9982
181,MELON,269,269,9992
181,EGG,50,50,9992
181,MILK,219,218,9954
181,WOOL,219,219,9992
181,FERTILIZER,100,100,10000
182,WHEAT,31,31,9964
182,CARROT,36,36,9992
182,TOMATO,64,64,9964
182,STRAWBERRY,156,156,9982
182,MELON,269,269,9992
182,EGG,50,50,9992
182,MILK,219,219,9954
182,WOOL,219,219,9992
182,FERTILIZER,100,100,10000
183,WHEAT,31,31,9964
183,CARROT,36,36,9992
183,TOMATO,64,64,9964
183,STRAWBERRY,156,156,9982
183,MELON,269,269,9992
183,EGG,50,50,9992
183,MILK,219,219,9954
183,WOOL,219,219,9992
183,FERTILIZER,100,100,10000
184,WHEAT,31,31,9964
184,CARROT,36,36,9992
184,TOMATO,64,64,9964
184,STRAWBERRY,156,156,9982
184,MELON,269,269,9992
184,EGG,50,50,9992
184,MILK,219,219,9954
184,WOOL,219,219,9992
184,FERTILIZER,100,100,10000
185,WHEAT,31,31,9963
185,CARROT,36,36,9992
185,TOMATO,64,64,9963
185,STRAWBERRY,157,156,9981
185,MELON,269,269,9992
185,EGG,50,50,9992
185,MILK,220,219,9952
185,WOOL,219,219,9992
185,FERTILIZER,100,100,10000
186,WHEAT,31,31,9963
186,CARROT,36,36,9992
186,TOMATO,64,64,9963
186,STRAWBERRY,157,157,9981
186,MELON,269,269,9992
186,EGG,50,50,9992
186,MILK,220,220,9952
186,WOOL,219,219,9992
186,FERTILIZER,100,100,10000
187,WHEAT,31,31,9963
187,CARROT,36,36,9992
187,TOMATO,64,64,9963
187,STRAWBERRY,157,157,9981
187,MELON,269,269,9992
187,EGG,50,50,9992
187,MILK,220,220,9952
187,WOOL,219,219,9992
187,FERTILIZER,100,100,10000
188,WHEAT,31,31,9963
188,CARROT,36,36,9992
188,TOMATO,64,64,9963
188,STRAWBERRY,157,157,9981
188,MELON,269,269,9992
188,EGG,50,50,9992
188,MILK,220,220,9952
188,WOOL,219,219,9992
188,FERTILIZER,100,100,10000
189,WHEAT,31,31,9962
189,CARROT,36,36,9992
189,TOMATO,65,64,9962
189,STRAWBERRY,158,157,9980
189,MELON,269,269,9992
189,EGG,50,50,9992
189,MILK,221,220,9950
189,WOOL,219,219,9992
189,FERTILIZER,100,100,10000
190,WHEAT,31,31,9962
190,CARROT,36,36,9992
190,TOMATO,65,65,9962
190,STRAWBERRY,158,158,9980
190,MELON,269,269,9992
190,EGG,50,50,9992
190,MILK,221,221,9950
190,WOOL,219,219,9992
190,FERTILIZER,100,100,10000
191,WHEAT,31,31,9962
191,CARROT,36,36,9992
191,TOMATO,65,65,9962
191,STRAWBERRY,158,158,9980
191,MELON,269,269,9992
191,EGG,50,50,9992
191,MILK,221,221,9950
191,WOOL,219,219,9992
191,FERTILIZER,100,100,10000
192,WHEAT,31,31,9962
192,CARROT,36,36,9992
192,TOMATO,65,65,9962
192,STRAWBERRY,158,158,9980
192,MELON,269,269,9992
192,EGG,50,50,9992
192,MILK,221,221,9950
192,WOOL,219,219,9992
192,FERTILIZER,100,100,10000
193,WHEAT,31,31,9960
193,CARROT,36,36,9991
193,TOMATO,65,65,9960
193,STRAWBERRY,159,158,9978
193,MELON,270,269,9991
193,EGG,51,50,9991
193,MILK,223,221,9947
193,WOOL,220,219,9991
193,FERTILIZER,100,100,10000
194,WHEAT,31,31,9960
194,CARROT,36,36,9991
194,TOMATO,65,65,9960
194,STRAWBERRY,159,159,9978
194,MELON,270,270,9991
194,EGG,51,51,9991
194,MILK,223,223,9947
194,WOOL,220,220,9991
194,FERTILIZER,100,100,10000
195,WHEAT,31,31,9960
195,CARROT,36,36,9991
195,TOMATO,65,65,9960
195,STRAWBERRY,159,159,9978
195,MELON,270,270,9991
195,EGG,51,51,9991
195,MILK,223,223,9947
195,WOOL,220,220,9991
195,FERTILIZER,100,100,10000
196,WHEAT,31,31,9960
196,CARROT,36,36,9991
196,TOMATO,65,65,9960
196,STRAWBERRY,159,159,9978
196,MELON,270,270,9991
196,EGG,51,51,9991
196,MILK,223,223,9947
196,WOOL,220,220,9991
196,FERTILIZER,100,100,10000
197,WHEAT,31,31,9959
197,CARROT,36,36,9991
197,TOMATO,65,65,9959
197,STRAWBERRY,160,159,9977
197,MELON,270,270,9991
197,EGG,51,51,9991
197,MILK,224,223,9945
197,WOOL,220,220,9991
197,FERTILIZER,100,100,10000
198,WHEAT,31,31,9959
198,CARROT,36,36,9991
198,TOMATO,65,65,9959
198,STRAWBERRY,160,160,9977
198,MELON,270,270,9991
198,EGG,51,51,9991
198,MILK,224,224,9945
198,WOOL,220,220,9991
198,FERTILIZER,100,100,10000
199,WHEAT,31,31,9959
199,CARROT,36,36,9991
199,TOMATO,65,65,9959
199,STRAWBERRY,160,160,9977
199,MELON,270,270,9991
199,EGG,51,51,9991
199,MILK,224,224,9945
199,WOOL,220,220,9991
199,FERTILIZER,100,100,10000
200,WHEAT,31,31,9959
200,CARROT,36,36,9991
200,TOMATO,65,65,9959
200,STRAWBERRY,160,160,9977
200,MELON,270,270,9991
200,EGG,51,51,9991
200,MILK,224,224,9945
200,WOOL,220,220,9991
200,FERTILIZER,100,100,10000
201,WHEAT,31,31,9958
201,CARROT,36,36,9991
201,TOMATO,65,65,9958
201,STRAWBERRY,161,160,9976
201,MELON,270,270,9991
201,EGG,51,51,9991
201,MILK,226,224,9943
201,WOOL,220,220,9991
201,FERTILIZER,100,100,10000
202,WHEAT,31,31,9958
202,CARROT,36,36,9991
202,TOMATO,65,65,9958
202,STRAWBERRY,161,161,9976
202,MELON,270,270,9991
202,EGG,51,51,9991
202,MILK,226,226,9943
202,WOOL,220,220,9991
202,FERTILIZER,100,100,10000
203,WHEAT,31,31,9958
203,CARROT,36,36,9991
203,TOMATO,65,65,9958
203,STRAWBERRY,161,161,9976
203,MELON,270,270,9991
203,EGG,51,51,9991
203,MILK,226,226,9943
203,WOOL,220,220,9991
203,FERTILIZER,100,100,10000
204,WHEAT,31,31,9958
204,CARROT,36,36,9991
204,TOMATO,65,65,9958
204,STRAWBERRY,161,161,9976
204,MELON,270,270,9991
204,EGG,51,51,9991
204,MILK,226,226,9943
204,WOOL,220,220,9991
204,FERTILIZER,100,100,10000
205,WHEAT,32,31,9957
205,CARROT,36,36,9991
205,TOMATO,65,65,9957
205,STRAWBERRY,162,161,9975
205,MELON,270,270,9991
205,EGG,51,51,9991
205,MILK,227,226,9941
205,WOOL,220,220,9991
205,FERTILIZER,100,100,10000
206,WHEAT,32,32,9957
206,CARROT,36,36,9991
206,TOMATO,65,65,9957
206,STRAWBERRY,162,162,9975
206,MELON,270,270,9991
206,EGG,51,51,9991
206,MILK,227,227,9941
206,WOOL,220,220,9991
206,FERTILIZER,100,100,10000
207,WHEAT,32,32,9957
207,CARROT,36,36,9991
207,TOMATO,65,65,9957
207,STRAWBERRY,162,162,9975
207,MELON,270,270,9991
207,EGG,51,51,9991
207,MILK,227,227,9941
207,WOOL,220,220,9991
207,FERTILIZER,100,100,10000
208,WHEAT,32,32,9957
208,CARROT,36,36,9991
208,TOMATO,65,65,9957
208,STRAWBERRY,162,162,9975
208,MELON,270,270,9991
208,EGG,51,51,9991
208,MILK,227,227,9941
208,WOOL,220,220,9991
208,FERTILIZER,100,100,10000
209,WHEAT,32,32,9956
209,CARROT,36,36,9991
209,TOMATO,65,65,9956
209,STRAWBERRY,163,162,9974
209,MELON,270,270,9991
209,EGG,51,51,9991
209,MILK,228,227,9939
209,WOOL,220,220,9991
209,FERTILIZER,100,100,10000
210,WHEAT,32,32,9956
210,CARROT,36,36,9991
210,TOMATO,65,65,9956
210,STRAWBERRY,163,163,9974
210,MELON,270,270,9991
210,EGG,51,51,9991
210,MILK,228,228,9939
210,WOOL,220,220,9991
210,FERTILIZER,100,100,10000
211,WHEAT,32,32,9956
211,CARROT,36,36,9991
211,TOMATO,65,65,9956
211,STRAWBERRY,163,163,9974
211,MELON,270,270,9991
211,EGG,51,51,9991
211,MILK,228,228,9939
211,WOOL,220,220,9991
211,FERTILIZER,100,100,10000
212,WHEAT,32,32,9956
212,CARROT,36,36,9991
212,TOMATO,65,65,9956
212,STRAWBERRY,163,163,9974
212,MELON,270,270,9991
212,EGG,51,51,9991
212,MILK,228,228,9939
212,WOOL,220,220,9991
212,FERTILIZER,100,100,10000
213,WHEAT,32,32,9955
213,CARROT,36,36,9991
213,TOMATO,65,65,9955
213,STRAWBERRY,164,163,9973
213,MELON,270,270,9991
213,EGG,51,51,9991
213,MILK,229,228,9937
213,WOOL,220,220,9991
213,FERTILIZER,100,100,10000
214,WHEAT,32,32,9955
214,CARROT,36,36,9991
214,TOMATO,65,65,9955
214,STRAWBERRY,164,164,9973
214,MELON,270,270,9991
214,EGG,51,51,9991
214,MILK,229,229,9937
214,WOOL,220,220,9991
214,FERTILIZER,100,100,10000
215,WHEAT,32,32,9955
215,CARROT,36,36,9991
215,TOMATO,65,65,9955
215,STRAWBERRY,164,164,9973
215,MELON,270,270,9991
215,EGG,51,51,9991
215,MILK,229,229,9937
215,WOOL,220,220,9991
215,FERTILIZER,100,100,10000
216,WHEAT,32,32,9955
216,CARROT,36,36,9991
216,TOMATO,65,65,9955
216,STRAWBERRY,164,164,9973
216,MELON,270,270,9991
216,EGG,51,51,9991
216,MILK,229,229,9937
216,WOOL,220,220,9991
216,FERTILIZER,100,100,10000
217,WHEAT,32,32,9953
217,CARROT,36,36,9990
217,TOMATO,66,65,9953
217,STRAWBERRY,165,164,9971
217,MELON,271,270,9990
217,EGG,51,51,9990
217,MILK,231,229,9934
217,WOOL,222,220,9988
217,FERTILIZER,100,100,10000
218,WHEAT,32,32,9953
218,CARROT,36,36,9990
218,TOMATO,66,66,9953
218,STRAWBERRY,165,165,9971
218,MELON,271,271,9990
218,EGG,51,51,9990
218,MILK,231,231,9934
218,WOOL,222,222,9988
218,FERTILIZER,100,100,10000
219,WHEAT,32,32,9953
219,CARROT,36,36,9990
219,TOMATO,66,66,9953
219,STRAWBERRY,165,165,9971
219,MELON,271,271,9990
219,EGG,51,51,9990
219,MILK,231,231,9934
219,WOOL,222,222,9988
219,FERTILIZER,100,100,10000
220,WHEAT,32,32,9953
220,CARROT,36,36,9990
220,TOMATO,66,66,9953
220,STRAWBERRY,165,165,9971
220,MELON,271,271,9990
220,EGG,51,51,9990
220,MILK,231,231,9934
220,WOOL,222,222,9988
220,FERTILIZER,100,100,10000
221,WHEAT,32,32,9952
221,CARROT,36,36,9990
221,TOMATO,66,66,9952
221,STRAWBERRY,166,165,9970
221,MELON,271,271,9990
221,EGG,51,51,9990
221,MILK,232,231,9932
221,WOOL,223,222,9986
221,FERTILIZER,100,100,10000
222,WHEAT,32,32,9952
222,CARROT,36,36,9990
222,TOMATO,66,66,9952
222,STRAWBERRY,166,166,9970
222,MELON,271,271,9990
222,EGG,51,51,9990
222,MILK,232,232,9932
222,WOOL,223,223,9986
222,FERTILIZER,100,100,10000
223,WHEAT,32,32,9952
223,CARROT,36,36,9990
223,TOMATO,66,66,9952
223,STRAWBERRY,166,166,9970
223,MELON,271,271,9990
223,EGG,51,51,9990
223,MILK,232,232,9932
223,WOOL,223,223,9986
223,FERTILIZER,100,100,10000
224,WHEAT,32,32,9952
224,CARROT,36,36,9990
224,TOMATO,66,66,9952
224,STRAWBERRY,166,166,9970
224,MELON,271,271,9990
224,EGG,51,51,9990
224,MILK,232,232,9932
224,WOOL,223,223,9986
224,FERTILIZER,100,100,10000
225,WHEAT,32,32,9951
225,CARROT,36,36,9990
225,TOMATO,66,66,9951
225,STRAWBERRY,167,166,9969
225,MELON,271,271,9990
225,EGG,51,51,9990
225,MILK,233,232,9930
225,WOOL,224,223,9984
225,FERTILIZER,100,100,10000
226,WHEAT,32,32,9951
226,CARROT,36,36,9990
226,TOMATO,66,66,9951
226,STRAWBERRY,167,167,9969
226,MELON,271,271,9990
226,EGG,51,51,9990
226,MILK,233,233,9930
226,WOOL,224,224,9984
226,FERTILIZER,100,100,10000
227,WHEAT,32,32,9951
227,CARROT,36,36,9990
227,TOMATO,66,66,9951
227,STRAWBERRY,167,167,9969
227,MELON,271,271,9990
227,EGG,51,51,9990
227,MILK,233,233,9930
227,WOOL,224,224,9984
227,FERTILIZER,100,100,10000
228,WHEAT,32,32,9951
228,CARROT,36,36,9990
228,TOMATO,66,66,9951
228,STRAWBERRY,167,167,9969
228,MELON,271,271,9990
228,EGG,51,51,9990
228,MILK,233,233,9930
228,WOOL,224,224,9984
228,FERTILIZER,100,100,10000
229,WHEAT,32,32,9950
229,CARROT,36,36,9990
229,TOMATO,66,66,9950
229,STRAWBERRY,168,167,9968
229,MELON,271,271,9990
229,EGG,51,51,9990
229,MILK,234,233,9928
229,WOOL,225,224,9982
229,FERTILIZER,100,100,10000
230,WHEAT,32,32,9950
230,CARROT,36,36,9990
230,TOMATO,66,66,9950
230,STRAWBERRY,168,168,9968
230,MELON,271,271,9990
230,EGG,51,51,9990
230,MILK,234,234,9928
230,WOOL,225,225,9982
230,FERTILIZER,100,100,10000
231,WHEAT,32,32,9950
231,CARROT,36,36,9990
231,TOMATO,66,66,9950
231,STRAWBERRY,168,168,9968
231,MELON,271,271,9990
231,EGG,51,51,9990
231,MILK,234,234,9928
231,WOOL,225,225,9982
231,FERTILIZER,100,100,10000
232,WHEAT,32,32,9950
232,CARROT,36,36,9990
232,TOMATO,66,66,9950
232,STRAWBERRY,168,168,9968
232,MELON,271,271,9990
232,EGG,51,51,9990
232,MILK,234,234,9928
232,WOOL,225,225,9982
232,FERTILIZER,100,100,10000
233,WHEAT,32,32,9949
233,CARROT,36,36,9990
233,TOMATO,66,66,9949
233,STRAWBERRY,168,168,9967
233,MELON,271,271,9990
233,EGG,51,51,9990
233,MILK,235,234,9926
233,WOOL,226,225,9980
233,FERTILIZER,100,100,10000
234,WHEAT,32,32,9949
234,CARROT,36,36,9990
234,TOMATO,66,66,9949
234,STRAWBERRY,168,168,9967
234,MELON,271,271,9990
234,EGG,51,51,9990
234,MILK,235,235,9926
234,WOOL,226,226,9980
234,FERTILIZER,100,100,10000
235,WHEAT,32,32,9949
235,CARROT,36,36,9990
235,TOMATO,66,66,9949
235,STRAWBERRY,168,168,9967
235,MELON,271,271,9990
235,EGG,51,51,9990
235,MILK,235,235,9926
235,WOOL,226,226,9980
235,FERTILIZER,100,100,10000
236,WHEAT,32,32,9949
236,CARROT,36,36,9990
236,TOMATO,66,66,9949
236,STRAWBERRY,168,168,9967
236,MELON,271,271,9990
236,EGG,51,51,9990
236,MILK,235,235,9926
236,WOOL,226,226,9980
236,FERTILIZER,100,100,10000
237,WHEAT,32,32,9948
237,CARROT,36,36,9990
237,TOMATO,66,66,9948
237,STRAWBERRY,169,168,9966
237,MELON,271,271,9990
237,EGG,51,51,9990
237,MILK,236,235,9924
237,WOOL,227,226,9978
237,FERTILIZER,100,100,10000
238,WHEAT,32,32,9948
238,CARROT,36,36,9990
238,TOMATO,66,66,9948
238,STRAWBERRY,169,169,9966
238,MELON,271,271,9990
238,EGG,51,51,9990
238,MILK,236,236,9924
238,WOOL,227,227,9978
238,FERTILIZER,100,100,10000
239,WHEAT,32,32,9948
239,CARROT,36,36,9990
239,TOMATO,66,66,9948
239,STRAWBERRY,169,169,9966
239,MELON,271,271,9990
239,EGG,51,51,9990
239,MILK,236,236,9924
239,WOOL,227,227,9978
239,FERTILIZER,100,100,10000
240,WHEAT,32,32,9948
240,CARROT,36,36,9990
240,TOMATO,66,66,9948
240,STRAWBERRY,169,169,9966
240,MELON,271,271,9990
240,EGG,51,51,9990
240,MILK,236,236,9924
240,WOOL,227,227,9978
240,FERTILIZER,100,100,10000
241,WHEAT,32,32,9946
241,CARROT,36,36,9989
241,TOMATO,66,66,9946
241,STRAWBERRY,170,169,9964
241,MELON,272,271,9989
241,EGG,51,51,9989
241,MILK,237,236,9921
241,WOOL,228,227,9975
241,FERTILIZER,100,100,10000
242,WHEAT,32,32,9946
242,CARROT,36,36,9989
242,TOMATO,66,66,9946
242,STRAWBERRY,170,170,9964
242,MELON,272,272,9989
242,EGG,51,51,9989
242,MILK,237,237,9921
242,WOOL,228,228,9975
242,FERTILIZER,100,100,10000
243,WHEAT,32,32,9946
243,CARROT,36,36,9989
243,TOMATO,66,66,9946
243,STRAWBERRY,170,170,9964
243,MELON,272,272,9989
243,EGG,51,51,9989
243,MILK,237,237,9921
243,WOOL,228,228,9975
243,FERTILIZER,100,100,10000
244,WHEAT,32,32,9946
244,CARROT,36,36,9989
244,TOMATO,66,66,9946
244,STRAWBERRY,170,170,9964
244,MELON,272,272,9989
244,EGG,51,51,9989
244,MILK,237,237,9921
244,WOOL,228,228,9975
244,FERTILIZER,100,100,10000
245,WHEAT,32,32,9945
245,CARROT,36,36,9989
245,TOMATO,67,66,9945
245,STRAWBERRY,171,170,9963
245,MELON,272,272,9989
245,EGG,51,51,9989
245,MILK,238,237,9919
245,WOOL,229,228,9973
245,FERTILIZER,100,100,10000
246,WHEAT,32,32,9945
246,CARROT,36,36,9989
246,TOMATO,67,67,9945
246,STRAWBERRY,171,171,9963
246,MELON,272,272,9989
246,EGG,51,51,9989
246,MILK,238,238,9919
246,WOOL,229,229,9973
246,FERTILIZER,100,100,10000
247,WHEAT,32,32,9945
247,CARROT,36,36,9989
247,TOMATO,67,67,9945
247,STRAWBERRY,171,171,9963
247,MELON,272,272,9989
247,EGG,51,51,9989
247,MILK,238,238,9919
247,WOOL,229,229,9973
247,FERTILIZER,100,100,10000
248,WHEAT,32,32,9945
248,CARROT,36,36,9989
248,TOMATO,67,67,9945
248,STRAWBERRY,171,171,9963
248,MELON,272,272,9989
248,EGG,51,51,9989
248,MILK,238,238,9919
248,WOOL,229,229,9973
248,FERTILIZER,100,100,10000
249,WHEAT,32,32,9944
249,CARROT,36,36,9989
249,TOMATO,67,67,9944
249,STRAWBERRY,172,171,9962
249,MELON,272,272,9989
249,EGG,51,51,9989
249,MILK,239,238,9917
249,WOOL,229,229,9971
249,FERTILIZER,100,100,10000
250,WHEAT,32,32,9944
250,CARROT,36,36,9989
250,TOMATO,67,67,9944
250,STRAWBERRY,172,172,9962
250,MELON,272,272,9989
250,EGG,51,51,9989
250,MILK,239,239,9917
250,WOOL,229,229,9971
250,FERTILIZER,100,100,10000
251,WHEAT,32,32,9944
251,CARROT,36,36,9989
251,TOMATO,67,67,9944
251,STRAWBERRY,172,172,9962
251,MELON,272,272,9989
251,EGG,51,51,9989
251,MILK,239,239,9917
251,WOOL,229,229,9971
251,FERTILIZER,100,100,10000
252,WHEAT,32,32,9944
252,CARROT,36,36,9989
252,TOMATO,67,67,9944
252,STRAWBERRY,172,172,9962
252,MELON,272,272,9989
252,EGG,51,51,9989
252,MILK,239,239,9917
252,WOOL,229,229,9971
252,FERTILIZER,100,100,10000
253,WHEAT,33,32,9943
253,CARROT,36,36,9989
253,TOMATO,67,67,9943
253,STRAWBERRY,172,172,9961
253,MELON,272,272,9989
253,EGG,51,51,9989
253,MILK,240,239,9915
253,WOOL,230,229,9969
253,FERTILIZER,100,100,10000
254,WHEAT,33,33,9943
254,CARROT,36,36,9989
254,TOMATO,67,67,9943
254,STRAWBERRY,172,172,9961
254,MELON,272,272,9989
254,EGG,51,51,9989
254,MILK,240,240,9915
254,WOOL,230,230,9969
254,FERTILIZER,100,100,10000
255,WHEAT,33,33,9943
255,CARROT,36,36,9989
255,TOMATO,67,67,9943
255,STRAWBERRY,172,172,9961
255,MELON,272,272,9989
255,EGG,51,51,9989
255,MILK,240,240,9915
255,WOOL,230,230,9969
255,FERTILIZER,100,100,10000
256,WHEAT,33,33,9943
256,CARROT,36,36,9989
256,TOMATO,67,67,9943
256,STRAWBERRY,172,172,9961
256,MELON,272,272,9989
256,EGG,51,51,9989
256,MILK,240,240,9915
256,WOOL,230,230,9969
256,FERTILIZER,100,100,10000
257,WHEAT,33,33,9942
257,CARROT,36,36,9989
257,TOMATO,67,67,9942
257,STRAWBERRY,173,172,9960
257,MELON,272,272,9989
257,EGG,51,51,9989
257,MILK,241,240,9913
257,WOOL,230,230,9967
257,FERTILIZER,100,100,10000
258,WHEAT,33,33,9942
258,CARROT,36,36,9989
258,TOMATO,67,67,9942
258,STRAWBERRY,173,173,9960
258,MELON,272,272,9989
258,EGG,51,51,9989
258,MILK,241,241,9913
258,WOOL,230,230,9967
258,FERTILIZER,100,100,10000
259,WHEAT,33,33,9942
259,CARROT,36,36,9989
259,TOMATO,67,67,9942
259,STRAWBERRY,173,173,9960
259,MELON,272,272,9989
259,EGG,51,51,9989
259,MILK,241,241,9913
259,WOOL,230,230,9967
259,FERTILIZER,100,100,10000
260,WHEAT,33,33,9942
260,CARROT,36,36,9989
260,TOMATO,67,67,9942
260,STRAWBERRY,173,173,9960
260,MELON,272,272,9989
260,EGG,51,51,9989
260,MILK,241,241,9913
260,WOOL,230,230,9967
260,FERTILIZER,100,100,10000
261,WHEAT,33,33,9941
261,CARROT,36,36,9989
261,TOMATO,67,67,9941
261,STRAWBERRY,174,173,9959
261,MELON,272,272,9989
261,EGG,51,51,9989
261,MILK,242,241,9911
261,WOOL,231,230,9965
261,FERTILIZER,100,100,10000
262,WHEAT,33,33,9941
262,CARROT,36,36,9989
262,TOMATO,67,67,9941
262,STRAWBERRY,174,174,9959
262,MELON,272,272,9989
262,EGG,51,51,9989
262,MILK,242,242,9911
262,WOOL,231,231,9965
262,FERTILIZER,100,100,10000
263,WHEAT,33,33,9941
263,CARROT,36,36,9989
263,TOMATO,67,67,9941
263,STRAWBERRY,174,174,9959
263,MELON,272,272,9989
263,EGG,51,51,9989
263,MILK,242,242,9911
263,WOOL,231,231,9965
263,FERTILIZER,100,100,10000
264,WHEAT,33,33,9941
264,CARROT,36,36,9989
264,TOMATO,67,67,9941
264,STRAWBERRY,174,174,9959
264,MELON,272,272,9989
264,EGG,51,51,9989
264,MILK,242,242,9911
264,WOOL,231,231,9965
264,FERTILIZER,100,100,10000
265,WHEAT,33,33,9939
265,CARROT,36,36,9988
265,TOMATO,67,67,9939
265,STRAWBERRY,175,174,9957
265,MELON,272,272,9988
265,EGG,51,51,9988
265,MILK,243,242,9908
265,WOOL,231,231,9962
265,FERTILIZER,100,100,10000
266,WHEAT,33,33,9939
266,CARROT,36,36,9988
266,TOMATO,67,67,9939
266,STRAWBERRY,175,175,9957
266,MELON,272,272,9988
266,EGG,51,51,9988
266,MILK,243,243,9908
266,WOOL,231,231,9962
266,FERTILIZER,100,100,10000
267,WHEAT,33,33,9939
267,CARROT,36,36,9988
267,TOMATO,67,67,9939
267,STRAWBERRY,175,175,9957
267,MELON,272,272,9988
267,EGG,51,51,9988
267,MILK,243,243,9908
267,WOOL,231,231,9962
267,FERTILIZER,100,100,10000
268,WHEAT,33,33,9939
268,CARROT,36,36,9988
268,TOMATO,67,67,9939
268,STRAWBERRY,175,175,9957
268,MELON,272,272,9988
268,EGG,51,51,9988
268,MILK,243,243,9908
268,WOOL,231,231,9962
268,FERTILIZER,100,100,10000
269,WHEAT,33,33,9938
269,CARROT,36,36,9988
269,TOMATO,67,67,9938
269,STRAWBERRY,176,175,9956
269,MELON,272,272,9988
269,EGG,51,51,9988
269,MILK,244,243,9906
269,WOOL,232,231,9960
269,FERTILIZER,100,100,10000
270,WHEAT,33,33,9938
270,CARROT,36,36,9988
270,TOMATO,67,67,9938
270,STRAWBERRY,176,176,9956
270,MELON,272,272,9988
270,EGG,51,51,9988
270,MILK,244,244,9906
270,WOOL,232,232,9960
270,FERTILIZER,100,100,10000
271,WHEAT,33,33,9938
271,CARROT,36,36,9988
271,TOMATO,67,67,9938
271,STRAWBERRY,176,176,9956
271,MELON,272,272,9988
271,EGG,51,51,9988
271,MILK,244,244,9906
271,WOOL,232,232,9960
271,FERTILIZER,100,100,10000
272,WHEAT,33,33,9938
272,CARROT,36,36,9988
272,TOMATO,67,67,9938
272,STRAWBERRY,176,176,9956
272,MELON,272,272,9988
272,EGG,51,51,9988
272,MILK,244,244,9906
272,WOOL,232,232,9960
272,FERTILIZER,100,100,10000
273,WHEAT,33,33,9937
273,CARROT,36,36,9988
273,TOMATO,68,67,9937
273,STRAWBERRY,176,176,9955
273,MELON,272,272,9988
273,EGG,51,51,9988
273,MILK,245,244,9904
273,WOOL,232,232,9958
273,FERTILIZER,100,100,10000
274,WHEAT,33,33,9937
274,CARROT,36,36,9988
274,TOMATO,68,68,9937
274,STRAWBERRY,176,176,9955
274,MELON,272,272,9988
274,EGG,51,51,9988
274,MILK,245,245,9904
274,WOOL,232,232,9958
274,FERTILIZER,100,100,10000
275,WHEAT,33,33,9937
275,CARROT,36,36,9988
275,TOMATO,68,68,9937
275,STRAWBERRY,176,176,9955
275,MELON,272,272,9988
275,EGG,51,51,9988
275,MILK,245,245,9904
275,WOOL,232,232,9958
275,FERTILIZER,100,100,10000
276,WHEAT,33,33,9937
276,CARROT,36,36,9988
276,TOMATO,68,68,9937
276,STRAWBERRY,176,176,9955
276,MELON,272,272,9988
276,EGG,51,51,9988
276,MILK,245,245,9904
276,WOOL,232,232,9958
276,FERTILIZER,100,100,10000
277,WHEAT,33,33,9936
277,CARROT,36,36,9988
277,TOMATO,68,68,9936
277,STRAWBERRY,177,176,9954
277,MELON,272,272,9988
277,EGG,51,51,9988
277,MILK,246,245,9902
277,WOOL,233,232,9956
277,FERTILIZER,100,100,10000
278,WHEAT,33,33,9936
278,CARROT,36,36,9988
278,TOMATO,68,68,9936
278,STRAWBERRY,177,177,9954
278,MELON,272,272,9988
278,EGG,51,51,9988
278,MILK,246,246,9902
278,WOOL,233,233,9956
278,FERTILIZER,100,100,10000
279,WHEAT,33,33,9936
279,CARROT,36,36,9988
279,TOMATO,68,68,9936
279,STRAWBERRY,177,177,9954
279,MELON,272,272,9988
279,EGG,51,51,9988
279,MILK,246,246,9902
279,WOOL,233,233,9956
279,FERTILIZER,100,100,10000
280,WHEAT,33,33,9936
280,CARROT,36,36,9988
280,TOMATO,68,68,9936
280,STRAWBERRY,177,177,9954
280,MELON,272,272,9988
280,EGG,51,51,9988
280,MILK,246,246,9902
280,WOOL,233,233,9956
280,FERTILIZER,100,100,10000
281,WHEAT,33,33,9935
281,CARROT,36,36,9988
281,TOMATO,68,68,9935
281,STRAWBERRY,178,177,9953
281,MELON,272,272,9988
281,EGG,51,51,9988
281,MILK,247,246,9900
281,WOOL,233,233,9954
281,FERTILIZER,100,100,10000
282,WHEAT,33,33,9935
282,CARROT,36,36,9988
282,TOMATO,68,68,9935
282,STRAWBERRY,178,178,9953
282,MELON,272,272,9988
282,EGG,51,51,9988
282,MILK,247,247,9900
282,WOOL,233,233,9954
282,FERTILIZER,100,100,10000
283,WHEAT,33,33,9935
283,CARROT,36,36,9988
283,TOMATO,68,68,9935
283,STRAWBERRY,178,178,9953
283,MELON,272,272,9988
283,EGG,51,51,9988
283,MILK,247,247,9900
283,WOOL,233,233,9954
283,FERTILIZER,100,100,10000
284,WHEAT,33,33,9935
284,CARROT,36,36,9988
284,TOMATO,68,68,9935
284,STRAWBERRY,178,178,9953
284,MELON,272,272,9988
284,EGG,51,51,9988
284,MILK,247,247,9900
284,WOOL,233,233,9954
284,FERTILIZER,100,100,10000
285,WHEAT,33,33,9934
285,CARROT,36,36,9988
285,TOMATO,68,68,9934
285,STRAWBERRY,178,178,9952
285,MELON,268,272,9993
285,EGG,51,51,9988
285,MILK,248,247,9898
285,WOOL,233,233,9952
285,FERTILIZER,100,100,10000
286,WHEAT,33,33,9934
286,CARROT,36,36,9988
286,TOMATO,68,68,9934
286,STRAWBERRY,178,178,9952
286,MELON,268,268,9993
286,EGG,51,51,9988
286,MILK,248,248,9898
286,WOOL,233,233,9952
286,FERTILIZER,100,100,10000
287,WHEAT,33,33,9934
287,CARROT,36,36,9988
287,TOMATO,68,68,9934
287,STRAWBERRY,178,178,9952
287,MELON,268,268,9993
287,EGG,51,51,9988
287,MILK,248,248,9898
287,WOOL,233,233,9952
287,FERTILIZER,100,100,10000
288,WHEAT,33,33,9934
288,CARROT,36,36,9988
288,TOMATO,68,68,9934
288,STRAWBERRY,178,178,9952
288,MELON,268,268,9993
288,EGG,51,51,9988
288,MILK,248,248,9898
288,WOOL,233,233,9952
288,FERTILIZER,100,100,10000
289,WHEAT,33,33,9932
289,CARROT,36,36,9985
289,TOMATO,68,68,9932
289,STRAWBERRY,179,178,9950
289,MELON,269,268,9992
289,EGG,51,51,9987
289,MILK,249,248,9895
289,WOOL,234,233,9949
289,FERTILIZER,100,100,10000
290,WHEAT,33,33,9932
290,CARROT,36,36,9985
290,TOMATO,68,68,9932
290,STRAWBERRY,179,179,9950
290,MELON,269,269,9992
290,EGG,51,51,9987
290,MILK,249,249,9895
290,WOOL,234,234,9949
290,FERTILIZER,100,100,10000
291,WHEAT,33,33,9932
291,CARROT,36,36,9985
291,TOMATO,68,68,9932
291,STRAWBERRY,179,179,9950
291,MELON,269,269,9992
291,EGG,51,51,9987
291,MILK,249,249,9895
291,WOOL,234,234,9949
291,FERTILIZER,100,100,10000
292,WHEAT,33,33,9932
292,CARROT,36,36,9985
292,TOMATO,68,68,9932
292,STRAWBERRY,179,179,9950
292,MELON,269,269,9992
292,EGG,51,51,9987
292,MILK,249,249,9895
292,WOOL,234,234,9949
292,FERTILIZER,100,100,10000
293,WHEAT,33,33,9931
293,CARROT,36,36,9983
293,TOMATO,68,68,9931
293,STRAWBERRY,180,179,9949
293,MELON,269,269,9992
293,EGG,51,51,9987
293,MILK,250,249,9893
293,WOOL,234,234,9947
293,FERTILIZER,100,100,10000
294,WHEAT,33,33,9931
294,CARROT,36,36,9983
294,TOMATO,68,68,9931
294,STRAWBERRY,180,180,9949
294,MELON,269,269,9992
294,EGG,51,51,9987
294,MILK,250,250,9893
294,WOOL,234,234,9947
294,FERTILIZER,100,100,10000
295,WHEAT,33,33,9931
295,CARROT,36,36,9983
295,TOMATO,68,68,9931
295,STRAWBERRY,180,180,9949
295,MELON,269,269,9992
295,EGG,51,51,9987
295,MILK,250,250,9893
295,WOOL,234,234,9947
295,FERTILIZER,100,100,10000
296,WHEAT,33,33,9931
296,CARROT,36,36,9983
296,TOMATO,68,68,9931
296,STRAWBERRY,180,180,9949
296,MELON,269,269,9992
296,EGG,51,51,9987
296,MILK,250,250,9893
296,WOOL,234,234,9947
296,FERTILIZER,100,100,10000
297,WHEAT,33,33,9930
297,CARROT,36,36,9981
297,TOMATO,68,68,9930
297,STRAWBERRY,181,180,9948
297,MELON,269,269,9992
297,EGG,51,51,9987
297,MILK,251,250,9891
297,WOOL,235,234,9945
297,FERTILIZER,100,100,10000
298,WHEAT,33,33,9930
298,CARROT,36,36,9981
298,TOMATO,68,68,9930
298,STRAWBERRY,181,181,9948
298,MELON,269,269,9992
298,EGG,51,51,9987
298,MILK,251,251,9891
298,WOOL,235,235,9945
298,FERTILIZER,100,100,10000
299,WHEAT,33,33,9930
299,CARROT,36,36,9981
299,TOMATO,68,68,9930
299,STRAWBERRY,181,181,9948
299,MELON,269,269,9992
299,EGG,51,51,9987
299,MILK,251,251,9891
299,WOOL,235,235,9945
299,FERTILIZER,100,100,10000
300,WHEAT,33,33,9930
300,CARROT,36,36,9981
300,TOMATO,68,68,9930
300,STRAWBERRY,181,181,9948
300,MELON,269,269,9992
300,EGG,51,51,9987
300,MILK,251,251,9891
300,WOOL,235,235,9945
300,FERTILIZER,100,100,10000
301,WHEAT,33,33,9929
301,CARROT,37,36,9979
301,TOMATO,69,68,9929
301,STRAWBERRY,181,181,9947
301,MELON,269,269,9992
301,EGG,51,51,9987
301,MILK,252,251,9889
301,WOOL,235,235,9943
301,FERTILIZER,100,100,10000
302,WHEAT,33,33,9929
302,CARROT,37,37,9979
302,TOMATO,69,69,9929
302,STRAWBERRY,181,181,9947
302,MELON,269,269,9992
302,EGG,51,51,9987
302,MILK,252,252,9889
302,WOOL,235,235,9943
302,FERTILIZER,100,100,10000
303,WHEAT,33,33,9929
303,CARROT,37,37,9979
303,TOMATO,69,69,9929
303,STRAWBERRY,181,181,9947
303,MELON,269,269,9992
303,EGG,51,51,9987
303,MILK,252,252,9889
303,WOOL,235,235,9943
303,FERTILIZER,100,100,10000
304,WHEAT,33,33,9929
304,CARROT,37,37,9979
304,TOMATO,69,69,9929
304,STRAWBERRY,181,181,9947
304,MELON,269,269,9992
304,EGG,51,51,9987
304,MILK,252,252,9889
304,WOOL,235,235,9943
304,FERTILIZER,100,100,10000
305,WHEAT,33,33,9928
305,CARROT,37,37,9977
305,TOMATO,69,69,9928
305,STRAWBERRY,182,181,9946
305,MELON,269,269,9992
305,EGG,51,51,9987
305,MILK,252,252,9887
305,WOOL,235,235,9941
305,FERTILIZER,100,100,10000
306,WHEAT,33,33,9928
306,CARROT,37,37,9977
306,TOMATO,69,69,9928
306,STRAWBERRY,182,182,9946
306,MELON,269,269,9992
306,EGG,51,51,9987
306,MILK,252,252,9887
306,WOOL,235,235,9941
306,FERTILIZER,100,100,10000
307,WHEAT,33,33,9928
307,CARROT,37,37,9977
307,TOMATO,69,69,9928
307,STRAWBERRY,182,182,9946
307,MELON,269,269,9992
307,EGG,51,51,9987
307,MILK,252,252,9887
307,WOOL,235,235,9941
307,FERTILIZER,100,100,10000
308,WHEAT,33,33,9928
308,CARROT,37,37,9977
308,TOMATO,69,69,9928
308,STRAWBERRY,182,182,9946
308,MELON,269,269,9992
308,EGG,51,51,9987
308,MILK,252,252,9887
308,WOOL,235,235,9941
308,FERTILIZER,100,100,10000
309,WHEAT,34,33,9927
309,CARROT,37,37,9975
309,TOMATO,69,69,9927
309,STRAWBERRY,182,182,9945
309,MELON,269,269,9992
309,EGG,51,51,9987
309,MILK,253,252,9885
309,WOOL,235,235,9939
309,FERTILIZER,100,100,10000
310,WHEAT,34,34,9927
310,CARROT,37,37,9975
310,TOMATO,69,69,9927
310,STRAWBERRY,182,182,9945
310,MELON,269,269,9992
310,EGG,51,51,9987
310,MILK,253,253,9885
310,WOOL,235,235,9939
310,FERTILIZER,100,100,10000
311,WHEAT,34,34,9927
311,CARROT,37,37,9975
311,TOMATO,69,69,9927
311,STRAWBERRY,182,182,9945
311,MELON,269,269,9992
311,EGG,51,51,9987
311,MILK,253,253,9885
311,WOOL,235,235,9939
311,FERTILIZER,100,100,10000
312,WHEAT,34,34,9927
312,CARROT,37,37,9975
312,TOMATO,69,69,9927
312,STRAWBERRY,182,182,9945
312,MELON,269,269,9992
312,EGG,51,51,9987
312,MILK,253,253,9885
312,WOOL,235,235,9939
312,FERTILIZER,100,100,10000
313,WHEAT,34,34,9925
313,CARROT,37,37,9972
313,TOMATO,69,69,9925
313,STRAWBERRY,183,182,9943
313,MELON,270,269,9991
313,EGG,51,51,9986
313,MILK,254,253,9882
313,WOOL,236,235,9936
313,FERTILIZER,100,100,10000
314,WHEAT,34,34,9925
314,CARROT,37,37,9972
314,TOMATO,69,69,9925
314,STRAWBERRY,183,183,9943
314,MELON,270,270,9991
314,EGG,51,51,9986
314,MILK,254,254,9882
314,WOOL,236,236,9936
314,FERTILIZER,100,100,10000
315,WHEAT,34,34,9925
315,CARROT,37,37,9972
315,TOMATO,69,69,9925
315,STRAWBERRY,183,183,9943
315,MELON,270,270,9991
315,EGG,51,51,9986
315,MILK,254,254,9882
315,WOOL,236,236,9936
315,FERTILIZER,100,100,10000
316,WHEAT,34,34,9925
316,CARROT,37,37,9972
316,TOMATO,69,69,9925
316,STRAWBERRY,183,183,9943
316,MELON,270,270,9991
316,EGG,51,51,9986
316,MILK,254,254,9882
316,WOOL,236,236,9936
316,FERTILIZER,100,100,10000
317,WHEAT,34,34,9924
317,CARROT,37,37,9970
317,TOMATO,69,69,9924
317,STRAWBERRY,184,183,9942
317,MELON,270,270,9991
317,EGG,51,51,9986
317,MILK,255,254,9880
317,WOOL,236,236,9934
317,FERTILIZER,100,100,10000
318,WHEAT,34,34,9924
318,CARROT,37,37,9970
318,TOMATO,69,69,9924
318,STRAWBERRY,184,184,9942
318,MELON,270,270,9991
318,EGG,51,51,9986
318,MILK,255,255,9880
318,WOOL,236,236,9934
318,FERTILIZER,100,100,10000
319,WHEAT,34,34,9924
319,CARROT,37,37,9970
319,TOMATO,69,69,9924
319,STRAWBERRY,184,184,9942
319,MELON,270,270,9991
319,EGG,51,51,9986
319,MILK,255,255,9880
319,WOOL,236,236,9934
319,FERTILIZER,100,100,10000
320,WHEAT,34,34,9924
320,CARROT,37,37,9970
320,TOMATO,69,69,9924
320,STRAWBERRY,184,184,9942
320,MELON,270,270,9991
320,EGG,51,51,9986
320,MILK,255,255,9880
320,WOOL,236,236,9934
320,FERTILIZER,100,100,10000
321,WHEAT,34,34,9923
321,CARROT,37,37,9968
321,TOMATO,69,69,9923
321,STRAWBERRY,185,184,9941
321,MELON,270,270,9991
321,EGG,51,51,9986
321,MILK,256,255,9878
321,WOOL,236,236,9932
321,FERTILIZER,100,100,10000
322,WHEAT,34,34,9923
322,CARROT,37,37,9968
322,TOMATO,69,69,9923
322,STRAWBERRY,185,185,9941
322,MELON,270,270,9991
322,EGG,51,51,9986
322,MILK,256,256,9878
322,WOOL,236,236,9932
322,FERTILIZER,100,100,10000
323,WHEAT,34,34,9923
323,CARROT,37,37,9968
323,TOMATO,69,69,9923
323,STRAWBERRY,185,185,9941
323,MELON,270,270,9991
323,EGG,51,51,9986
323,MILK,256,256,9878
323,WOOL,236,236,9932
323,FERTILIZER,100,100,10000
324,WHEAT,34,34,9923
324,CARROT,37,37,9968
324,TOMATO,69,69,9923
324,STRAWBERRY,185,185,9941
324,MELON,270,270,9991
324,EGG,51,51,9986
324,MILK,256,256,9878
324,WOOL,236,236,9932
324,FERTILIZER,100,100,10000
325,WHEAT,34,34,9922
325,CARROT,38,37,9966
325,TOMATO,69,69,9922
325,STRAWBERRY,185,185,9940
325,MELON,270,270,9991
325,EGG,51,51,9986
325,MILK,257,256,9876
325,WOOL,237,236,9930
325,FERTILIZER,100,100,10000
326,WHEAT,34,34,9922
326,CARROT,38,38,9966
326,TOMATO,69,69,9922
326,STRAWBERRY,185,185,9940
326,MELON,270,270,9991
326,EGG,51,51,9986
326,MILK,257,257,9876
326,WOOL,237,237,9930
326,FERTILIZER,100,100,10000
327,WHEAT,34,34,9922
327,CARROT,38,38,9966
327,TOMATO,69,69,9922
327,STRAWBERRY,185,185,9940
327,MELON,270,270,9991
327,EGG,51,51,9986
327,MILK,257,257,9876
327,WOOL,237,237,9930
327,FERTILIZER,100,100,10000
328,WHEAT,34,34,9922
328,CARROT,38,38,9966
328,TOMATO,69,69,9922
328,STRAWBERRY,185,185,9940
328,MELON,270,270,9991
328,EGG,51,51,9986
328,MILK,257,257,9876
328,WOOL,237,237,9930
328,FERTILIZER,100,100,10000
329,WHEAT,34,34,9921
329,CARROT,38,38,9964
329,TOMATO,69,69,9921
329,STRAWBERRY,186,185,9939
329,MELON,270,270,9991
329,EGG,51,51,9986
329,MILK,258,257,9874
329,WOOL,237,237,9928
329,FERTILIZER,100,100,10000
330,WHEAT,34,34,9921
330,CARROT,38,38,9964
330,TOMATO,69,69,9921
330,STRAWBERRY,186,186,9939
330,MELON,270,270,9991
330,EGG,51,51,9986
330,MILK,258,258,9874
330,WOOL,237,237,9928
330,FERTILIZER,100,100,10000
331,WHEAT,34,34,9921
331,CARROT,38,38,9964
331,TOMATO,69,69,9921
331,STRAWBERRY,186,186,9939
331,MELON,270,270,9991
331,EGG,51,51,9986
331,MILK,258,258,9874
331,WOOL,237,237,9928
331,FERTILIZER,100,100,10000
332,WHEAT,34,34,9921
332,CARROT,38,38,9964
332,TOMATO,69,69,9921
332,STRAWBERRY,186,186,9939
332,MELON,270,270,9991
332,EGG,51,51,9986
332,MILK,258,258,9874
332,WOOL,237,237,9928
332,FERTILIZER,100,100,10000
333,WHEAT,34,34,9920
333,CARROT,38,38,9962
333,TOMATO,70,69,9920
333,STRAWBERRY,186,186,9938
333,MELON,270,270,9991
333,EGG,51,51,9986
333,MILK,258,258,9872
333,WOOL,237,237,9926
333,FERTILIZER,100,100,10000
334,WHEAT,34,34,9920
334,CARROT,38,38,9962
334,TOMATO,70,70,9920
334,STRAWBERRY,186,186,9938
334,MELON,270,270,9991
334,EGG,51,51,9986
334,MILK,258,258,9872
334,WOOL,237,237,9926
334,FERTILIZER,100,100,10000
335,WHEAT,34,34,9920
335,CARROT,38,38,9962
335,TOMATO,70,70,9920
335,STRAWBERRY,186,186,9938
335,MELON,270,270,9991
335,EGG,51,51,9986
335,MILK,258,258,9872
335,WOOL,237,237,9926
335,FERTILIZER,100,100,10000
336,WHEAT,34,34,9920
336,CARROT,38,38,9962
336,TOMATO,70,70,9920
336,STRAWBERRY,186,186,9938
336,MELON,270,270,9991
336,EGG,51,51,9986
336,MILK,258,258,9872
336,WOOL,237,237,9926
336,FERTILIZER,100,100,10000
337,WHEAT,34,34,9918
337,CARROT,38,38,9959
337,TOMATO,70,70,9918
337,STRAWBERRY,187,186,9936
337,MELON,271,270,9990
337,EGG,51,51,9985
337,MILK,259,258,9869
337,WOOL,237,237,9923
337,FERTILIZER,100,100,10000
338,WHEAT,34,34,9918
338,CARROT,38,38,9959
338,TOMATO,70,70,9918
338,STRAWBERRY,187,187,9936
338,MELON,271,271,9990
338,EGG,51,51,9985
338,MILK,259,259,9869
338,WOOL,237,237,9923
338,FERTILIZER,100,100,10000
339,WHEAT,34,34,9918
339,CARROT,38,38,9959
339,TOMATO,70,70,9918
339,STRAWBERRY,187,187,9936
339,MELON,271,271,9990
339,EGG,51,51,9985
339,MILK,259,259,9869
339,WOOL,237,237,9923
339,FERTILIZER,100,100,10000
340,WHEAT,34,34,9918
340,CARROT,38,38,9959
340,TOMATO,70,70,9918
340,STRAWBERRY,187,187,9936
340,MELON,271,271,9990
340,EGG,51,51,9985
340,MILK,259,259,9869
340,WOOL,237,237,9923
340,FERTILIZER,100,100,10000
341,WHEAT,34,34,9917
341,CARROT,38,38,9957
341,TOMATO,70,70,9917
341,STRAWBERRY,188,187,9935
341,MELON,271,271,9990
341,EGG,51,51,9985
341,MILK,260,259,9867
341,WOOL,238,237,9921
341,FERTILIZER,100,100,10000
342,WHEAT,34,34,9917
342,CARROT,38,38,9957
342,TOMATO,70,70,9917
342,STRAWBERRY,188,188,9935
342,MELON,271,271,9990
342,EGG,51,51,9985
342,MILK,260,260,9867
342,WOOL,238,238,9921
342,FERTILIZER,100,100,10000
343,WHEAT,34,34,9917
343,CARROT,38,38,9957
343,TOMATO,70,70,9917
343,STRAWBERRY,188,188,9935
343,MELON,271,271,9990
343,EGG,51,51,9985
343,MILK,260,260,9867
343,WOOL,238,238,9921
343,FERTILIZER,100,100,10000
344,WHEAT,34,34,9917
344,CARROT,38,38,9957
344,TOMATO,70,70,9917
344,STRAWBERRY,188,188,9935
344,MELON,271,271,9990
344,EGG,51,51,9985
344,MILK,260,260,9867
344,WOOL,238,238,9921
344,FERTILIZER,100,100,10000
345,WHEAT,34,34,9916
345,CARROT,38,38,9955
345,TOMATO,70,70,9916
345,STRAWBERRY,188,188,9934
345,MELON,271,271,9990
345,EGG,51,51,9985
345,MILK,261,260,9865
345,WOOL,238,238,9919
345,FERTILIZER,100,100,10000
346,WHEAT,34,34,9916
346,CARROT,38,38,9955
346,TOMATO,70,70,9916
346,STRAWBERRY,188,188,9934
346,MELON,271,271,9990
346,EGG,51,51,9985
346,MILK,261,261,9865
346,WOOL,238,238,9919
346,FERTILIZER,100,100,10000
347,WHEAT,34,34,9916
347,CARROT,38,38,9955
347,TOMATO,70,70,9916
347,STRAWBERRY,188,188,9934
347,MELON,271,271,9990
347,EGG,51,51,9985
347,MILK,261,261,9865
347,WOOL,238,238,9919
347,FERTILIZER,100,100,10000
348,WHEAT,34,34,9916
348,CARROT,38,38,9955
348,TOMATO,70,70,9916
348,STRAWBERRY,188,188,9934
348,MELON,271,271,9990
348,EGG,51,51,9985
348,MILK,261,261,9865
348,WOOL,238,238,9919
348,FERTILIZER,100,100,10000
349,WHEAT,34,34,9915
349,CARROT,39,38,9953
349,TOMATO,70,70,9915
349,STRAWBERRY,189,188,9933
349,MELON,271,271,9990
349,EGG,51,51,9985
349,MILK,262,261,9863
349,WOOL,238,238,9917
349,FERTILIZER,100,100,10000
350,WHEAT,34,34,9915
350,CARROT,39,39,9953
350,TOMATO,70,70,9915
350,STRAWBERRY,189,189,9933
350,MELON,271,271,9990
350,EGG,51,51,9985
350,MILK,262,262,9863
350,WOOL,238,238,9917
350,FERTILIZER,100,100,10000
351,WHEAT,34,34,9915
351,CARROT,39,39,9953
351,TOMATO,70,70,9915
351,STRAWBERRY,189,189,9933
351,MELON,271,271,9990
351,EGG,51,51,9985
351,MILK,262,262,9863
351,WOOL,238,238,9917
351,FERTILIZER,100,100,10000
352,WHEAT,34,34,9915
352,CARROT,39,39,9953
352,TOMATO,70,70,9915
352,STRAWBERRY,189,189,9933
352,MELON,271,271,9990
352,EGG,51,51,9985
352,MILK,262,262,9863
352,WOOL,238,238,9917
352,FERTILIZER,100,100,10000
353,WHEAT,34,34,9914
353,CARROT,39,39,9951
353,TOMATO,70,70,9914
353,STRAWBERRY,189,189,9932
353,MELON,271,271,9990
353,EGG,51,51,9985
353,MILK,262,262,9861
353,WOOL,238,238,9915
353,FERTILIZER,100,100,10000
354,WHEAT,34,34,9914
354,CARROT,39,39,9951
354,TOMATO,70,70,9914
354,STRAWBERRY,189,189,9932
354,MELON,271,271,9990
354,EGG,51,51,9985
354,MILK,262,262,9861
354,WOOL,238,238,9915
354,FERTILIZER,100,100,10000
355,WHEAT,34,34,9914
355,CARROT,39,39,9951
355,TOMATO,70,70,9914
355,STRAWBERRY,189,189,9932
355,MELON,271,271,9990
355,EGG,51,51,9985
355,MILK,262,262,9861
355,WOOL,238,238,9915
355,FERTILIZER,100,100,10000
356,WHEAT,34,34,9914
356,CARROT,39,39,9951
356,TOMATO,70,70,9914
356,STRAWBERRY,189,189,9932
356,MELON,271,271,9990
356,EGG,51,51,9985
356,MILK,262,262,9861
356,WOOL,238,238,9915
356,FERTILIZER,100,100,10000
357,WHEAT,34,34,9913
357,CARROT,39,39,9949
357,TOMATO,70,70,9913
357,STRAWBERRY,190,189,9931
357,MELON,271,271,9990
357,EGG,51,51,9985
357,MILK,263,262,9859
357,WOOL,238,238,9913
357,FERTILIZER,100,100,10000
358,WHEAT,34,34,9913
358,CARROT,39,39,9949
358,TOMATO,70,70,9913
358,STRAWBERRY,190,190,9931
358,MELON,271,271,9990
358,EGG,51,51,9985
358,MILK,263,263,9859
358,WOOL,238,238,9913
358,FERTILIZER,100,100,10000
359,WHEAT,34,34,9913
359,CARROT,39,39,9949
359,TOMATO,70,70,9913
359,STRAWBERRY,190,190,9931
359,MELON,271,271,9990
359,EGG,51,51,9985
359,MILK,263,263,9859
359,WOOL,238,238,9913
359,FERTILIZER,100,100,10000
360,WHEAT,34,34,9913
360,CARROT,39,39,9949
360,TOMATO,70,70,9913
360,STRAWBERRY,190,190,9931
360,MELON,271,271,9990
360,EGG,51,51,9985
360,MILK,263,263,9859
360,WOOL,238,238,9913
360,FERTILIZER,100,100,10000
361,WHEAT,34,34,9910
361,CARROT,39,39,9946
361,TOMATO,71,70,9911
361,STRAWBERRY,191,190,9928
361,MELON,272,271,9989
361,EGG,51,51,9984
361,MILK,265,263,9855
361,WOOL,239,238,9910
361,FERTILIZER,100,100,10000
362,WHEAT,34,34,9910
362,CARROT,39,39,9946
362,TOMATO,71,71,9911
362,STRAWBERRY,191,191,9928
362,MELON,272,272,9989
362,EGG,51,51,9984
362,MILK,265,265,9855
362,WOOL,239,239,9910
362,FERTILIZER,100,100,10000
363,WHEAT,34,34,9910
363,CARROT,39,39,9946
363,TOMATO,71,71,9911
363,STRAWBERRY,191,191,9928
363,MELON,272,272,9989
363,EGG,51,51,9984
363,MILK,265,265,9855
363,WOOL,239,239,9910
363,FERTILIZER,100,100,10000
364,WHEAT,34,34,9910
364,CARROT,39,39,9946
364,TOMATO,71,71,9911
364,STRAWBERRY,191,191,9928
364,MELON,272,272,9989
364,EGG,51,51,9984
364,MILK,265,265,9855
364,WOOL,239,239,9910
364,FERTILIZER,100,100,10000
365,WHEAT,35,34,9908
365,CARROT,39,39,9944
365,TOMATO,71,71,9910
365,STRAWBERRY,192,191,9926
365,MELON,272,272,9989
365,EGG,51,51,9984
365,MILK,266,265,9852
365,WOOL,239,239,9908
365,FERTILIZER,100,100,10000
366,WHEAT,35,35,9908
366,CARROT,39,39,9944
366,TOMATO,71,71,9910
366,STRAWBERRY,192,192,9926
366,MELON,272,272,9989
366,EGG,51,51,9984
366,MILK,266,266,9852
366,WOOL,239,239,9908
366,FERTILIZER,100,100,10000
367,WHEAT,35,35,9908
367,CARROT,39,39,9944
367,TOMATO,71,71,9910
367,STRAWBERRY,192,192,9926
367,MELON,272,272,9989
367,EGG,51,51,9984
367,MILK,266,266,9852
367,WOOL,239,239,9908
367,FERTILIZER,100,100,10000
368,WHEAT,35,35,9908
368,CARROT,39,39,9944
368,TOMATO,71,71,9910
368,STRAWBERRY,192,192,9926
368,MELON,272,272,9989
368,EGG,51,51,9984
368,MILK,266,266,9852
368,WOOL,239,239,9908
368,FERTILIZER,100,100,10000
369,WHEAT,35,35,9906
369,CARROT,40,39,9942
369,TOMATO,71,71,9909
369,STRAWBERRY,193,192,9924
369,MELON,272,272,9989
369,EGG,51,51,9984
369,MILK,267,266,9849
369,WOOL,239,239,9906
369,FERTILIZER,100,100,10000
370,WHEAT,35,35,9906
370,CARROT,40,40,9942
370,TOMATO,71,71,9909
370,STRAWBERRY,193,193,9924
370,MELON,272,272,9989
370,EGG,51,51,9984
370,MILK,267,267,9849
370,WOOL,239,239,9906
370,FERTILIZER,100,100,10000
371,WHEAT,35,35,9906
371,CARROT,40,40,9942
371,TOMATO,71,71,9909
371,STRAWBERRY,193,193,9924
371,MELON,272,272,9989
371,EGG,51,51,9984
371,MILK,267,267,9849
371,WOOL,239,239,9906
371,FERTILIZER,100,100,10000
372,WHEAT,35,35,9906
372,CARROT,40,40,9942
372,TOMATO,71,71,9909
372,STRAWBERRY,193,193,9924
372,MELON,272,272,9989
372,EGG,51,51,9984
372,MILK,267,267,9849
372,WOOL,239,239,9906
372,FERTILIZER,100,100,10000
373,WHEAT,35,35,9904
373,CARROT,40,40,9940
373,TOMATO,71,71,9908
373,STRAWBERRY,194,193,9922
373,MELON,272,272,9989
373,EGG,51,51,9984
373,MILK,268,267,9846
373,WOOL,239,239,9904
373,FERTILIZER,100,100,10000
374,WHEAT,35,35,9904
374,CARROT,40,40,9940
374,TOMATO,71,71,9908
374,STRAWBERRY,194,194,9922
374,MELON,272,272,9989
374,EGG,51,51,9984
374,MILK,268,268,9846
374,WOOL,239,239,9904
374,FERTILIZER,100,100,10000
375,WHEAT,35,35,9904
375,CARROT,40,40,9940
375,TOMATO,71,71,9908
375,STRAWBERRY,194,194,9922
375,MELON,272,272,9989
375,EGG,51,51,9984
375,MILK,268,268,9846
375,WOOL,239,239,9904
375,FERTILIZER,100,100,10000
376,WHEAT,35,35,9904
376,CARROT,40,40,9940
376,TOMATO,71,71,9908
376,STRAWBERRY,194,194,9922
376,MELON,272,272,9989
376,EGG,51,51,9984
376,MILK,268,268,9846
376,WOOL,239,239,9904
376,FERTILIZER,100,100,10000
377,WHEAT,35,35,9902
377,CARROT,40,40,9938
377,TOMATO,71,71,9907
377,STRAWBERRY,195,194,9920
377,MELON,272,272,9989
377,EGG,51,51,9984
377,MILK,269,268,9843
377,WOOL,239,239,9902
377,FERTILIZER,100,100,10000
378,WHEAT,35,35,9902
378,CARROT,40,40,9938
378,TOMATO,71,71,9907
378,STRAWBERRY,195,195,9920
378,MELON,272,272,9989
378,EGG,51,51,9984
378,MILK,269,269,9843
378,WOOL,239,239,9902
378,FERTILIZER,100,100,10000
379,WHEAT,35,35,9902
379,CARROT,40,40,9938
379,TOMATO,71,71,9907
379,STRAWBERRY,195,195,9920
379,MELON,272,272,9989
379,EGG,51,51,9984
379,MILK,269,269,9843
379,WOOL,239,239,9902
379,FERTILIZER,100,100,10000
380,WHEAT,35,35,9902
380,CARROT,40,40,9938
380,TOMATO,71,71,9907
380,STRAWBERRY,195,195,9920
380,MELON,272,272,9989
380,EGG,51,51,9984
380,MILK,269,269,9843
380,WOOL,239,239,9902
380,FERTILIZER,100,100,10000
381,WHEAT,35,35,9900
381,CARROT,40,40,9936
381,TOMATO,71,71,9906
381,STRAWBERRY,196,195,9918
381,MELON,272,272,9989
381,EGG,51,51,9984
381,MILK,270,269,9840
381,WOOL,240,239,9900
381,FERTILIZER,100,100,10000
382,WHEAT,35,35,9900
382,CARROT,40,40,9936
382,TOMATO,71,71,9906
382,STRAWBERRY,196,196,9918
382,MELON,272,272,9989
382,EGG,51,51,9984
382,MILK,270,270,9840
382,WOOL,240,240,9900
382,FERTILIZER,100,100,10000
383,WHEAT,35,35,9900
383,CARROT,40,40,9936
383,TOMATO,71,71,9906
383,STRAWBERRY,196,196,9918
383,MELON,272,272,9989
383,EGG,51,51,9984
383,MILK,270,270,9840
383,WOOL,240,240,9900
383,FERTILIZER,100,100,10000
384,WHEAT,35,35,9900
384,CARROT,40,40,9936
384,TOMATO,71,71,9906
384,STRAWBERRY,196,196,9918
384,MELON,272,272,9989
384,EGG,51,51,9984
384,MILK,270,270,9840
384,WOOL,240,240,9900
384,FERTILIZER,100,100,10000
385,WHEAT,35,35,9897
385,CARROT,40,40,9933
385,TOMATO,72,71,9904
385,STRAWBERRY,197,196,9915
385,MELON,272,272,9988
385,EGG,51,51,9983
385,MILK,271,270,9836
385,WOOL,240,240,9897
385,FERTILIZER,100,100,10000
386,WHEAT,35,35,9897
386,CARROT,40,40,9933
386,TOMATO,72,72,9904
386,STRAWBERRY,197,197,9915
386,MELON,272,272,9988
386,EGG,51,51,9983
386,MILK,271,271,9836
386,WOOL,240,240,9897
386,FERTILIZER,100,100,10000
387,WHEAT,35,35,9897
387,CARROT,40,40,9933
387,TOMATO,72,72,9904
387,STRAWBERRY,197,197,9915
387,MELON,272,272,9988
387,EGG,51,51,9983
387,MILK,271,271,9836
387,WOOL,240,240,9897
387,FERTILIZER,100,100,10000
388,WHEAT,35,35,9897
388,CARROT,40,40,9933
388,TOMATO,72,72,9904
388,STRAWBERRY,197,197,9915
388,MELON,272,272,9988
388,EGG,51,51,9983
388,MILK,271,271,9836
388,WOOL,240,240,9897
388,FERTILIZER,100,100,10000
389,WHEAT,35,35,9895
389,CARROT,40,40,9931
389,TOMATO,72,72,9903
389,STRAWBERRY,198,197,9913
389,MELON,272,272,9988
389,EGG,51,51,9983
389,MILK,272,271,9833
389,WOOL,240,240,9895
389,FERTILIZER,100,100,10000
390,WHEAT,35,35,9895
390,CARROT,40,40,9931
390,TOMATO,72,72,9903
390,STRAWBERRY,198,198,9913
390,MELON,272,272,9988
390,EGG,51,51,9983
390,MILK,272,272,9833
390,WOOL,240,240,9895
390,FERTILIZER,100,100,10000
391,WHEAT,35,35,9895
391,CARROT,40,40,9931
391,TOMATO,72,72,9903
391,STRAWBERRY,198,198,9913
391,MELON,272,272,9988
391,EGG,51,51,9983
391,MILK,272,272,9833
391,WOOL,240,240,9895
391,FERTILIZER,100,100,10000
392,WHEAT,35,35,9895
392,CARROT,40,40,9931
392,TOMATO,72,72,9903
392,STRAWBERRY,198,198,9913
392,MELON,272,272,9988
392,EGG,51,51,9983
392,MILK,272,272,9833
392,WOOL,240,240,9895
392,FERTILIZER,100,100,10000
393,WHEAT,35,35,9893
393,CARROT,41,40,9929
393,TOMATO,72,72,9902
393,STRAWBERRY,199,198,9911
393,MELON,272,272,9988
393,EGG,51,51,9983
393,MILK,273,272,9830
393,WOOL,240,240,9893
393,FERTILIZER,100,100,10000
394,WHEAT,35,35,9893
394,CARROT,41,41,9929
394,TOMATO,72,72,9902
394,STRAWBERRY,199,199,9911
394,MELON,272,272,9988
394,EGG,51,51,9983
394,MILK,273,273,9830
394,WOOL,240,240,9893
394,FERTILIZER,100,100,10000
395,WHEAT,35,35,9893
395,CARROT,41,41,9929
395,TOMATO,72,72,9902
395,STRAWBERRY,199,199,9911
395,MELON,272,272,9988
395,EGG,51,51,9983
395,MILK,273,273,9830
395,WOOL,240,240,9893
395,FERTILIZER,100,100,10000
396,WHEAT,35,35,9893
396,CARROT,41,41,9929
396,TOMATO,72,72,9902
396,STRAWBERRY,199,199,9911
396,MELON,272,272,9988
396,EGG,51,51,9983
396,MILK,273,273,9830
396,WOOL,240,240,9893
396,FERTILIZER,100,100,10000
397,WHEAT,35,35,9891
397,CARROT,41,41,9927
397,TOMATO,72,72,9901
397,STRAWBERRY,200,199,9909
397,MELON,272,272,9988
397,EGG,51,51,9983
397,MILK,274,273,9827
397,WOOL,240,240,9891
397,FERTILIZER,100,100,10000
398,WHEAT,35,35,9891
398,CARROT,41,41,9927
398,TOMATO,72,72,9901
398,STRAWBERRY,200,200,9909
398,MELON,272,272,9988
398,EGG,51,51,9983
398,MILK,274,274,9827
398,WOOL,240,240,9891
398,FERTILIZER,100,100,10000
399,WHEAT,35,35,9891
399,CARROT,41,41,9927
399,TOMATO,72,72,9901
399,STRAWBERRY,200,200,9909
399,MELON,272,272,9988
399,EGG,51,51,9983
399,MILK,274,274,9827
399,WOOL,240,240,9891
399,FERTILIZER,100,100,10000
400,WHEAT,35,35,9891
400,CARROT,41,41,9927
400,TOMATO,72,72,9901
400,STRAWBERRY,200,200,9909
400,MELON,272,272,9988
400,EGG,51,51,9983
400,MILK,274,274,9827
400,WOOL,240,240,9891
400,FERTILIZER,100,100,10000
401,WHEAT,36,35,9889
401,CARROT,41,41,9925
401,TOMATO,72,72,9900
401,STRAWBERRY,201,200,9907
401,MELON,272,272,9988
401,EGG,51,51,9983
401,MILK,275,274,9824
401,WOOL,240,240,9889
401,FERTILIZER,100,100,10000
402,WHEAT,36,36,9889
402,CARROT,41,41,9925
402,TOMATO,72,72,9900
402,STRAWBERRY,201,201,9907
402,MELON,272,272,9988
402,EGG,51,51,9983
402,MILK,275,275,9824
402,WOOL,240,240,9889
402,FERTILIZER,100,100,10000
403,WHEAT,36,36,9889
403,CARROT,41,41,9925
403,TOMATO,72,72,9900
403,STRAWBERRY,201,201,9907
403,MELON,272,272,9988
403,EGG,51,51,9983
403,MILK,275,275,9824
403,WOOL,240,240,9889
403,FERTILIZER,100,100,10000
404,WHEAT,36,36,9889
404,CARROT,41,41,9925
404,TOMATO,72,72,9900
404,STRAWBERRY,201,201,9907
404,MELON,272,272,9988
404,EGG,51,51,9983
404,MILK,275,275,9824
404,WOOL,240,240,9889
404,FERTILIZER,100,100,10000
405,WHEAT,36,36,9887
405,CARROT,41,41,9923
405,TOMATO,72,72,9899
405,STRAWBERRY,202,201,9905
405,MELON,272,272,9988
405,EGG,51,51,9983
405,MILK,276,275,9821
405,WOOL,241,240,9887
405,FERTILIZER,100,100,10000
406,WHEAT,36,36,9887
406,CARROT,41,41,9923
406,TOMATO,72,72,9899
406,STRAWBERRY,202,202,9905
406,MELON,272,272,9988
406,EGG,51,51,9983
406,MILK,276,276,9821
406,WOOL,241,241,9887
406,FERTILIZER,100,100,10000
407,WHEAT,36,36,9887
407,CARROT,41,41,9923
407,TOMATO,72,72,9899
407,STRAWBERRY,202,202,9905
407,MELON,272,272,9988
407,EGG,51,51,9983
407,MILK,276,276,9821
407,WOOL,241,241,9887
407,FERTILIZER,100,100,10000
408,WHEAT,36,36,9887
408,CARROT,41,41,9923
408,TOMATO,72,72,9899
408,STRAWBERRY,202,202,9905
408,MELON,272,272,9988
408,EGG,51,51,9983
408,MILK,276,276,9821
408,WOOL,241,241,9887
408,FERTILIZER,100,100,10000
409,WHEAT,36,36,9884
409,CARROT,41,41,9920
409,TOMATO,72,72,9897
409,STRAWBERRY,203,202,9902
409,MELON,273,272,9987
409,EGG,51,51,9982
409,MILK,278,276,9817
409,WOOL,241,241,9884
409,FERTILIZER,100,100,10000
410,WHEAT,36,36,9884
410,CARROT,41,41,9920
410,TOMATO,72,72,9897
410,STRAWBERRY,203,203,9902
410,MELON,273,273,9987
410,EGG,51,51,9982
410,MILK,278,278,9817
410,WOOL,241,241,9884
410,FERTILIZER,100,100,10000
411,WHEAT,36,36,9884
411,CARROT,41,41,9920
411,TOMATO,72,72,9897
411,STRAWBERRY,203,203,9902
411,MELON,273,273,9987
411,EGG,51,51,9982
411,MILK,278,278,9817
411,WOOL,241,241,9884
411,FERTILIZER,100,100,10000
412,WHEAT,36,36,9884
412,CARROT,41,41,9920
412,TOMATO,72,72,9897
412,STRAWBERRY,203,203,9902
412,MELON,273,273,9987
412,EGG,51,51,9982
412,MILK,278,278,9817
412,WOOL,241,241,9884
412,FERTILIZER,100,100,10000
413,WHEAT,36,36,9882
413,CARROT,41,41,9918
413,TOMATO,72,72,9896
413,STRAWBERRY,204,203,9900
413,MELON,273,273,9987
413,EGG,51,51,9982
413,MILK,279,278,9814
413,WOOL,241,241,9882
413,FERTILIZER,100,100,10000
414,WHEAT,36,36,9882
414,CARROT,41,41,9918
414,TOMATO,72,72,9896
414,STRAWBERRY,204,204,9900
414,MELON,273,273,9987
414,EGG,51,51,9982
414,MILK,279,279,9814
414,WOOL,241,241,9882
414,FERTILIZER,100,100,10000
415,WHEAT,36,36,9882
415,CARROT,41,41,9918
415,TOMATO,72,72,9896
415,STRAWBERRY,204,204,9900
415,MELON,273,273,9987
415,EGG,51,51,9982
415,MILK,279,279,9814
415,WOOL,241,241,9882
415,FERTILIZER,100,100,10000
416,WHEAT,36,36,9882
416,CARROT,41,41,9918
416,TOMATO,72,72,9896
416,STRAWBERRY,204,204,9900
416,MELON,273,273,9987
416,EGG,51,51,9982
416,MILK,279,279,9814
416,WOOL,241,241,9882
416,FERTILIZER,100,100,10000
417,WHEAT,36,36,9880
417,CARROT,42,41,9916
417,TOMATO,73,72,9895
417,STRAWBERRY,205,204,9898
417,MELON,273,273,9987
417,EGG,51,51,9982
417,MILK,279,279,9811
417,WOOL,241,241,9880
417,FERTILIZER,100,100,10000
418,WHEAT,36,36,9880
418,CARROT,42,42,9916
418,TOMATO,73,73,9895
418,STRAWBERRY,205,205,9898
418,MELON,273,273,9987
418,EGG,51,51,9982
418,MILK,279,279,9811
418,WOOL,241,241,9880
418,FERTILIZER,100,100,10000
419,WHEAT,36,36,9880
419,CARROT,42,42,9916
419,TOMATO,73,73,9895
419,STRAWBERRY,205,205,9898
419,MELON,273,273,9987
419,EGG,51,51,9982
419,MILK,279,279,9811
419,WOOL,241,241,9880
419,FERTILIZER,100,100,10000
420,WHEAT,36,36,9880
420,CARROT,42,42,9916
420,TOMATO,73,73,9895
420,STRAWBERRY,205,205,9898
420,MELON,273,273,9987
420,EGG,51,51,9982
420,MILK,279,279,9811
420,WOOL,241,241,9880
420,FERTILIZER,100,100,10000
421,WHEAT,36,36,9878
421,CARROT,42,42,9914
421,TOMATO,73,73,9894
421,STRAWBERRY,206,205,9896
421,MELON,273,273,9987
421,EGG,51,51,9982
421,MILK,280,279,9808
421,WOOL,241,241,9878
421,FERTILIZER,100,100,10000
422,WHEAT,36,36,9878
422,CARROT,42,42,9914
422,TOMATO,73,73,9894
422,STRAWBERRY,206,206,9896
422,MELON,273,273,9987
422,EGG,51,51,9982
422,MILK,280,280,9808
422,WOOL,241,241,9878
422,FERTILIZER,100,100,10000
423,WHEAT,36,36,9878
423,CARROT,42,42,9914
423,TOMATO,73,73,9894
423,STRAWBERRY,206,206,9896
423,MELON,273,273,9987
423,EGG,51,51,9982
423,MILK,280,280,9808
423,WOOL,241,241,9878
423,FERTILIZER,100,100,10000
424,WHEAT,36,36,9878
424,CARROT,42,42,9914
424,TOMATO,73,73,9894
424,STRAWBERRY,206,206,9896
424,MELON,273,273,9987
424,EGG,51,51,9982
424,MILK,280,280,9808
424,WOOL,241,241,9878
424,FERTILIZER,100,100,10000
425,WHEAT,36,36,9876
425,CARROT,42,42,9912
425,TOMATO,73,73,9893
425,STRAWBERRY,206,206,9894
425,MELON,273,273,9987
425,EGG,51,51,9982
425,MILK,281,280,9805
425,WOOL,241,241,9876
425,FERTILIZER,100,100,10000
426,WHEAT,36,36,9876
426,CARROT,42,42,9912
426,TOMATO,73,73,9893
426,STRAWBERRY,206,206,9894
426,MELON,273,273,9987
426,EGG,51,51,9982
426,MILK,281,281,9805
426,WOOL,241,241,9876
426,FERTILIZER,100,100,10000
427,WHEAT,36,36,9876
427,CARROT,42,42,9912
427,TOMATO,73,73,9893
427,STRAWBERRY,206,206,9894
427,MELON,273,273,9987
427,EGG,51,51,9982
427,MILK,281,281,9805
427,WOOL,241,241,9876
427,FERTILIZER,100,100,10000
428,WHEAT,36,36,9876
428,CARROT,42,42,9912
428,TOMATO,73,73,9893
428,STRAWBERRY,206,206,9894
428,MELON,273,273,9987
428,EGG,51,51,9982
428,MILK,281,281,9805
428,WOOL,241,241,9876
428,FERTILIZER,100,100,10000
429,WHEAT,36,36,9874
429,CARROT,42,42,9910
429,TOMATO,73,73,9892
429,STRAWBERRY,207,206,9892
429,MELON,273,273,9987
429,EGG,51,51,9982
429,MILK,282,281,9802
429,WOOL,242,241,9874
429,FERTILIZER,100,100,10000
430,WHEAT,36,36,9874
430,CARROT,42,42,9910
430,TOMATO,73,73,9892
430,STRAWBERRY,207,207,9892
430,MELON,273,273,9987
430,EGG,51,51,9982
430,MILK,282,282,9802
430,WOOL,242,242,9874
430,FERTILIZER,100,100,10000
431,WHEAT,36,36,9874
431,CARROT,42,42,9910
431,TOMATO,73,73,9892
431,STRAWBERRY,207,207,9892
431,MELON,273,273,9987
431,EGG,51,51,9982
431,MILK,282,282,9802
431,WOOL,242,242,9874
431,FERTILIZER,100,100,10000
432,WHEAT,36,36,9874
432,CARROT,42,42,9910
432,TOMATO,73,73,9892
432,STRAWBERRY,207,207,9892
432,MELON,273,273,9987
432,EGG,51,51,9982
432,MILK,282,282,9802
432,WOOL,242,242,9874
432,FERTILIZER,100,100,10000
433,WHEAT,36,36,9871
433,CARROT,42,42,9907
433,TOMATO,73,73,9890
433,STRAWBERRY,209,207,9888
433,MELON,274,273,9986
433,EGG,51,51,9981
433,MILK,284,282,9797
433,WOOL,242,242,9871
433,FERTILIZER,100,100,10000
434,WHEAT,36,36,9871
434,CARROT,42,42,9907
434,TOMATO,73,73,9890
434,STRAWBERRY,209,209,9888
434,MELON,274,274,9986
434,EGG,51,51,9981
434,MILK,284,284,9797
434,WOOL,242,242,9871
434,FERTILIZER,100,100,10000
435,WHEAT,36,36,9871
435,CARROT,42,42,9907
435,TOMATO,73,73,9890
435,STRAWBERRY,209,209,9888
435,MELON,274,274,9986
435,EGG,51,51,9981
435,MILK,284,284,9797
435,WOOL,242,242,9871
435,FERTILIZER,100,100,10000
436,WHEAT,36,36,9871
436,CARROT,42,42,9907
436,TOMATO,73,73,9890
436,STRAWBERRY,209,209,9888
436,MELON,274,274,9986
436,EGG,51,51,9981
436,MILK,284,284,9797
436,WOOL,242,242,9871
436,FERTILIZER,100,100,10000
437,WHEAT,36,36,9869
437,CARROT,42,42,9905
437,TOMATO,73,73,9889
437,STRAWBERRY,210,209,9885
437,MELON,274,274,9986
437,EGG,51,51,9981
437,MILK,285,284,9793
437,WOOL,242,242,9869
437,FERTILIZER,100,100,10000
438,WHEAT,36,36,9869
438,CARROT,42,42,9905
438,TOMATO,73,73,9889
438,STRAWBERRY,210,210,9885
438,MELON,274,274,9986
438,EGG,51,51,9981
438,MILK,285,285,9793
438,WOOL,242,242,9869
438,FERTILIZER,100,100,10000
439,WHEAT,36,36,9869
439,CARROT,42,42,9905
439,TOMATO,73,73,9889
439,STRAWBERRY,210,210,9885
439,MELON,274,274,9986
439,EGG,51,51,9981
439,MILK,285,285,9793
439,WOOL,242,242,9869
439,FERTILIZER,100,100,10000
440,WHEAT,36,36,9869
440,CARROT,42,42,9905
440,TOMATO,73,73,9889
440,STRAWBERRY,210,210,9885
440,MELON,274,274,9986
440,EGG,51,51,9981
440,MILK,285,285,9793
440,WOOL,242,242,9869
440,FERTILIZER,100,100,10000
441,WHEAT,37,36,9867
441,CARROT,43,42,9903
441,TOMATO,73,73,9888
441,STRAWBERRY,211,210,9882
441,MELON,274,274,9986
441,EGG,51,51,9981
441,MILK,286,285,9789
441,WOOL,242,242,9867
441,FERTILIZER,100,100,10000
442,WHEAT,37,37,9867
442,CARROT,43,43,9903
442,TOMATO,73,73,9888
442,STRAWBERRY,211,211,9882
442,MELON,274,274,9986
442,EGG,51,51,9981
442,MILK,286,286,9789
442,WOOL,242,242,9867
442,FERTILIZER,100,100,10000
443,WHEAT,37,37,9867
443,CARROT,43,43,9903
443,TOMATO,73,73,9888
443,STRAWBERRY,211,211,9882
443,MELON,274,274,9986
443,EGG,51,51,9981
443,MILK,286,286,9789
443,WOOL,242,242,9867
443,FERTILIZER,100,100,10000
444,WHEAT,37,37,9867
444,CARROT,43,43,9903
444,TOMATO,73,73,9888
444,STRAWBERRY,211,211,9882
444,MELON,274,274,9986
444,EGG,51,51,9981
444,MILK,286,286,9789
444,WOOL,242,242,9867
444,FERTILIZER,100,100,10000
445,WHEAT,37,37,9865
445,CARROT,43,43,9901
445,TOMATO,74,73,9887
445,STRAWBERRY,212,211,9879
445,MELON,274,274,9986
445,EGG,51,51,9981
445,MILK,287,286,9785
445,WOOL,242,242,9865
445,FERTILIZER,100,100,10000
446,WHEAT,37,37,9865
446,CARROT,43,43,9901
446,TOMATO,74,74,9887
446,STRAWBERRY,212,212,9879
446,MELON,274,274,9986
446,EGG,51,51,9981
446,MILK,287,287,9785
446,WOOL,242,242,9865
446,FERTILIZER,100,100,10000
447,WHEAT,37,37,9865
447,CARROT,43,43,9901
447,TOMATO,74,74,9887
447,STRAWBERRY,212,212,9879
447,MELON,274,274,9986
447,EGG,51,51,9981
447,MILK,287,287,9785
447,WOOL,242,242,9865
447,FERTILIZER,100,100,10000
448,WHEAT,37,37,9865
448,CARROT,43,43,9901
448,TOMATO,74,74,9887
448,STRAWBERRY,212,212,9879
448,MELON,274,274,9986
448,EGG,51,51,9981
448,MILK,287,287,9785
448,WOOL,242,242,9865
448,FERTILIZER,100,100,10000
449,WHEAT,37,37,9863
449,CARROT,43,43,9899
449,TOMATO,74,74,9886
449,STRAWBERRY,214,212,9876
449,MELON,274,274,9986
449,EGG,51,51,9981
449,MILK,289,287,9781
449,WOOL,242,242,9863
449,FERTILIZER,100,100,10000
450,WHEAT,37,37,9863
450,CARROT,43,43,9899
450,TOMATO,74,74,9886
450,STRAWBERRY,214,214,9876
450,MELON,274,274,9986
450,EGG,51,51,9981
450,MILK,289,289,9781
450,WOOL,242,242,9863
450,FERTILIZER,100,100,10000
451,WHEAT,37,37,9863
451,CARROT,43,43,9899
451,TOMATO,74,74,9886
451,STRAWBERRY,214,214,9876
451,MELON,274,274,9986
451,EGG,51,51,9981
451,MILK,289,289,9781
451,WOOL,242,242,9863
451,FERTILIZER,100,100,10000
452,WHEAT,37,37,9863
452,CARROT,43,43,9899
452,TOMATO,74,74,9886
452,STRAWBERRY,214,214,9876
452,MELON,274,274,9986
452,EGG,51,51,9981
452,MILK,289,289,9781
452,WOOL,242,242,9863
452,FERTILIZER,100,100,10000
453,WHEAT,37,37,9861
453,CARROT,43,43,9897
453,TOMATO,74,74,9885
453,STRAWBERRY,215,214,9873
453,MELON,274,274,9986
453,EGG,51,51,9981
453,MILK,290,289,9777
453,WOOL,242,242,9861
453,FERTILIZER,100,100,10000
454,WHEAT,37,37,9861
454,CARROT,43,43,9897
454,TOMATO,74,74,9885
454,STRAWBERRY,215,215,9873
454,MELON,274,274,9986
454,EGG,51,51,9981
454,MILK,290,290,9777
454,WOOL,242,242,9861
454,FERTILIZER,100,100,10000
455,WHEAT,37,37,9861
455,CARROT,43,43,9897
455,TOMATO,74,74,9885
455,STRAWBERRY,215,215,9873
455,MELON,274,274,9986
455,EGG,51,51,9981
455,MILK,290,290,9777
455,WOOL,242,242,9861
455,FERTILIZER,100,100,10000
456,WHEAT,37,37,9861
456,CARROT,43,43,9897
456,TOMATO,74,74,9885
456,STRAWBERRY,215,215,9873
456,MELON,274,274,9986
456,EGG,51,51,9981
456,MILK,290,290,9777
456,WOOL,242,242,9861
456,FERTILIZER,100,100,10000
457,WHEAT,37,37,9858
457,CARROT,43,43,9894
457,TOMATO,74,74,9883
457,STRAWBERRY,216,215,9869
457,MELON,274,274,9985
457,EGG,51,51,9980
457,MILK,291,290,9772
457,WOOL,243,242,9858
457,FERTILIZER,100,100,10000
458,WHEAT,37,37,9858
458,CARROT,43,43,9894
458,TOMATO,74,74,9883
458,STRAWBERRY,216,216,9869
458,MELON,274,274,9985
458,EGG,51,51,9980
458,MILK,291,291,9772
458,WOOL,243,243,9858
458,FERTILIZER,100,100,10000
459,WHEAT,37,37,9858
459,CARROT,43,43,9894
459,TOMATO,74,74,9883
459,STRAWBERRY,216,216,9869
459,MELON,274,274,9985
459,EGG,51,51,9980
459,MILK,291,291,9772
459,WOOL,243,243,9858
459,FERTILIZER,100,100,10000
460,WHEAT,37,37,9858
460,CARROT,43,43,9894
460,TOMATO,74,74,9883
460,STRAWBERRY,216,216,9869
460,MELON,274,274,9985
460,EGG,51,51,9980
460,MILK,291,291,9772
460,WOOL,243,243,9858
460,FERTILIZER,100,100,10000
461,WHEAT,37,37,9856
461,CARROT,43,43,9892
461,TOMATO,74,74,9882
461,STRAWBERRY,217,216,9866
461,MELON,274,274,9985
461,EGG,51,51,9980
461,MILK,292,291,9768
461,WOOL,243,243,9856
461,FERTILIZER,100,100,10000
462,WHEAT,37,37,9856
462,CARROT,43,43,9892
462,TOMATO,74,74,9882
462,STRAWBERRY,217,217,9866
462,MELON,274,274,9985
462,EGG,51,51,9980
462,MILK,292,292,9768
462,WOOL,243,243,9856
462,FERTILIZER,100,100,10000
463,WHEAT,37,37,9856
463,CARROT,43,43,9892
463,TOMATO,74,74,9882
463,STRAWBERRY,217,217,9866
463,MELON,274,274,9985
463,EGG,51,51,9980
463,MILK,292,292,9768
463,WOOL,243,243,9856
463,FERTILIZER,100,100,10000
464,WHEAT,37,37,9856
464,CARROT,43,43,9892
464,TOMATO,74,74,9882
464,STRAWBERRY,217,217,9866
464,MELON,274,274,9985
464,EGG,51,51,9980
464,MILK,292,292,9768
464,WOOL,243,243,9856
464,FERTILIZER,100,100,10000
465,WHEAT,37,37,9854
465,CARROT,44,43,9890
465,TOMATO,74,74,9881
465,STRAWBERRY,218,217,9863
465,MELON,274,274,9985
465,EGG,51,51,9980
465,MILK,294,292,9764
465,WOOL,243,243,9854
465,FERTILIZER,100,100,10000
466,WHEAT,37,37,9854
466,CARROT,44,44,9890
466,TOMATO,74,74,9881
466,STRAWBERRY,218,218,9863
466,MELON,274,274,9985
466,EGG,51,51,9980
466,MILK,294,294,9764
466,WOOL,243,243,9854
466,FERTILIZER,100,100,10000
467,WHEAT,37,37,9854
467,CARROT,44,44,9890
467,TOMATO,74,74,9881
467,STRAWBERRY,218,218,9863
467,MELON,274,274,9985
467,EGG,51,51,9980
467,MILK,294,294,9764
467,WOOL,243,243,9854
467,FERTILIZER,100,100,10000
468,WHEAT,37,37,9854
468,CARROT,44,44,9890
468,TOMATO,74,74,9881
468,STRAWBERRY,218,218,9863
468,MELON,274,274,9985
468,EGG,51,51,9980
468,MILK,294,294,9764
468,WOOL,243,243,9854
468,FERTILIZER,100,100,10000
469,WHEAT,37,37,9852
469,CARROT,44,44,9888
469,TOMATO,74,74,9880
469,STRAWBERRY,219,218,9860
469,MELON,274,274,9985
469,EGG,51,51,9980
469,MILK,295,294,9760
469,WOOL,243,243,9852
469,FERTILIZER,100,100,10000
470,WHEAT,37,37,9852
470,CARROT,44,44,9888
470,TOMATO,74,74,9880
470,STRAWBERRY,219,219,9860
470,MELON,274,274,9985
470,EGG,51,51,9980
470,MILK,295,295,9760
470,WOOL,243,243,9852
470,FERTILIZER,100,100,10000
471,WHEAT,37,37,9852
471,CARROT,44,44,9888
471,TOMATO,74,74,9880
471,STRAWBERRY,219,219,9860
471,MELON,274,274,9985
471,EGG,51,51,9980
471,MILK,295,295,9760
471,WOOL,243,243,9852
471,FERTILIZER,100,100,10000
472,WHEAT,37,37,9852
472,CARROT,44,44,9888
472,TOMATO,74,74,9880
472,STRAWBERRY,219,219,9860
472,MELON,274,274,9985
472,EGG,51,51,9980
472,MILK,295,295,9760
472,WOOL,243,243,9852
472,FERTILIZER,100,100,10000
473,WHEAT,37,37,9850
473,CARROT,44,44,9886
473,TOMATO,75,74,9879
473,STRAWBERRY,220,219,9857
473,MELON,274,274,9985
473,EGG,51,51,9980
473,MILK,296,295,9756
473,WOOL,243,243,9850
473,FERTILIZER,100,100,10000
474,WHEAT,37,37,9850
474,CARROT,44,44,9886
474,TOMATO,75,75,9879
474,STRAWBERRY,220,220,9857
474,MELON,274,274,9985
474,EGG,51,51,9980
474,MILK,296,296,9756
474,WOOL,243,243,9850
474,FERTILIZER,100,100,10000
475,WHEAT,37,37,9850
475,CARROT,44,44,9886
475,TOMATO,75,75,9879
475,STRAWBERRY,220,220,9857
475,MELON,274,274,9985
475,EGG,51,51,9980
475,MILK,296,296,9756
475,WOOL,243,243,9850
475,FERTILIZER,100,100,10000
476,WHEAT,37,37,9850
476,CARROT,44,44,9886
476,TOMATO,75,75,9879
476,STRAWBERRY,220,220,9857
476,MELON,274,274,9985
476,EGG,51,51,9980
476,MILK,296,296,9756
476,WOOL,243,243,9850
476,FERTILIZER,100,100,10000
477,WHEAT,37,37,9848
477,CARROT,44,44,9884
477,TOMATO,75,75,9878
477,STRAWBERRY,221,220,9854
477,MELON,274,274,9985
477,EGG,51,51,9980
477,MILK,297,296,9752
477,WOOL,243,243,9848
477,FERTILIZER,100,100,10000
478,WHEAT,37,37,9848
478,CARROT,44,44,9884
478,TOMATO,75,75,9878
478,STRAWBERRY,221,221,9854
478,MELON,274,274,9985
478,EGG,51,51,9980
478,MILK,297,297,9752
478,WOOL,243,243,9848
478,FERTILIZER,100,100,10000
479,WHEAT,37,37,9848
479,CARROT,44,44,9884
479,TOMATO,75,75,9878
479,STRAWBERRY,221,221,9854
479,MELON,274,274,9985
479,EGG,51,51,9980
479,MILK,297,297,9752
479,WOOL,243,243,9848
479,FERTILIZER,100,100,10000
480,WHEAT,37,37,9848
480,CARROT,44,44,9884
480,TOMATO,75,75,9878
480,STRAWBERRY,221,221,9854
480,MELON,274,274,9985
480,EGG,51,51,9980
480,MILK,297,297,9752
480,WOOL,243,243,9848
480,FERTILIZER,100,100,10000
481,WHEAT,37,37,9845
481,CARROT,44,44,9881
481,TOMATO,75,75,9876
481,STRAWBERRY,223,221,9850
481,MELON,275,274,9984
481,EGG,51,51,9979
481,MILK,298,297,9747
481,WOOL,243,243,9845
481,FERTILIZER,100,100,10000
482,WHEAT,37,37,9845
482,CARROT,44,44,9881
482,TOMATO,75,75,9876
482,STRAWBERRY,223,223,9850
482,MELON,275,275,9984
482,EGG,51,51,9979
482,MILK,298,298,9747
482,WOOL,243,243,9845
482,FERTILIZER,100,100,10000
483,WHEAT,37,37,9845
483,CARROT,44,44,9881
483,TOMATO,75,75,9876
483,STRAWBERRY,223,223,9850
483,MELON,275,275,9984
483,EGG,51,51,9979
483,MILK,298,298,9747
483,WOOL,243,243,9845
483,FERTILIZER,100,100,10000
484,WHEAT,37,37,9845
484,CARROT,44,44,9881
484,TOMATO,75,75,9876
484,STRAWBERRY,223,223,9850
484,MELON,275,275,9984
484,EGG,51,51,9979
484,MILK,298,298,9747
484,WOOL,243,243,9845
484,FERTILIZER,100,100,10000
485,WHEAT,38,37,9843
485,CARROT,44,44,9879
485,TOMATO,75,75,9875
485,STRAWBERRY,224,223,9847
485,MELON,275,275,9984
485,EGG,51,51,9979
485,MILK,299,298,9743
485,WOOL,243,243,9843
485,FERTILIZER,100,100,10000
486,WHEAT,38,38,9843
486,CARROT,44,44,9879
486,TOMATO,75,75,9875
486,STRAWBERRY,224,224,9847
486,MELON,275,275,9984
486,EGG,51,51,9979
486,MILK,299,299,9743
486,WOOL,243,243,9843
486,FERTILIZER,100,100,10000
487,WHEAT,38,38,9843
487,CARROT,44,44,9879
487,TOMATO,75,75,9875
487,STRAWBERRY,224,224,9847
487,MELON,275,275,9984
487,EGG,51,51,9979
487,MILK,299,299,9743
487,WOOL,243,243,9843
487,FERTILIZER,100,100,10000
488,WHEAT,38,38,9843
488,CARROT,44,44,9879
488,TOMATO,75,75,9875
488,STRAWBERRY,224,224,9847
488,MELON,275,275,9984
488,EGG,51,51,9979
488,MILK,299,299,9743
488,WOOL,243,243,9843
488,FERTILIZER,100,100,10000
489,WHEAT,38,38,9841
489,CARROT,45,44,9877
489,TOMATO,75,75,9874
489,STRAWBERRY,225,224,9844
489,MELON,275,275,9984
489,EGG,51,51,9979
489,MILK,300,299,9739
489,WOOL,244,243,9841
489,FERTILIZER,100,100,10000
490,WHEAT,38,38,9841
490,CARROT,45,45,9877
490,TOMATO,75,75,9874
490,STRAWBERRY,225,225,9844
490,MELON,275,275,9984
490,EGG,51,51,9979
490,MILK,300,300,9739
490,WOOL,244,244,9841
490,FERTILIZER,100,100,10000
491,WHEAT,38,38,9841
491,CARROT,45,45,9877
491,TOMATO,75,75,9874
491,STRAWBERRY,225,225,9844
491,MELON,275,275,9984
491,EGG,51,51,9979
491,MILK,300,300,9739
491,WOOL,244,244,9841
491,FERTILIZER,100,100,10000
492,WHEAT,38,38,9841
492,CARROT,45,45,9877
492,TOMATO,75,75,9874
492,STRAWBERRY,225,225,9844
492,MELON,275,275,9984
492,EGG,51,51,9979
492,MILK,300,300,9739
492,WOOL,244,244,9841
492,FERTILIZER,100,100,10000
493,WHEAT,38,38,9839
493,CARROT,45,45,9875
493,TOMATO,75,75,9873
493,STRAWBERRY,226,225,9841
493,MELON,275,275,9984
493,EGG,51,51,9979
493,MILK,301,300,9735
493,WOOL,244,244,9839
493,FERTILIZER,100,100,10000
494,WHEAT,38,38,9839
494,CARROT,45,45,9875
494,TOMATO,75,75,9873
494,STRAWBERRY,226,226,9841
494,MELON,275,275,9984
494,EGG,51,51,9979
494,MILK,301,301,9735
494,WOOL,244,244,9839
494,FERTILIZER,100,100,10000
495,WHEAT,38,38,9839
495,CARROT,45,45,9875
495,TOMATO,75,75,9873
495,STRAWBERRY,226,226,9841
495,MELON,275,275,9984
495,EGG,51,51,9979
495,MILK,301,301,9735
495,WOOL,244,244,9839
495,FERTILIZER,100,100,10000
496,WHEAT,38,38,9839
496,CARROT,45,45,9875
496,TOMATO,75,75,9873
496,STRAWBERRY,226,226,9841
496,MELON,275,275,9984
496,EGG,51,51,9979
496,MILK,301,301,9735
496,WOOL,244,244,9839
496,FERTILIZER,100,100,10000
497,WHEAT,38,38,9837
497,CARROT,45,45,9873
497,TOMATO,75,75,9872
497,STRAWBERRY,227,226,9838
497,MELON,275,275,9984
497,EGG,51,51,9979
497,MILK,303,301,9731
497,WOOL,244,244,9837
497,FERTILIZER,100,100,10000
498,WHEAT,38,38,9837
498,CARROT,45,45,9873
498,TOMATO,75,75,9872
498,STRAWBERRY,227,227,9838
498,MELON,275,275,9984
498,EGG,51,51,9979
498,MILK,303,303,9731
498,WOOL,244,244,9837
498,FERTILIZER,100,100,10000
499,WHEAT,38,38,9837
499,CARROT,45,45,9873
499,TOMATO,75,75,9872
499,STRAWBERRY,227,227,9838
499,MELON,275,275,9984
499,EGG,51,51,9979
499,MILK,303,303,9731
499,WOOL,244,244,9837
499,FERTILIZER,100,100,10000
500,WHEAT,38,38,9837
500,CARROT,45,45,9873
500,TOMATO,75,75,9872
500,STRAWBERRY,227,227,9838
500,MELON,275,275,9984
500,EGG,51,51,9979
500,MILK,303,303,9731
500,WOOL,244,244,9837
500,FERTILIZER,100,100,10000
501,WHEAT,38,38,9835
501,CARROT,45,45,9871
501,TOMATO,75,75,9871
501,STRAWBERRY,228,227,9835
501,MELON,275,275,9984
501,EGG,51,51,9979
501,MILK,304,303,9727
501,WOOL,244,244,9835
501,FERTILIZER,100,100,10000
502,WHEAT,38,38,9835
502,CARROT,45,45,9871
502,TOMATO,75,75,9871
502,STRAWBERRY,228,228,9835
502,MELON,275,275,9984
502,EGG,51,51,9979
502,MILK,304,304,9727
502,WOOL,244,244,9835
502,FERTILIZER,100,100,10000
503,WHEAT,38,38,9835
503,CARROT,45,45,9871
503,TOMATO,75,75,9871
503,STRAWBERRY,228,228,9835
503,MELON,275,275,9984
503,EGG,51,51,9979
503,MILK,304,304,9727
503,WOOL,244,244,9835
503,FERTILIZER,100,100,10000
504,WHEAT,38,38,9835
504,CARROT,45,45,9871
504,TOMATO,75,75,9871
504,STRAWBERRY,228,228,9835
504,MELON,275,275,9984
504,EGG,51,51,9979
504,MILK,304,304,9727
504,WOOL,244,244,9835
504,FERTILIZER,100,100,10000
505,WHEAT,38,38,9831
505,CARROT,45,45,9868
505,TOMATO,76,75,9868
505,STRAWBERRY,229,228,9831
505,MELON,275,275,9983
505,EGG,51,51,9978
505,MILK,305,304,9721
505,WOOL,244,244,9832
505,FERTILIZER,100,100,10000
506,WHEAT,38,38,9831
506,CARROT,45,45,9868
506,TOMATO,76,76,9868
506,STRAWBERRY,229,229,9831
506,MELON,275,275,9983
506,EGG,51,51,9978
506,MILK,305,305,9721
506,WOOL,244,244,9832
506,FERTILIZER,100,100,10000
507,WHEAT,38,38,9831
507,CARROT,45,45,9868
507,TOMATO,76,76,9868
507,STRAWBERRY,229,229,9831
507,MELON,275,275,9983
507,EGG,51,51,9978
507,MILK,305,305,9721
507,WOOL,244,244,9832
507,FERTILIZER,100,100,10000
508,WHEAT,38,38,9831
508,CARROT,45,45,9868
508,TOMATO,76,76,9868
508,STRAWBERRY,229,229,9831
508,MELON,275,275,9983
508,EGG,51,51,9978
508,MILK,305,305,9721
508,WOOL,244,244,9832
508,FERTILIZER,100,100,10000
509,WHEAT,38,38,9828
509,CARROT,45,45,9866
509,TOMATO,76,76,9866
509,STRAWBERRY,230,229,9828
509,MELON,275,275,9983
509,EGG,51,51,9978
509,MILK,306,305,9716
509,WOOL,244,244,9830
509,FERTILIZER,100,100,10000
510,WHEAT,38,38,9828
510,CARROT,45,45,9866
510,TOMATO,76,76,9866
510,STRAWBERRY,230,230,9828
510,MELON,275,275,9983
510,EGG,51,51,9978
510,MILK,306,306,9716
510,WOOL,244,244,9830
510,FERTILIZER,100,100,10000
511,WHEAT,38,38,9828
511,CARROT,45,45,9866
511,TOMATO,76,76,9866
511,STRAWBERRY,230,230,9828
511,MELON,275,275,9983
511,EGG,51,51,9978
511,MILK,306,306,9716
511,WOOL,244,244,9830
511,FERTILIZER,100,100,10000
512,WHEAT,38,38,9828
512,CARROT,45,45,9866
512,TOMATO,76,76,9866
512,STRAWBERRY,230,230,9828
512,MELON,275,275,9983
512,EGG,51,51,9978
512,MILK,306,306,9716
512,WOOL,244,244,9830
512,FERTILIZER,100,100,10000
513,WHEAT,38,38,9825
513,CARROT,46,45,9864
513,TOMATO,76,76,9864
513,STRAWBERRY,231,230,9825
513,MELON,275,275,9983
513,EGG,51,51,9978
513,MILK,308,306,9711
513,WOOL,244,244,9828
513,FERTILIZER,100,100,10000
514,WHEAT,38,38,9825
514,CARROT,46,46,9864
514,TOMATO,76,76,9864
514,STRAWBERRY,231,231,9825
514,MELON,275,275,9983
514,EGG,51,51,9978
514,MILK,308,308,9711
514,WOOL,244,244,9828
514,FERTILIZER,100,100,10000
515,WHEAT,38,38,9825
515,CARROT,46,46,9864
515,TOMATO,76,76,9864
515,STRAWBERRY,231,231,9825
515,MELON,275,275,9983
515,EGG,51,51,9978
515,MILK,308,308,9711
515,WOOL,244,244,9828
515,FERTILIZER,100,100,10000
516,WHEAT,38,38,9825
516,CARROT,46,46,9864
516,TOMATO,76,76,9864
516,STRAWBERRY,231,231,9825
516,MELON,275,275,9983
516,EGG,51,51,9978
516,MILK,308,308,9711
516,WOOL,244,244,9828
516,FERTILIZER,100,100,10000
517,WHEAT,38,38,9822
517,CARROT,46,46,9862
517,TOMATO,77,76,9862
517,STRAWBERRY,232,231,9822
517,MELON,275,275,9983
517,EGG,51,51,9978
517,MILK,309,308,9706
517,WOOL,244,244,9826
517,FERTILIZER,100,100,10000
518,WHEAT,38,38,9822
518,CARROT,46,46,9862
518,TOMATO,77,77,9862
518,STRAWBERRY,232,232,9822
518,MELON,275,275,9983
518,EGG,51,51,9978
518,MILK,309,309,9706
518,WOOL,244,244,9826
518,FERTILIZER,100,100,10000
519,WHEAT,38,38,9822
519,CARROT,46,46,9862
519,TOMATO,77,77,9862
519,STRAWBERRY,232,232,9822
519,MELON,275,275,9983
519,EGG,51,51,9978
519,MILK,309,309,9706
519,WOOL,244,244,9826
519,FERTILIZER,100,100,10000
520,WHEAT,38,38,9822
520,CARROT,46,46,9862
520,TOMATO,77,77,9862
520,STRAWBERRY,232,232,9822
520,MELON,275,275,9983
520,EGG,51,51,9978
520,MILK,309,309,9706
520,WOOL,244,244,9826
520,FERTILIZER,100,100,10000
521,WHEAT,38,38,9819
521,CARROT,46,46,9860
521,TOMATO,77,77,9860
521,STRAWBERRY,233,232,9819
521,MELON,275,275,9983
521,EGG,51,51,9978
521,MILK,310,309,9701
521,WOOL,244,244,9824
521,FERTILIZER,100,100,10000
522,WHEAT,38,38,9819
522,CARROT,46,46,9860
522,TOMATO,77,77,9860
522,STRAWBERRY,233,233,9819
522,MELON,275,275,9983
522,EGG,51,51,9978
522,MILK,310,310,9701
522,WOOL,244,244,9824
522,FERTILIZER,100,100,10000
523,WHEAT,38,38,9819
523,CARROT,46,46,9860
523,TOMATO,77,77,9860
523,STRAWBERRY,233,233,9819
523,MELON,275,275,9983
523,EGG,51,51,9978
523,MILK,310,310,9701
523,WOOL,244,244,9824
523,FERTILIZER,100,100,10000
524,WHEAT,38,38,9819
524,CARROT,46,46,9860
524,TOMATO,77,77,9860
524,STRAWBERRY,233,233,9819
524,MELON,275,275,9983
524,EGG,51,51,9978
524,MILK,310,310,9701
524,WOOL,244,244,9824
524,FERTILIZER,100,100,10000
525,WHEAT,39,38,9816
525,CARROT,46,46,9858
525,TOMATO,77,77,9858
525,STRAWBERRY,234,233,9816
525,MELON,275,275,9983
525,EGG,51,51,9978
525,MILK,312,310,9696
525,WOOL,244,244,9822
525,FERTILIZER,100,100,10000
526,WHEAT,39,39,9816
526,CARROT,46,46,9858
526,TOMATO,77,77,9858
526,STRAWBERRY,234,234,9816
526,MELON,275,275,9983
526,EGG,51,51,9978
526,MILK,312,312,9696
526,WOOL,244,244,9822
526,FERTILIZER,100,100,10000
527,WHEAT,39,39,9816
527,CARROT,46,46,9858
527,TOMATO,77,77,9858
527,STRAWBERRY,234,234,9816
527,MELON,275,275,9983
527,EGG,51,51,9978
527,MILK,312,312,9696
527,WOOL,244,244,9822
527,FERTILIZER,100,100,10000
528,WHEAT,39,39,9816
528,CARROT,46,46,9858
528,TOMATO,77,77,9858
528,STRAWBERRY,234,234,9816
528,MELON,275,275,9983
528,EGG,51,51,9978
528,MILK,312,312,9696
528,WOOL,244,244,9822
528,FERTILIZER,100,100,10000
529,WHEAT,39,39,9812
529,CARROT,46,46,9855
529,TOMATO,77,77,9855
529,STRAWBERRY,235,234,9812
529,MELON,276,275,9982
529,EGG,51,51,9977
529,MILK,313,312,9690
529,WOOL,245,244,9819
529,FERTILIZER,100,100,10000
530,WHEAT,39,39,9812
530,CARROT,46,46,9855
530,TOMATO,77,77,9855
530,STRAWBERRY,235,235,9812
530,MELON,276,276,9982
530,EGG,51,51,9977
530,MILK,313,313,9690
530,WOOL,245,245,9819
530,FERTILIZER,100,100,10000
531,WHEAT,39,39,9812
531,CARROT,46,46,9855
531,TOMATO,77,77,9855
531,STRAWBERRY,235,235,9812
531,MELON,276,276,9982
531,EGG,51,51,9977
531,MILK,313,313,9690
531,WOOL,245,245,9819
531,FERTILIZER,100,100,10000
532,WHEAT,39,39,9812
532,CARROT,46,46,9855
532,TOMATO,77,77,9855
532,STRAWBERRY,235,235,9812
532,MELON,276,276,9982
532,EGG,51,51,9977
532,MILK,313,313,9690
532,WOOL,245,245,9819
532,FERTILIZER,100,100,10000
533,WHEAT,39,39,9809
533,CARROT,46,46,9853
533,TOMATO,78,77,9853
533,STRAWBERRY,236,235,9809
533,MELON,276,276,9982
533,EGG,51,51,9977
533,MILK,314,313,9685
533,WOOL,245,245,9817
533,FERTILIZER,100,100,10000
534,WHEAT,39,39,9809
534,CARROT,46,46,9853
534,TOMATO,78,78,9853
534,STRAWBERRY,236,236,9809
534,MELON,276,276,9982
534,EGG,51,51,9977
534,MILK,314,314,9685
534,WOOL,245,245,9817
534,FERTILIZER,100,100,10000
535,WHEAT,39,39,9809
535,CARROT,46,46,9853
535,TOMATO,78,78,9853
535,STRAWBERRY,236,236,9809
535,MELON,276,276,9982
535,EGG,51,51,9977
535,MILK,314,314,9685
535,WOOL,245,245,9817
535,FERTILIZER,100,100,10000
536,WHEAT,39,39,9809
536,CARROT,46,46,9853
536,TOMATO,78,78,9853
536,STRAWBERRY,236,236,9809
536,MELON,276,276,9982
536,EGG,51,51,9977
536,MILK,314,314,9685
536,WOOL,245,245,9817
536,FERTILIZER,100,100,10000
537,WHEAT,39,39,9806
537,CARROT,47,46,9851
537,TOMATO,78,78,9851
537,STRAWBERRY,237,236,9806
537,MELON,276,276,9982
537,EGG,51,51,9977
537,MILK,315,314,9680
537,WOOL,245,245,9815
537,FERTILIZER,100,100,10000
538,WHEAT,39,39,9806
538,CARROT,47,47,9851
538,TOMATO,78,78,9851
538,STRAWBERRY,237,237,9806
538,MELON,276,276,9982
538,EGG,51,51,9977
538,MILK,315,315,9680
538,WOOL,245,245,9815
538,FERTILIZER,100,100,10000
539,WHEAT,39,39,9806
539,CARROT,47,47,9851
539,TOMATO,78,78,9851
539,STRAWBERRY,237,237,9806
539,MELON,276,276,9982
539,EGG,51,51,9977
539,MILK,315,315,9680
539,WOOL,245,245,9815
539,FERTILIZER,100,100,10000
540,WHEAT,39,39,9806
540,CARROT,47,47,9851
540,TOMATO,78,78,9851
540,STRAWBERRY,237,237,9806
540,MELON,276,276,9982
540,EGG,51,51,9977
540,MILK,315,315,9680
540,WOOL,245,245,9815
540,FERTILIZER,100,100,10000
541,WHEAT,39,39,9803
541,CARROT,47,47,9849
541,TOMATO,78,78,9849
541,STRAWBERRY,238,237,9803
541,MELON,276,276,9982
541,EGG,51,51,9977
541,MILK,317,315,9675
541,WOOL,245,245,9813
541,FERTILIZER,100,100,10000
542,WHEAT,39,39,9803
542,CARROT,47,47,9849
542,TOMATO,78,78,9849
542,STRAWBERRY,238,238,9803
542,MELON,276,276,9982
542,EGG,51,51,9977
542,MILK,317,317,9675
542,WOOL,245,245,9813
542,FERTILIZER,100,100,10000
543,WHEAT,39,39,9803
543,CARROT,47,47,9849
543,TOMATO,78,78,9849
543,STRAWBERRY,238,238,9803
543,MELON,276,276,9982
543,EGG,51,51,9977
543,MILK,317,317,9675
543,WOOL,245,245,9813
543,FERTILIZER,100,100,10000
544,WHEAT,39,39,9803
544,CARROT,47,47,9849
544,TOMATO,78,78,9849
544,STRAWBERRY,238,238,9803
544,MELON,276,276,9982
544,EGG,51,51,9977
544,MILK,317,317,9675
544,WOOL,245,245,9813
544,FERTILIZER,100,100,10000
545,WHEAT,39,39,9800
545,CARROT,47,47,9847
545,TOMATO,78,78,9847
545,STRAWBERRY,239,238,9800
545,MELON,276,276,9982
545,EGG,51,51,9977
545,MILK,318,317,9670
545,WOOL,245,245,9811
545,FERTILIZER,100,100,10000
546,WHEAT,39,39,9800
546,CARROT,47,47,9847
546,TOMATO,78,78,9847
546,STRAWBERRY,239,239,9800
546,MELON,276,276,9982
546,EGG,51,51,9977
546,MILK,318,318,9670
546,WOOL,245,245,9811
546,FERTILIZER,100,100,10000
547,WHEAT,39,39,9800
547,CARROT,47,47,9847
547,TOMATO,78,78,9847
547,STRAWBERRY,239,239,9800
547,MELON,276,276,9982
547,EGG,51,51,9977
547,MILK,318,318,9670
547,WOOL,245,245,9811
547,FERTILIZER,100,100,10000
548,WHEAT,39,39,9800
548,CARROT,47,47,9847
548,TOMATO,78,78,9847
548,STRAWBERRY,239,239,9800
548,MELON,276,276,9982
548,EGG,51,51,9977
548,MILK,318,318,9670
548,WOOL,245,245,9811
548,FERTILIZER,100,100,10000
549,WHEAT,39,39,9797
549,CARROT,47,47,9845
549,TOMATO,79,78,9845
549,STRAWBERRY,240,239,9797
549,MELON,276,276,9982
549,EGG,51,51,9977
549,MILK,319,318,9665
549,WOOL,245,245,9809
549,FERTILIZER,100,100,10000
550,WHEAT,39,39,9797
550,CARROT,47,47,9845
550,TOMATO,79,79,9845
550,STRAWBERRY,240,240,9797
550,MELON,276,276,9982
550,EGG,51,51,9977
550,MILK,319,319,9665
550,WOOL,245,245,9809
550,FERTILIZER,100,100,10000
551,WHEAT,39,39,9797
551,CARROT,47,47,9845
551,TOMATO,79,79,9845
551,STRAWBERRY,240,240,9797
551,MELON,276,276,9982
551,EGG,51,51,9977
551,MILK,319,319,9665
551,WOOL,245,245,9809
551,FERTILIZER,100,100,10000
552,WHEAT,39,39,9797
552,CARROT,47,47,9845
552,TOMATO,79,79,9845
552,STRAWBERRY,240,240,9797
552,MELON,276,276,9982
552,EGG,51,51,9977
552,MILK,319,319,9665
552,WOOL,245,245,9809
552,FERTILIZER,100,100,10000
553,WHEAT,39,39,9793
553,CARROT,47,47,9842
553,TOMATO,79,79,9842
553,STRAWBERRY,241,240,9793
553,MELON,276,276,9981
553,EGG,51,51,9976
553,MILK,320,319,9659
553,WOOL,245,245,9806
553,FERTILIZER,100,100,10000
554,WHEAT,39,39,9793
554,CARROT,47,47,9842
554,TOMATO,79,79,9842
554,STRAWBERRY,241,241,9793
554,MELON,276,276,9981
554,EGG,51,51,9976
554,MILK,320,320,9659
554,WOOL,245,245,9806
554,FERTILIZER,100,100,10000
555,WHEAT,39,39,9793
555,CARROT,47,47,9842
555,TOMATO,79,79,9842
555,STRAWBERRY,241,241,9793
555,MELON,276,276,9981
555,EGG,51,51,9976
555,MILK,320,320,9659
555,WOOL,245,245,9806
555,FERTILIZER,100,100,10000
556,WHEAT,39,39,9793
556,CARROT,47,47,9842
556,TOMATO,79,79,9842
556,STRAWBERRY,241,241,9793
556,MELON,276,276,9981
556,EGG,51,51,9976
556,MILK,320,320,9659
556,WOOL,245,245,9806
556,FERTILIZER,100,100,10000
557,WHEAT,39,39,9790
557,CARROT,47,47,9840
557,TOMATO,79,79,9840
557,STRAWBERRY,242,241,9790
557,MELON,276,276,9981
557,EGG,51,51,9976
557,MILK,322,320,9654
557,WOOL,245,245,9804
557,FERTILIZER,100,100,10000
558,WHEAT,39,39,9790
558,CARROT,47,47,9840
558,TOMATO,79,79,9840
558,STRAWBERRY,242,242,9790
558,MELON,276,276,9981
558,EGG,51,51,9976
558,MILK,322,322,9654
558,WOOL,245,245,9804
558,FERTILIZER,100,100,10000
559,WHEAT,39,39,9790
559,CARROT,47,47,9840
559,TOMATO,79,79,9840
559,STRAWBERRY,242,242,9790
559,MELON,276,276,9981
559,EGG,51,51,9976
559,MILK,322,322,9654
559,WOOL,245,245,9804
559,FERTILIZER,100,100,10000
560,WHEAT,39,39,9790
560,CARROT,47,47,9840
560,TOMATO,79,79,9840
560,STRAWBERRY,242,242,9790
560,MELON,276,276,9981
560,EGG,51,51,9976
560,MILK,322,322,9654
560,WOOL,245,245,9804
560,FERTILIZER,100,100,10000
561,WHEAT,40,39,9787
561,CARROT,48,47,9838
561,TOMATO,79,79,9838
561,STRAWBERRY,243,242,9787
561,MELON,276,276,9981
561,EGG,51,51,9976
561,MILK,323,322,9649
561,WOOL,245,245,9802
561,FERTILIZER,100,100,10000
562,WHEAT,40,40,9787
562,CARROT,48,48,9838
562,TOMATO,79,79,9838
562,STRAWBERRY,243,243,9787
562,MELON,276,276,9981
562,EGG,51,51,9976
562,MILK,323,323,9649
562,WOOL,245,245,9802
562,FERTILIZER,100,100,10000
563,WHEAT,40,40,9787
563,CARROT,48,48,9838
563,TOMATO,79,79,9838
563,STRAWBERRY,243,243,9787
563,MELON,276,276,9981
563,EGG,51,51,9976
563,MILK,323,323,9649
563,WOOL,245,245,9802
563,FERTILIZER,100,100,10000
564,WHEAT,40,40,9787
564,CARROT,48,48,9838
564,TOMATO,79,79,9838
564,STRAWBERRY,243,243,9787
564,MELON,276,276,9981
564,EGG,51,51,9976
564,MILK,323,323,9649
564,WOOL,245,245,9802
564,FERTILIZER,100,100,10000
565,WHEAT,40,40,9784
565,CARROT,48,48,9836
565,TOMATO,80,79,9836
565,STRAWBERRY,243,243,9784
565,MELON,276,276,9981
565,EGG,51,51,9976
565,MILK,324,323,9644
565,WOOL,245,245,9800
565,FERTILIZER,100,100,10000
566,WHEAT,40,40,9784
566,CARROT,48,48,9836
566,TOMATO,80,80,9836
566,STRAWBERRY,243,243,9784
566,MELON,276,276,9981
566,EGG,51,51,9976
566,MILK,324,324,9644
566,WOOL,245,245,9800
566,FERTILIZER,100,100,10000
567,WHEAT,40,40,9784
567,CARROT,48,48,9836
567,TOMATO,80,80,9836
567,STRAWBERRY,243,243,9784
567,MELON,276,276,9981
567,EGG,51,51,9976
567,MILK,324,324,9644
567,WOOL,245,245,9800
567,FERTILIZER,100,100,10000
568,WHEAT,40,40,9784
568,CARROT,48,48,9836
568,TOMATO,80,80,9836
568,STRAWBERRY,243,243,9784
568,MELON,276,276,9981
568,EGG,51,51,9976
568,MILK,324,324,9644
568,WOOL,245,245,9800
568,FERTILIZER,100,100,10000
569,WHEAT,40,40,9781
569,CARROT,48,48,9834
569,TOMATO,80,80,9834
569,STRAWBERRY,244,243,9781
569,MELON,276,276,9981
569,EGG,51,51,9976
569,MILK,325,324,9639
569,WOOL,246,245,9798
569,FERTILIZER,100,100,10000
570,WHEAT,40,40,9781
570,CARROT,48,48,9834
570,TOMATO,80,80,9834
570,STRAWBERRY,244,244,9781
570,MELON,276,276,9981
570,EGG,51,51,9976
570,MILK,325,325,9639
570,WOOL,246,246,9798
570,FERTILIZER,100,100,10000
571,WHEAT,40,40,9781
571,CARROT,48,48,9834
571,TOMATO,80,80,9834
571,STRAWBERRY,244,244,9781
571,MELON,276,276,9981
571,EGG,51,51,9976
571,MILK,325,325,9639
571,WOOL,246,246,9798
571,FERTILIZER,100,100,10000
572,WHEAT,40,40,9781
572,CARROT,48,48,9834
572,TOMATO,80,80,9834
572,STRAWBERRY,244,244,9781
572,MELON,276,276,9981
572,EGG,51,51,9976
572,MILK,325,325,9639
572,WOOL,246,246,9798
572,FERTILIZER,100,100,10000
573,WHEAT,40,40,9778
573,CARROT,48,48,9832
573,TOMATO,80,80,9832
573,STRAWBERRY,245,244,9778
573,MELON,276,276,9981
573,EGG,51,51,9976
573,MILK,326,325,9634
573,WOOL,246,246,9796
573,FERTILIZER,100,100,10000
574,WHEAT,40,40,9778
574,CARROT,48,48,9832
574,TOMATO,80,80,9832
574,STRAWBERRY,245,245,9778
574,MELON,276,276,9981
574,EGG,51,51,9976
574,MILK,326,326,9634
574,WOOL,246,246,9796
574,FERTILIZER,100,100,10000
575,WHEAT,40,40,9778
575,CARROT,48,48,9832
575,TOMATO,80,80,9832
575,STRAWBERRY,245,245,9778
575,MELON,276,276,9981
575,EGG,51,51,9976
575,MILK,326,326,9634
575,WOOL,246,246,9796
575,FERTILIZER,100,100,10000
576,WHEAT,40,40,9778
576,CARROT,48,48,9832
576,TOMATO,80,80,9832
576,STRAWBERRY,245,245,9778
576,MELON,276,276,9981
576,EGG,51,51,9976
576,MILK,326,326,9634
576,WOOL,246,246,9796
576,FERTILIZER,100,100,10000
577,WHEAT,40,40,9774
577,CARROT,48,48,9827
577,TOMATO,81,80,9829
577,STRAWBERRY,246,245,9774
577,MELON,277,276,9980
577,EGG,52,51,9975
577,MILK,328,326,9628
577,WOOL,246,246,9793
577,FERTILIZER,100,100,10000
578,WHEAT,40,40,9774
578,CARROT,48,48,9827
578,TOMATO,81,81,9829
578,STRAWBERRY,246,246,9774
578,MELON,277,277,9980
578,EGG,52,52,9975
578,MILK,328,328,9628
578,WOOL,246,246,9793
578,FERTILIZER,100,100,10000
579,WHEAT,40,40,9774
579,CARROT,48,48,9827
579,TOMATO,81,81,9829
579,STRAWBERRY,246,246,9774
579,MELON,277,277,9980
579,EGG,52,52,9975
579,MILK,328,328,9628
579,WOOL,246,246,9793
579,FERTILIZER,100,100,10000
580,WHEAT,40,40,9774
580,CARROT,48,48,9827
580,TOMATO,81,81,9829
580,STRAWBERRY,246,246,9774
580,MELON,277,277,9980
580,EGG,52,52,9975
580,MILK,328,328,9628
580,WOOL,246,246,9793
580,FERTILIZER,100,100,10000
581,WHEAT,40,40,9771
581,CARROT,49,48,9823
581,TOMATO,81,81,9827
581,STRAWBERRY,247,246,9771
581,MELON,277,277,9980
581,EGG,52,52,9975
581,MILK,329,328,9623
581,WOOL,246,246,9791
581,FERTILIZER,100,100,10000
582,WHEAT,40,40,9771
582,CARROT,49,49,9823
582,TOMATO,81,81,9827
582,STRAWBERRY,247,247,9771
582,MELON,277,277,9980
582,EGG,52,52,9975
582,MILK,329,329,9623
582,WOOL,246,246,9791
582,FERTILIZER,100,100,10000
583,WHEAT,40,40,9771
583,CARROT,49,49,9823
583,TOMATO,81,81,9827
583,STRAWBERRY,247,247,9771
583,MELON,277,277,9980
583,EGG,52,52,9975
583,MILK,329,329,9623
583,WOOL,246,246,9791
583,FERTILIZER,100,100,10000
584,WHEAT,40,40,9771
584,CARROT,49,49,9823
584,TOMATO,81,81,9827
584,STRAWBERRY,247,247,9771
584,MELON,277,277,9980
584,EGG,52,52,9975
584,MILK,329,329,9623
584,WOOL,246,246,9791
584,FERTILIZER,100,100,10000
585,WHEAT,40,40,9768
585,CARROT,49,49,9819
585,TOMATO,81,81,9825
585,STRAWBERRY,248,247,9768
585,MELON,277,277,9980
585,EGG,52,52,9975
585,MILK,330,329,9618
585,WOOL,246,246,9789
585,FERTILIZER,100,100,10000
586,WHEAT,40,40,9768
586,CARROT,49,49,9819
586,TOMATO,81,81,9825
586,STRAWBERRY,248,248,9768
586,MELON,277,277,9980
586,EGG,52,52,9975
586,MILK,330,330,9618
586,WOOL,246,246,9789
586,FERTILIZER,100,100,10000
587,WHEAT,40,40,9768
587,CARROT,49,49,9819
587,TOMATO,81,81,9825
587,STRAWBERRY,248,248,9768
587,MELON,277,277,9980
587,EGG,52,52,9975
587,MILK,330,330,9618
587,WOOL,246,246,9789
587,FERTILIZER,100,100,10000
588,WHEAT,40,40,9768
588,CARROT,49,49,9819
588,TOMATO,81,81,9825
588,STRAWBERRY,248,248,9768
588,MELON,277,277,9980
588,EGG,52,52,9975
588,MILK,330,330,9618
588,WOOL,246,246,9789
588,FERTILIZER,100,100,10000
589,WHEAT,40,40,9765
589,CARROT,49,49,9815
589,TOMATO,81,81,9823
589,STRAWBERRY,249,248,9765
589,MELON,277,277,9980
589,EGG,52,52,9975
589,MILK,331,330,9613
589,WOOL,246,246,9787
589,FERTILIZER,100,100,10000
590,WHEAT,40,40,9765
590,CARROT,49,49,9815
590,TOMATO,81,81,9823
590,STRAWBERRY,249,249,9765
590,MELON,277,277,9980
590,EGG,52,52,9975
590,MILK,331,331,9613
590,WOOL,246,246,9787
590,FERTILIZER,100,100,10000
591,WHEAT,40,40,9765
591,CARROT,49,49,9815
591,TOMATO,81,81,9823
591,STRAWBERRY,249,249,9765
591,MELON,277,277,9980
591,EGG,52,52,9975
591,MILK,331,331,9613
591,WOOL,246,246,9787
591,FERTILIZER,100,100,10000
592,WHEAT,40,40,9765
592,CARROT,49,49,9815
592,TOMATO,81,81,9823
592,STRAWBERRY,249,249,9765
592,MELON,277,277,9980
592,EGG,52,52,9975
592,MILK,331,331,9613
592,WOOL,246,246,9787
592,FERTILIZER,100,100,10000
593,WHEAT,40,40,9762
593,CARROT,50,49,9811
593,TOMATO,81,81,9821
593,STRAWBERRY,250,249,9762
593,MELON,277,277,9980
593,EGG,52,52,9975
593,MILK,332,331,9608
593,WOOL,246,246,9785
593,FERTILIZER,100,100,10000
594,WHEAT,40,40,9762
594,CARROT,50,50,9811
594,TOMATO,81,81,9821
594,STRAWBERRY,250,250,9762
594,MELON,277,277,9980
594,EGG,52,52,9975
594,MILK,332,332,9608
594,WOOL,246,246,9785
594,FERTILIZER,100,100,10000
595,WHEAT,40,40,9762
595,CARROT,50,50,9811
595,TOMATO,81,81,9821
595,STRAWBERRY,250,250,9762
595,MELON,277,277,9980
595,EGG,52,52,9975
595,MILK,332,332,9608
595,WOOL,246,246,9785
595,FERTILIZER,100,100,10000
596,WHEAT,40,40,9762
596,CARROT,50,50,9811
596,TOMATO,81,81,9821
596,STRAWBERRY,250,250,9762
596,MELON,277,277,9980
596,EGG,52,52,9975
596,MILK,332,332,9608
596,WOOL,246,246,9785
596,FERTILIZER,100,100,10000
597,WHEAT,41,40,9759
597,CARROT,50,50,9807
597,TOMATO,82,81,9819
597,STRAWBERRY,250,250,9759
597,MELON,277,277,9980
597,EGG,52,52,9975
597,MILK,333,332,9603
597,WOOL,246,246,9783
597,FERTILIZER,100,100,10000
598,WHEAT,41,41,9759
598,CARROT,50,50,9807
598,TOMATO,82,82,9819
598,STRAWBERRY,250,250,9759
598,MELON,277,277,9980
598,EGG,52,52,9975
598,MILK,333,333,9603
598,WOOL,246,246,9783
598,FERTILIZER,100,100,10000
599,WHEAT,41,41,9759
599,CARROT,50,50,9807
599,TOMATO,82,82,9819
599,STRAWBERRY,250,250,9759
599,MELON,277,277,9980
599,EGG,52,52,9975
599,MILK,333,333,9603
599,WOOL,246,246,9783
599,FERTILIZER,100,100,10000
600,WHEAT,41,41,9759
600,CARROT,50,50,9807
600,TOMATO,82,82,9819
600,STRAWBERRY,250,250,9759
600,MELON,277,277,9980
600,EGG,52,52,9975
600,MILK,333,333,9603
600,WOOL,246,246,9783
600,FERTILIZER,100,100,10000
601,WHEAT,41,41,9755
601,CARROT,50,50,9802
601,TOMATO,82,82,9816
601,STRAWBERRY,251,250,9755
601,MELON,277,277,9979
601,EGG,52,52,9974
601,MILK,334,333,9597
601,WOOL,246,246,9780
601,FERTILIZER,100,100,10000
602,WHEAT,41,41,9755
602,CARROT,50,50,9802
602,TOMATO,82,82,9816
602,STRAWBERRY,251,251,9755
602,MELON,277,277,9979
602,EGG,52,52,9974
602,MILK,334,334,9597
602,WOOL,246,246,9780
602,FERTILIZER,100,100,10000
603,WHEAT,41,41,9755
603,CARROT,50,50,9802
603,TOMATO,82,82,9816
603,STRAWBERRY,251,251,9755
603,MELON,277,277,9979
603,EGG,52,52,9974
603,MILK,334,334,9597
603,WOOL,246,246,9780
603,FERTILIZER,100,100,10000
604,WHEAT,41,41,9755
604,CARROT,50,50,9802
604,TOMATO,82,82,9816
604,STRAWBERRY,251,251,9755
604,MELON,277,277,9979
604,EGG,52,52,9974
604,MILK,334,334,9597
604,WOOL,246,246,9780
604,FERTILIZER,100,100,10000
605,WHEAT,41,41,9752
605,CARROT,51,50,9798
605,TOMATO,82,82,9814
605,STRAWBERRY,252,251,9752
605,MELON,277,277,9979
605,EGG,52,52,9974
605,MILK,336,334,9592
605,WOOL,246,246,9778
605,FERTILIZER,100,100,10000
606,WHEAT,41,41,9752
606,CARROT,51,51,9798
606,TOMATO,82,82,9814
606,STRAWBERRY,252,252,9752
606,MELON,277,277,9979
606,EGG,52,52,9974
606,MILK,336,336,9592
606,WOOL,246,246,9778
606,FERTILIZER,100,100,10000
607,WHEAT,41,41,9752
607,CARROT,51,51,9798
607,TOMATO,82,82,9814
607,STRAWBERRY,252,252,9752
607,MELON,277,277,9979
607,EGG,52,52,9974
607,MILK,336,336,9592
607,WOOL,246,246,9778
607,FERTILIZER,100,100,10000
608,WHEAT,41,41,9752
608,CARROT,51,51,9798
608,TOMATO,82,82,9814
608,STRAWBERRY,252,252,9752
608,MELON,277,277,9979
608,EGG,52,52,9974
608,MILK,336,336,9592
608,WOOL,246,246,9778
608,FERTILIZER,100,100,10000
609,WHEAT,41,41,9749
609,CARROT,51,51,9794
609,TOMATO,83,82,9812
609,STRAWBERRY,253,252,9749
609,MELON,277,277,9979
609,EGG,52,52,9974
609,MILK,337,336,9587
609,WOOL,246,246,9776
609,FERTILIZER,100,100,10000
610,WHEAT,41,41,9749
610,CARROT,51,51,9794
610,TOMATO,83,83,9812
610,STRAWBERRY,253,253,9749
610,MELON,277,277,9979
610,EGG,52,52,9974
610,MILK,337,337,9587
610,WOOL,246,246,9776
610,FERTILIZER,100,100,10000
611,WHEAT,41,41,9749
611,CARROT,51,51,9794
611,TOMATO,83,83,9812
611,STRAWBERRY,253,253,9749
611,MELON,277,277,9979
611,EGG,52,52,9974
611,MILK,337,337,9587
611,WOOL,246,246,9776
611,FERTILIZER,100,100,10000
612,WHEAT,41,41,9749
612,CARROT,51,51,9794
612,TOMATO,83,83,9812
612,STRAWBERRY,253,253,9749
612,MELON,277,277,9979
612,EGG,52,52,9974
612,MILK,337,337,9587
612,WOOL,246,246,9776
612,FERTILIZER,100,100,10000
613,WHEAT,41,41,9746
613,CARROT,51,51,9790
613,TOMATO,83,83,9810
613,STRAWBERRY,254,253,9746
613,MELON,277,277,9979
613,EGG,52,52,9974
613,MILK,338,337,9582
613,WOOL,247,246,9774
613,FERTILIZER,100,100,10000
614,WHEAT,41,41,9746
614,CARROT,51,51,9790
614,TOMATO,83,83,9810
614,STRAWBERRY,254,254,9746
614,MELON,277,277,9979
614,EGG,52,52,9974
614,MILK,338,338,9582
614,WOOL,247,247,9774
614,FERTILIZER,100,100,10000
615,WHEAT,41,41,9746
615,CARROT,51,51,9790
615,TOMATO,83,83,9810
615,STRAWBERRY,254,254,9746
615,MELON,277,277,9979
615,EGG,52,52,9974
615,MILK,338,338,9582
615,WOOL,247,247,9774
615,FERTILIZER,100,100,10000
616,WHEAT,41,41,9746
616,CARROT,51,51,9790
616,TOMATO,83,83,9810
616,STRAWBERRY,254,254,9746
616,MELON,277,277,9979
616,EGG,52,52,9974
616,MILK,338,338,9582
616,WOOL,247,247,9774
616,FERTILIZER,100,100,10000
617,WHEAT,41,41,9743
617,CARROT,52,51,9786
617,TOMATO,83,83,9808
617,STRAWBERRY,255,254,9743
617,MELON,277,277,9979
617,EGG,52,52,9974
617,MILK,339,338,9577
617,WOOL,247,247,9772
617,FERTILIZER,100,100,10000
618,WHEAT,41,41,9743
618,CARROT,52,52,9786
618,TOMATO,83,83,9808
618,STRAWBERRY,255,255,9743
618,MELON,277,277,9979
618,EGG,52,52,9974
618,MILK,339,339,9577
618,WOOL,247,247,9772
618,FERTILIZER,100,100,10000
619,WHEAT,41,41,9743
619,CARROT,52,52,9786
619,TOMATO,83,83,9808
619,STRAWBERRY,255,255,9743
619,MELON,277,277,9979
619,EGG,52,52,9974
619,MILK,339,339,9577
619,WOOL,247,247,9772
619,FERTILIZER,100,100,10000
620,WHEAT,41,41,9743
620,CARROT,52,52,9786
620,TOMATO,83,83,9808
620,STRAWBERRY,255,255,9743
620,MELON,277,277,9979
620,EGG,52,52,9974
620,MILK,339,339,9577
620,WOOL,247,247,9772
620,FERTILIZER,100,100,10000
621,WHEAT,41,41,9740
621,CARROT,52,52,9782
621,TOMATO,83,83,9806
621,STRAWBERRY,255,255,9740
621,MELON,277,277,9979
621,EGG,52,52,9974
621,MILK,340,339,9572
621,WOOL,247,247,9770
621,FERTILIZER,100,100,10000
622,WHEAT,41,41,9740
622,CARROT,52,52,9782
622,TOMATO,83,83,9806
622,STRAWBERRY,255,255,9740
622,MELON,277,277,9979
622,EGG,52,52,9974
622,MILK,340,340,9572
622,WOOL,247,247,9770
622,FERTILIZER,100,100,10000
623,WHEAT,41,41,9740
623,CARROT,52,52,9782
623,TOMATO,83,83,9806
623,STRAWBERRY,255,255,9740
623,MELON,277,277,9979
623,EGG,52,52,9974
623,MILK,340,340,9572
623,WOOL,247,247,9770
623,FERTILIZER,100,100,10000
624,WHEAT,41,41,9740
624,CARROT,52,52,9782
624,TOMATO,83,83,9806
624,STRAWBERRY,255,255,9740
624,MELON,277,277,9979
624,EGG,52,52,9974
624,MILK,340,340,9572
624,WOOL,247,247,9770
624,FERTILIZER,100,100,10000
625,WHEAT,41,41,9736
625,CARROT,52,52,9777
625,TOMATO,84,83,9803
625,STRAWBERRY,256,255,9736
625,MELON,277,277,9978
625,EGG,52,52,9973
625,MILK,341,340,9566
625,WOOL,247,247,9767
625,FERTILIZER,100,100,10000
626,WHEAT,41,41,9736
626,CARROT,52,52,9777
626,TOMATO,84,84,9803
626,STRAWBERRY,256,256,9736
626,MELON,277,277,9978
626,EGG,52,52,9973
626,MILK,341,341,9566
626,WOOL,247,247,9767
626,FERTILIZER,100,100,10000
627,WHEAT,41,41,9736
627,CARROT,52,52,9777
627,TOMATO,84,84,9803
627,STRAWBERRY,256,256,9736
627,MELON,277,277,9978
627,EGG,52,52,9973
627,MILK,341,341,9566
627,WOOL,247,247,9767
627,FERTILIZER,100,100,10000
628,WHEAT,41,41,9736
628,CARROT,52,52,9777
628,TOMATO,84,84,9803
628,STRAWBERRY,256,256,9736
628,MELON,277,277,9978
628,EGG,52,52,9973
628,MILK,341,341,9566
628,WOOL,247,247,9767
628,FERTILIZER,100,100,10000
629,WHEAT,41,41,9733
629,CARROT,53,52,9773
629,TOMATO,84,84,9801
629,STRAWBERRY,257,256,9733
629,MELON,277,277,9978
629,EGG,52,52,9973
629,MILK,342,341,9561
629,WOOL,247,247,9765
629,FERTILIZER,100,100,10000
630,WHEAT,41,41,9733
630,CARROT,53,53,9773
630,TOMATO,84,84,9801
630,STRAWBERRY,257,257,9733
630,MELON,277,277,9978
630,EGG,52,52,9973
630,MILK,342,342,9561
630,WOOL,247,247,9765
630,FERTILIZER,100,100,10000
631,WHEAT,41,41,9733
631,CARROT,53,53,9773
631,TOMATO,84,84,9801
631,STRAWBERRY,257,257,9733
631,MELON,277,277,9978
631,EGG,52,52,9973
631,MILK,342,342,9561
631,WOOL,247,247,9765
631,FERTILIZER,100,100,10000
632,WHEAT,41,41,9733
632,CARROT,53,53,9773
632,TOMATO,84,84,9801
632,STRAWBERRY,257,257,9733
632,MELON,277,277,9978
632,EGG,52,52,9973
632,MILK,342,342,9561
632,WOOL,247,247,9765
632,FERTILIZER,100,100,10000
633,WHEAT,41,41,9730
633,CARROT,53,53,9769
633,TOMATO,84,84,9799
633,STRAWBERRY,258,257,9730
633,MELON,277,277,9978
633,EGG,52,52,9973
633,MILK,343,342,9556
633,WOOL,247,247,9763
633,FERTILIZER,100,100,10000
634,WHEAT,41,41,9730
634,CARROT,53,53,9769
634,TOMATO,84,84,9799
634,STRAWBERRY,258,258,9730
634,MELON,277,277,9978
634,EGG,52,52,9973
634,MILK,343,343,9556
634,WOOL,247,247,9763
634,FERTILIZER,100,100,10000
635,WHEAT,41,41,9730
635,CARROT,53,53,9769
635,TOMATO,84,84,9799
635,STRAWBERRY,258,258,9730
635,MELON,277,277,9978
635,EGG,52,52,9973
635,MILK,343,343,9556
635,WOOL,247,247,9763
635,FERTILIZER,100,100,10000
636,WHEAT,41,41,9730
636,CARROT,53,53,9769
636,TOMATO,84,84,9799
636,STRAWBERRY,258,258,9730
636,MELON,277,277,9978
636,EGG,52,52,9973
636,MILK,343,343,9556
636,WOOL,247,247,9763
636,FERTILIZER,100,100,10000
637,WHEAT,42,41,9727
637,CARROT,53,53,9765
637,TOMATO,84,84,9797
637,STRAWBERRY,259,258,9727
637,MELON,277,277,9978
637,EGG,52,52,9973
637,MILK,344,343,9551
637,WOOL,247,247,9761
637,FERTILIZER,100,100,10000
638,WHEAT,42,42,9727
638,CARROT,53,53,9765
638,TOMATO,84,84,9797
638,STRAWBERRY,259,259,9727
638,MELON,277,277,9978
638,EGG,52,52,9973
638,MILK,344,344,9551
638,WOOL,247,247,9761
638,FERTILIZER,100,100,10000
639,WHEAT,42,42,9727
639,CARROT,53,53,9765
639,TOMATO,84,84,9797
639,STRAWBERRY,259,259,9727
639,MELON,277,277,9978
639,EGG,52,52,9973
639,MILK,344,344,9551
639,WOOL,247,247,9761
639,FERTILIZER,100,100,10000
640,WHEAT,42,42,9727
640,CARROT,53,53,9765
640,TOMATO,84,84,9797
640,STRAWBERRY,259,259,9727
640,MELON,277,277,9978
640,EGG,52,52,9973
640,MILK,344,344,9551
640,WOOL,247,247,9761
640,FERTILIZER,100,100,10000
641,WHEAT,42,42,9724
641,CARROT,54,53,9761
641,TOMATO,85,84,9795
641,STRAWBERRY,260,259,9724
641,MELON,277,277,9978
641,EGG,52,52,9973
641,MILK,345,344,9546
641,WOOL,247,247,9759
641,FERTILIZER,100,100,10000
642,WHEAT,42,42,9724
642,CARROT,54,54,9761
642,TOMATO,85,85,9795
642,STRAWBERRY,260,260,9724
642,MELON,277,277,9978
642,EGG,52,52,9973
642,MILK,345,345,9546
642,WOOL,247,247,9759
642,FERTILIZER,100,100,10000
643,WHEAT,42,42,9724
643,CARROT,54,54,9761
643,TOMATO,85,85,9795
643,STRAWBERRY,260,260,9724
643,MELON,277,277,9978
643,EGG,52,52,9973
643,MILK,345,345,9546
643,WOOL,247,247,9759
643,FERTILIZER,100,100,10000
644,WHEAT,42,42,9724
644,CARROT,54,54,9761
644,TOMATO,85,85,9795
644,STRAWBERRY,260,260,9724
644,MELON,277,277,9978
644,EGG,52,52,9973
644,MILK,345,345,9546
644,WOOL,247,247,9759
644,FERTILIZER,100,100,10000
645,WHEAT,42,42,9721
645,CARROT,54,54,9757
645,TOMATO,85,85,9793
645,STRAWBERRY,260,260,9721
645,MELON,277,277,9978
645,EGG,52,52,9973
645,MILK,346,345,9541
645,WOOL,247,247,9757
645,FERTILIZER,100,100,10000
646,WHEAT,42,42,9721
646,CARROT,54,54,9757
646,TOMATO,85,85,9793
646,STRAWBERRY,260,260,9721
646,MELON,277,277,9978
646,EGG,52,52,9973
646,MILK,346,346,9541
646,WOOL,247,247,9757
646,FERTILIZER,100,100,10000
647,WHEAT,42,42,9721
647,CARROT,54,54,9757
647,TOMATO,85,85,9793
647,STRAWBERRY,260,260,9721
647,MELON,277,277,9978
647,EGG,52,52,9973
647,MILK,346,346,9541
647,WOOL,247,247,9757
647,FERTILIZER,100,100,10000
648,WHEAT,42,42,9721
648,CARROT,54,54,9757
648,TOMATO,85,85,9793
648,STRAWBERRY,260,260,9721
648,MELON,277,277,9978
648,EGG,52,52,9973
648,MILK,346,346,9541
648,WOOL,247,247,9757
648,FERTILIZER,100,100,10000
649,WHEAT,42,42,9717
649,CARROT,54,54,9752
649,TOMATO,86,85,9790
649,STRAWBERRY,261,260,9717
649,MELON,278,277,9977
649,EGG,52,52,9972
649,MILK,347,346,9535
649,WOOL,247,247,9754
649,FERTILIZER,100,100,10000
650,WHEAT,42,42,9717
650,CARROT,54,54,9752
650,TOMATO,86,86,9790
650,STRAWBERRY,261,261,9717
650,MELON,278,278,9977
650,EGG,52,52,9972
650,MILK,347,347,9535
650,WOOL,247,247,9754
650,FERTILIZER,100,100,10000
651,WHEAT,42,42,9717
651,CARROT,54,54,9752
651,TOMATO,86,86,9790
651,STRAWBERRY,261,261,9717
651,MELON,278,278,9977
651,EGG,52,52,9972
651,MILK,347,347,9535
651,WOOL,247,247,9754
651,FERTILIZER,100,100,10000
652,WHEAT,42,42,9717
652,CARROT,54,54,9752
652,TOMATO,86,86,9790
652,STRAWBERRY,261,261,9717
652,MELON,278,278,9977
652,EGG,52,52,9972
652,MILK,347,347,9535
652,WOOL,247,247,9754
652,FERTILIZER,100,100,10000
653,WHEAT,42,42,9714
653,CARROT,55,54,9748
653,TOMATO,86,86,9788
653,STRAWBERRY,262,261,9714
653,MELON,278,278,9977
653,EGG,52,52,9972
653,MILK,348,347,9530
653,WOOL,247,247,9752
653,FERTILIZER,100,100,10000
654,WHEAT,42,42,9714
654,CARROT,55,55,9748
654,TOMATO,86,86,9788
654,STRAWBERRY,262,262,9714
654,MELON,278,278,9977
654,EGG,52,52,9972
654,MILK,348,348,9530
654,WOOL,247,247,9752
654,FERTILIZER,100,100,10000
655,WHEAT,42,42,9714
655,CARROT,55,55,9748
655,TOMATO,86,86,9788
655,STRAWBERRY,262,262,9714
655,MELON,278,278,9977
655,EGG,52,52,9972
655,MILK,348,348,9530
655,WOOL,247,247,9752
655,FERTILIZER,100,100,10000
656,WHEAT,42,42,9714
656,CARROT,55,55,9748
656,TOMATO,86,86,9788
656,STRAWBERRY,262,262,9714
656,MELON,278,278,9977
656,EGG,52,52,9972
656,MILK,348,348,9530
656,WOOL,247,247,9752
656,FERTILIZER,100,100,10000
657,WHEAT,42,42,9711
657,CARROT,55,55,9744
657,TOMATO,87,86,9786
657,STRAWBERRY,263,262,9711
657,MELON,278,278,9977
657,EGG,52,52,9972
657,MILK,349,348,9525
657,WOOL,247,247,9750
657,FERTILIZER,100,100,10000
658,WHEAT,42,42,9711
658,CARROT,55,55,9744
658,TOMATO,87,87,9786
658,STRAWBERRY,263,263,9711
658,MELON,278,278,9977
658,EGG,52,52,9972
658,MILK,349,349,9525
658,WOOL,247,247,9750
658,FERTILIZER,100,100,10000
659,WHEAT,42,42,9711
659,CARROT,55,55,9744
659,TOMATO,87,87,9786
659,STRAWBERRY,263,263,9711
659,MELON,278,278,9977
659,EGG,52,52,9972
659,MILK,349,349,9525
659,WOOL,247,247,9750
659,FERTILIZER,100,100,10000
660,WHEAT,42,42,9711
660,CARROT,55,55,9744
660,TOMATO,87,87,9786
660,STRAWBERRY,263,263,9711
660,MELON,278,278,9977
660,EGG,52,52,9972
660,MILK,349,349,9525
660,WOOL,247,247,9750
660,FERTILIZER,100,100,10000
661,WHEAT,42,42,9708
661,CARROT,55,55,9740
661,TOMATO,87,87,9784
661,STRAWBERRY,264,263,9708
661,MELON,278,278,9977
661,EGG,52,52,9972
661,MILK,350,349,9520
661,WOOL,247,247,9748
661,FERTILIZER,100,100,10000
662,WHEAT,42,42,9708
662,CARROT,55,55,9740
662,TOMATO,87,87,9784
662,STRAWBERRY,264,264,9708
662,MELON,278,278,9977
662,EGG,52,52,9972
662,MILK,350,350,9520
662,WOOL,247,247,9748
662,FERTILIZER,100,100,10000
663,WHEAT,42,42,9708
663,CARROT,55,55,9740
663,TOMATO,87,87,9784
663,STRAWBERRY,264,264,9708
663,MELON,278,278,9977
663,EGG,52,52,9972
663,MILK,350,350,9520
663,WOOL,247,247,9748
663,FERTILIZER,100,100,10000
664,WHEAT,42,42,9708
664,CARROT,55,55,9740
664,TOMATO,87,87,9784
664,STRAWBERRY,264,264,9708
664,MELON,278,278,9977
664,EGG,52,52,9972
664,MILK,350,350,9520
664,WOOL,247,247,9748
664,FERTILIZER,100,100,10000
665,WHEAT,42,42,9705
665,CARROT,56,55,9736
665,TOMATO,88,87,9782
665,STRAWBERRY,264,264,9705
665,MELON,278,278,9977
665,EGG,52,52,9972
665,MILK,351,350,9515
665,WOOL,248,247,9746
665,FERTILIZER,100,100,10000
666,WHEAT,42,42,9705
666,CARROT,56,56,9736
666,TOMATO,88,88,9782
666,STRAWBERRY,264,264,9705
666,MELON,278,278,9977
666,EGG,52,52,9972
666,MILK,351,351,9515
666,WOOL,248,248,9746
666,FERTILIZER,100,100,10000
667,WHEAT,42,42,9705
667,CARROT,56,56,9736
667,TOMATO,88,88,9782
667,STRAWBERRY,264,264,9705
667,MELON,278,278,9977
667,EGG,52,52,9972
667,MILK,351,351,9515
667,WOOL,248,248,9746
667,FERTILIZER,100,100,10000
668,WHEAT,42,42,9705
668,CARROT,56,56,9736
668,TOMATO,88,88,9782
668,STRAWBERRY,264,264,9705
668,MELON,278,278,9977
668,EGG,52,52,9972
668,MILK,351,351,9515
668,WOOL,248,248,9746
668,FERTILIZER,100,100,10000
669,WHEAT,42,42,9702
669,CARROT,56,56,9732
669,TOMATO,88,88,9780
669,STRAWBERRY,265,264,9702
669,MELON,278,278,9977
669,EGG,52,52,9972
669,MILK,352,351,9510
669,WOOL,248,248,9744
669,FERTILIZER,100,100,10000
670,WHEAT,42,42,9702
670,CARROT,56,56,9732
670,TOMATO,88,88,9780
670,STRAWBERRY,265,265,9702
670,MELON,278,278,9977
670,EGG,52,52,9972
670,MILK,352,352,9510
670,WOOL,248,248,9744
670,FERTILIZER,100,100,10000
671,WHEAT,42,42,9702
671,CARROT,56,56,9732
671,TOMATO,88,88,9780
671,STRAWBERRY,265,265,9702
671,MELON,278,278,9977
671,EGG,52,52,9972
671,MILK,352,352,9510
671,WOOL,248,248,9744
671,FERTILIZER,100,100,10000
672,WHEAT,42,42,9702
672,CARROT,56,56,9732
672,TOMATO,88,88,9780
672,STRAWBERRY,265,265,9702
672,MELON,278,278,9977
672,EGG,52,52,9972
672,MILK,352,352,9510
672,WOOL,248,248,9744
672,FERTILIZER,100,100,10000
673,WHEAT,42,42,9698
673,CARROT,56,56,9727
673,TOMATO,89,88,9777
673,STRAWBERRY,266,265,9698
673,MELON,278,278,9976
673,EGG,52,52,9971
673,MILK,354,352,9504
673,WOOL,248,248,9741
673,FERTILIZER,100,100,10000
674,WHEAT,42,42,9698
674,CARROT,56,56,9727
674,TOMATO,89,89,9777
674,STRAWBERRY,266,266,9698
674,MELON,278,278,9976
674,EGG,52,52,9971
674,MILK,354,354,9504
674,WOOL,248,248,9741
674,FERTILIZER,100,100,10000
675,WHEAT,42,42,9698
675,CARROT,56,56,9727
675,TOMATO,89,89,9777
675,STRAWBERRY,266,266,9698
675,MELON,278,278,9976
675,EGG,52,52,9971
675,MILK,354,354,9504
675,WOOL,248,248,9741
675,FERTILIZER,100,100,10000
676,WHEAT,42,42,9698
676,CARROT,56,56,9727
676,TOMATO,89,89,9777
676,STRAWBERRY,266,266,9698
676,MELON,278,278,9976
676,EGG,52,52,9971
676,MILK,354,354,9504
676,WOOL,248,248,9741
676,FERTILIZER,100,100,10000
677,WHEAT,42,42,9695
677,CARROT,57,56,9723
677,TOMATO,90,89,9775
677,STRAWBERRY,267,266,9695
677,MELON,278,278,9976
677,EGG,52,52,9971
677,MILK,355,354,9499
677,WOOL,248,248,9739
677,FERTILIZER,100,100,10000
678,WHEAT,42,42,9695
678,CARROT,57,57,9723
678,TOMATO,90,90,9775
678,STRAWBERRY,267,267,9695
678,MELON,278,278,9976
678,EGG,52,52,9971
678,MILK,355,355,9499
678,WOOL,248,248,9739
678,FERTILIZER,100,100,10000
679,WHEAT,42,42,9695
679,CARROT,57,57,9723
679,TOMATO,90,90,9775
679,STRAWBERRY,267,267,9695
679,MELON,278,278,9976
679,EGG,52,52,9971
679,MILK,355,355,9499
679,WOOL,248,248,9739
679,FERTILIZER,100,100,10000
680,WHEAT,42,42,9695
680,CARROT,57,57,9723
680,TOMATO,90,90,9775
680,STRAWBERRY,267,267,9695
680,MELON,278,278,9976
680,EGG,52,52,9971
680,MILK,355,355,9499
680,WOOL,248,248,9739
680,FERTILIZER,100,100,10000
681,WHEAT,43,42,9692
681,CARROT,57,57,9719
681,TOMATO,91,90,9773
681,STRAWBERRY,267,267,9692
681,MELON,278,278,9976
681,EGG,52,52,9971
681,MILK,356,355,9494
681,WOOL,248,248,9737
681,FERTILIZER,100,100,10000
682,WHEAT,43,43,9692
682,CARROT,57,57,9719
682,TOMATO,91,91,9773
682,STRAWBERRY,267,267,9692
682,MELON,278,278,9976
682,EGG,52,52,9971
682,MILK,356,356,9494
682,WOOL,248,248,9737
682,FERTILIZER,100,100,10000
683,WHEAT,43,43,9692
683,CARROT,57,57,9719
683,TOMATO,91,91,9773
683,STRAWBERRY,267,267,9692
683,MELON,278,278,9976
683,EGG,52,52,9971
683,MILK,356,356,9494
683,WOOL,248,248,9737
683,FERTILIZER,100,100,10000
684,WHEAT,43,43,9692
684,CARROT,57,57,9719
684,TOMATO,91,91,9773
684,STRAWBERRY,267,267,9692
684,MELON,278,278,9976
684,EGG,52,52,9971
684,MILK,356,356,9494
684,WOOL,248,248,9737
684,FERTILIZER,100,100,10000
685,WHEAT,43,43,9689
685,CARROT,57,57,9715
685,TOMATO,92,91,9771
685,STRAWBERRY,268,267,9689
685,MELON,278,278,9976
685,EGG,52,52,9971
685,MILK,356,356,9489
685,WOOL,248,248,9735
685,FERTILIZER,100,100,10000
686,WHEAT,43,43,9689
686,CARROT,57,57,9715
686,TOMATO,92,92,9771
686,STRAWBERRY,268,268,9689
686,MELON,278,278,9976
686,EGG,52,52,9971
686,MILK,356,356,9489
686,WOOL,248,248,9735
686,FERTILIZER,100,100,10000
687,WHEAT,43,43,9689
687,CARROT,57,57,9715
687,TOMATO,92,92,9771
687,STRAWBERRY,268,268,9689
687,MELON,278,278,9976
687,EGG,52,52,9971
687,MILK,356,356,9489
687,WOOL,248,248,9735
687,FERTILIZER,100,100,10000
688,WHEAT,43,43,9689
688,CARROT,57,57,9715
688,TOMATO,92,92,9771
688,STRAWBERRY,268,268,9689
688,MELON,278,278,9976
688,EGG,52,52,9971
688,MILK,356,356,9489
688,WOOL,248,248,9735
688,FERTILIZER,100,100,10000
689,WHEAT,43,43,9686
689,CARROT,57,57,9711
689,TOMATO,92,92,9769
689,STRAWBERRY,269,268,9686
689,MELON,278,278,9976
689,EGG,52,52,9971
689,MILK,357,356,9484
689,WOOL,248,248,9733
689,FERTILIZER,100,100,10000
690,WHEAT,43,43,9686
690,CARROT,57,57,9711
690,TOMATO,92,92,9769
690,STRAWBERRY,269,269,9686
690,MELON,278,278,9976
690,EGG,52,52,9971
690,MILK,357,357,9484
690,WOOL,248,248,9733
690,FERTILIZER,100,100,10000
691,WHEAT,43,43,9686
691,CARROT,57,57,9711
691,TOMATO,92,92,9769
691,STRAWBERRY,269,269,9686
691,MELON,278,278,9976
691,EGG,52,52,9971
691,MILK,357,357,9484
691,WOOL,248,248,9733
691,FERTILIZER,100,100,10000
692,WHEAT,43,43,9686
692,CARROT,57,57,9711
692,TOMATO,92,92,9769
692,STRAWBERRY,269,269,9686
692,MELON,278,278,9976
692,EGG,52,52,9971
692,MILK,357,357,9484
692,WOOL,248,248,9733
692,FERTILIZER,100,100,10000
693,WHEAT,43,43,9683
693,CARROT,58,57,9707
693,TOMATO,93,92,9767
693,STRAWBERRY,270,269,9683
693,MELON,278,278,9976
693,EGG,52,52,9971
693,MILK,358,357,9479
693,WOOL,248,248,9731
693,FERTILIZER,100,100,10000
694,WHEAT,43,43,9683
694,CARROT,58,58,9707
694,TOMATO,93,93,9767
694,STRAWBERRY,270,270,9683
694,MELON,278,278,9976
694,EGG,52,52,9971
694,MILK,358,358,9479
694,WOOL,248,248,9731
694,FERTILIZER,100,100,10000
695,WHEAT,43,43,9683
695,CARROT,58,58,9707
695,TOMATO,93,93,9767
695,STRAWBERRY,270,270,9683
695,MELON,278,278,9976
695,EGG,52,52,9971
695,MILK,358,358,9479
695,WOOL,248,248,9731
695,FERTILIZER,100,100,10000
696,WHEAT,43,43,9683
696,CARROT,58,58,9707
696,TOMATO,93,93,9767
696,STRAWBERRY,270,270,9683
696,MELON,278,278,9976
696,EGG,52,52,9971
696,MILK,358,358,9479
696,WOOL,248,248,9731
696,FERTILIZER,100,100,10000
697,WHEAT,43,43,9679
697,CARROT,58,58,9702
697,TOMATO,95,93,9764
697,STRAWBERRY,270,270,9679
697,MELON,279,278,9975
697,EGG,52,52,9970
697,MILK,360,358,9473
697,WOOL,248,248,9728
697,FERTILIZER,100,100,10000
698,WHEAT,43,43,9679
698,CARROT,58,58,9702
698,TOMATO,95,95,9764
698,STRAWBERRY,270,270,9679
698,MELON,279,279,9975
698,EGG,52,52,9970
698,MILK,360,360,9473
698,WOOL,248,248,9728
698,FERTILIZER,100,100,10000
699,WHEAT,43,43,9679
699,CARROT,58,58,9702
699,TOMATO,95,95,9764
699,STRAWBERRY,270,270,9679
699,MELON,279,279,9975
699,EGG,52,52,9970
699,MILK,360,360,9473
699,WOOL,248,248,9728
699,FERTILIZER,100,100,10000
700,WHEAT,43,43,9679
700,CARROT,58,58,9702
700,TOMATO,95,95,9764
700,STRAWBERRY,270,270,9679
700,MELON,279,279,9975
700,EGG,52,52,9970
700,MILK,360,360,9473
700,WOOL,248,248,9728
700,FERTILIZER,100,100,10000
701,WHEAT,43,43,9676
701,CARROT,58,58,9698
701,TOMATO,95,95,9762
701,STRAWBERRY,271,270,9676
701,MELON,279,279,9975
701,EGG,52,52,9970
701,MILK,360,360,9468
701,WOOL,248,248,9726
701,FERTILIZER,100,100,10000
702,WHEAT,43,43,9676
702,CARROT,58,58,9698
702,TOMATO,95,95,9762
702,STRAWBERRY,271,271,9676
702,MELON,279,279,9975
702,EGG,52,52,9970
702,MILK,360,360,9468
702,WOOL,248,248,9726
702,FERTILIZER,100,100,10000
703,WHEAT,43,43,9676
703,CARROT,58,58,9698
703,TOMATO,95,95,9762
703,STRAWBERRY,271,271,9676
703,MELON,279,279,9975
703,EGG,52,52,9970
703,MILK,360,360,9468
703,WOOL,248,248,9726
703,FERTILIZER,100,100,10000
704,WHEAT,43,43,9676
704,CARROT,58,58,9698
704,TOMATO,95,95,9762
704,STRAWBERRY,271,271,9676
704,MELON,279,279,9975
704,EGG,52,52,9970
704,MILK,360,360,9468
704,WOOL,248,248,9726
704,FERTILIZER,100,100,10000
705,WHEAT,43,43,9673
705,CARROT,59,58,9694
705,TOMATO,96,95,9760
705,STRAWBERRY,272,271,9673
705,MELON,279,279,9975
705,EGG,52,52,9970
705,MILK,361,360,9463
705,WOOL,248,248,9724
705,FERTILIZER,100,100,10000
706,WHEAT,43,43,9673
706,CARROT,59,59,9694
706,TOMATO,96,96,9760
706,STRAWBERRY,272,272,9673
706,MELON,279,279,9975
706,EGG,52,52,9970
706,MILK,361,361,9463
706,WOOL,248,248,9724
706,FERTILIZER,100,100,10000
707,WHEAT,43,43,9673
707,CARROT,59,59,9694
707,TOMATO,96,96,9760
707,STRAWBERRY,272,272,9673
707,MELON,279,279,9975
707,EGG,52,52,9970
707,MILK,361,361,9463
707,WOOL,248,248,9724
707,FERTILIZER,100,100,10000
708,WHEAT,43,43,9673
708,CARROT,59,59,9694
708,TOMATO,96,96,9760
708,STRAWBERRY,272,272,9673
708,MELON,279,279,9975
708,EGG,52,52,9970
708,MILK,361,361,9463
708,WOOL,248,248,9724
708,FERTILIZER,100,100,10000
709,WHEAT,43,43,9670
709,CARROT,59,59,9690
709,TOMATO,98,96,9758
709,STRAWBERRY,273,272,9670
709,MELON,279,279,9975
709,EGG,52,52,9970
709,MILK,362,361,9458
709,WOOL,248,248,9722
709,FERTILIZER,100,100,10000
710,WHEAT,43,43,9670
710,CARROT,59,59,9690
710,TOMATO,98,98,9758
710,STRAWBERRY,273,273,9670
710,MELON,279,279,9975
710,EGG,52,52,9970
710,MILK,362,362,9458
710,WOOL,248,248,9722
710,FERTILIZER,100,100,10000
711,WHEAT,43,43,9670
711,CARROT,59,59,9690
711,TOMATO,98,98,9758
711,STRAWBERRY,273,273,9670
711,MELON,279,279,9975
711,EGG,52,52,9970
711,MILK,362,362,9458
711,WOOL,248,248,9722
711,FERTILIZER,100,100,10000
712,WHEAT,43,43,9670
712,CARROT,59,59,9690
712,TOMATO,98,98,9758
712,STRAWBERRY,273,273,9670
712,MELON,279,279,9975
712,EGG,52,52,9970
712,MILK,362,362,9458
712,WOOL,248,248,9722
712,FERTILIZER,100,100,10000
713,WHEAT,43,43,9667
713,CARROT,59,59,9686
713,TOMATO,99,98,9756
713,STRAWBERRY,273,273,9667
713,MELON,279,279,9975
713,EGG,52,52,9970
713,MILK,363,362,9453
713,WOOL,248,248,9720
713,FERTILIZER,100,100,10000
714,WHEAT,43,43,9667
714,CARROT,59,59,9686
714,TOMATO,99,99,9756
714,STRAWBERRY,273,273,9667
714,MELON,279,279,9975
714,EGG,52,52,9970
714,MILK,363,363,9453
714,WOOL,248,248,9720
714,FERTILIZER,100,100,10000
715,WHEAT,43,43,9667
715,CARROT,59,59,9686
715,TOMATO,99,99,9756
715,STRAWBERRY,273,273,9667
715,MELON,279,279,9975
715,EGG,52,52,9970
715,MILK,363,363,9453
715,WOOL,248,248,9720
715,FERTILIZER,100,100,10000
716,WHEAT,43,43,9667
716,CARROT,59,59,9686
716,TOMATO,99,99,9756
716,STRAWBERRY,273,273,9667
716,MELON,279,279,9975
716,EGG,52,52,9970
716,MILK,363,363,9453
716,WOOL,248,248,9720
716,FERTILIZER,100,100,10000
717,WHEAT,43,43,9664
717,CARROT,60,59,9682
717,TOMATO,100,99,9754
717,STRAWBERRY,274,273,9664
717,MELON,279,279,9975
717,EGG,52,52,9970
717,MILK,364,363,9448
717,WOOL,248,248,9718
717,FERTILIZER,100,100,10000
718,WHEAT,43,43,9664
718,CARROT,60,60,9682
718,TOMATO,100,100,9754
718,STRAWBERRY,274,274,9664
718,MELON,279,279,9975
718,EGG,52,52,9970
718,MILK,364,364,9448
718,WOOL,248,248,9718
718,FERTILIZER,100,100,10000
0,WHEAT,25,,10000
0,CARROT,35,,10000
0,TOMATO,60,,10000
0,STRAWBERRY,120,,10000
0,MELON,250,,10000
0,EGG,50,,10000
0,MILK,160,,10000
0,WOOL,200,,10000
0,FERTILIZER,100,,10000
1,WHEAT,26,25,9999
1,CARROT,35,35,9999
1,TOMATO,60,60,9999
1,STRAWBERRY,128,120,9999
1,MELON,256,250,9999
1,EGG,50,50,9999
1,MILK,169,160,9999
1,WOOL,206,200,9999
1,FERTILIZER,100,100,10000
2,WHEAT,26,26,9999
2,CARROT,35,35,9999
2,TOMATO,60,60,9999
2,STRAWBERRY,128,128,9999
2,MELON,256,256,9999
2,EGG,50,50,9999
2,MILK,169,169,9999
2,WOOL,206,206,9999
2,FERTILIZER,100,100,10000
3,WHEAT,26,26,9999
3,CARROT,35,35,9999
3,TOMATO,60,60,9999
3,STRAWBERRY,128,128,9999
3,MELON,256,256,9999
3,EGG,50,50,9999
3,MILK,169,169,9999
3,WOOL,206,206,9999
3,FERTILIZER,100,100,10000
4,WHEAT,26,26,9999
4,CARROT,35,35,9999
4,TOMATO,60,60,9999
4,STRAWBERRY,128,128,9999
4,MELON,256,256,9999
4,EGG,50,50,9999
4,MILK,169,169,9999
4,WOOL,206,206,9999
4,FERTILIZER,100,100,10000
5,WHEAT,26,26,9999
5,CARROT,35,35,9999
5,TOMATO,60,60,9999
5,STRAWBERRY,128,128,9999
5,MELON,256,256,9999
5,EGG,50,50,9999
5,MILK,169,169,9999
5,WOOL,206,206,9999
5,FERTILIZER,100,100,10000
6,WHEAT,26,26,9999
6,CARROT,35,35,9999
6,TOMATO,60,60,9999
6,STRAWBERRY,128,128,9999
6,MELON,256,256,9999
6,EGG,50,50,9999
6,MILK,169,169,9999
6,WOOL,206,206,9999
6,FERTILIZER,100,100,10000
7,WHEAT,26,26,9999
7,CARROT,35,35,9999
7,TOMATO,60,60,9999
7,STRAWBERRY,128,128,9999
7,MELON,256,256,9999
7,EGG,50,50,9999
7,MILK,169,169,9999
7,WOOL,206,206,9999
7,FERTILIZER,100,100,10000
8,WHEAT,26,26,9999
8,CARROT,35,35,9999
8,TOMATO,60,60,9999
8,STRAWBERRY,128,128,9999
8,MELON,256,256,9999
8,EGG,50,50,9999
8,MILK,169,169,9999
8,WOOL,206,206,9999
8,FERTILIZER,100,100,10000
9,WHEAT,26,26,9999
9,CARROT,35,35,9999
9,TOMATO,60,60,9999
9,STRAWBERRY,128,128,9999
9,MELON,256,256,9999
9,EGG,50,50,9999
9,MILK,169,169,9999
9,WOOL,206,206,9999
9,FERTILIZER,100,100,10000
10,WHEAT,26,26,9999
10,CARROT,35,35,9999
10,TOMATO,60,60,9999
10,STRAWBERRY,128,128,9999
10,MELON,256,256,9999
10,EGG,50,50,9999
10,MILK,169,169,9999
10,WOOL,206,206,9999
10,FERTILIZER,100,100,10000
11,WHEAT,26,26,9999
11,CARROT,35,35,9999
11,TOMATO,60,60,9999
11,STRAWBERRY,128,128,9999
11,MELON,256,256,9999
11,EGG,50,50,9999
11,MILK,169,169,9999
11,WOOL,206,206,9999
11,FERTILIZER,100,100,10000
12,WHEAT,26,26,9999
12,CARROT,35,35,9999
12,TOMATO,60,60,9999
12,STRAWBERRY,128,128,9999
12,MELON,256,256,9999
12,EGG,50,50,9999
12,MILK,169,169,9999
12,WOOL,206,206,9999
12,FERTILIZER,100,100,10000
13,WHEAT,26,26,9999
13,CARROT,35,35,9999
13,TOMATO,60,60,9999
13,STRAWBERRY,128,128,9999
13,MELON,256,256,9999
13,EGG,50,50,9999
13,MILK,169,169,9999
13,WOOL,206,206,9999
13,FERTILIZER,100,100,10000
14,WHEAT,26,26,9999
14,CARROT,35,35,9999
14,TOMATO,60,60,9999
14,STRAWBERRY,128,128,9999
14,MELON,256,256,9999
14,EGG,50,50,9999
14,MILK,169,169,9999
14,WOOL,206,206,9999
14,FERTILIZER,100,100,10000
15,WHEAT,26,26,9999
15,CARROT,35,35,9999
15,TOMATO,60,60,9999
15,STRAWBERRY,128,128,9999
15,MELON,256,256,9999
15,EGG,50,50,9999
15,MILK,169,169,9999
15,WOOL,206,206,9999
15,FERTILIZER,100,100,10000
16,WHEAT,26,26,9999
16,CARROT,35,35,9999
16,TOMATO,60,60,9999
16,STRAWBERRY,128,128,9999
16,MELON,256,256,9999
16,EGG,50,50,9999
16,MILK,169,169,9999
16,WOOL,206,206,9999
16,FERTILIZER,100,100,10000
17,WHEAT,26,26,9999
17,CARROT,35,35,9999
17,TOMATO,60,60,9999
17,STRAWBERRY,128,128,9999
17,MELON,256,256,9999
17,EGG,50,50,9999
17,MILK,169,169,9999
17,WOOL,206,206,9999
17,FERTILIZER,100,100,10000
18,WHEAT,26,26,9999
18,CARROT,35,35,9999
18,TOMATO,60,60,9999
18,STRAWBERRY,128,128,9999
18,MELON,256,256,9999
18,EGG,50,50,9999
18,MILK,169,169,9999
18,WOOL,206,206,9999
18,FERTILIZER,100,100,10000
19,WHEAT,26,26,9999
19,CARROT,35,35,9999
19,TOMATO,60,60,9999
19,STRAWBERRY,128,128,9999
19,MELON,256,256,9999
19,EGG,50,50,9999
19,MILK,169,169,9999
19,WOOL,206,206,9999
19,FERTILIZER,100,100,10000
20,WHEAT,26,26,9999
20,CARROT,35,35,9999
20,TOMATO,60,60,9999
20,STRAWBERRY,128,128,9999
20,MELON,256,256,9999
20,EGG,50,50,9999
20,MILK,169,169,9999
20,WOOL,206,206,9999
20,FERTILIZER,100,100,10000
21,WHEAT,26,26,9999
21,CARROT,35,35,9999
21,TOMATO,60,60,9999
21,STRAWBERRY,128,128,9999
21,MELON,256,256,9999
21,EGG,50,50,9999
21,MILK,169,169,9999
21,WOOL,206,206,9999
21,FERTILIZER,100,100,10000
22,WHEAT,26,26,9999
22,CARROT,35,35,9999
22,TOMATO,60,60,9999
22,STRAWBERRY,128,128,9999
22,MELON,256,256,9999
22,EGG,50,50,9999
22,MILK,169,169,9999
22,WOOL,206,206,9999
22,FERTILIZER,100,100,10000
23,WHEAT,26,26,9999
23,CARROT,35,35,9999
23,TOMATO,60,60,9999
23,STRAWBERRY,128,128,9999
23,MELON,256,256,9999
23,EGG,50,50,9999
23,MILK,169,169,9999
23,WOOL,206,206,9999
23,FERTILIZER,100,100,10000
24,WHEAT,26,26,9999
24,CARROT,35,35,9999
24,TOMATO,60,60,9999
24,STRAWBERRY,128,128,9999
24,MELON,256,256,9999
24,EGG,50,50,9999
24,MILK,169,169,9999
24,WOOL,206,206,9999
24,FERTILIZER,100,100,10000
25,WHEAT,26,26,9998
25,CARROT,35,35,9998
25,TOMATO,60,60,9998
25,STRAWBERRY,132,128,9998
25,MELON,260,256,9998
25,EGG,50,50,9998
25,MILK,172,169,9998
25,WOOL,209,206,9998
25,FERTILIZER,100,100,10000
26,WHEAT,26,26,9998
26,CARROT,35,35,9998
26,TOMATO,60,60,9998
26,STRAWBERRY,132,132,9998
26,MELON,260,260,9998
26,EGG,50,50,9998
26,MILK,172,172,9998
26,WOOL,209,209,9998
26,FERTILIZER,100,100,10000
27,WHEAT,26,26,9998
27,CARROT,35,35,9998
27,TOMATO,60,60,9998
27,STRAWBERRY,132,132,9998
27,MELON,260,260,9998
27,EGG,50,50,9998
27,MILK,172,172,9998
27,WOOL,209,209,9998
27,FERTILIZER,100,100,10000
28,WHEAT,26,26,9998
28,CARROT,35,35,9998
28,TOMATO,60,60,9998
28,STRAWBERRY,132,132,9998
28,MELON,260,260,9998
28,EGG,50,50,9998
28,MILK,172,172,9998
28,WOOL,209,209,9998
28,FERTILIZER,100,100,10000
29,WHEAT,26,26,9998
29,CARROT,35,35,9998
29,TOMATO,60,60,9998
29,STRAWBERRY,132,132,9998
29,MELON,260,260,9998
29,EGG,50,50,9998
29,MILK,172,172,9998
29,WOOL,209,209,9998
29,FERTILIZER,100,100,10000
30,WHEAT,26,26,9998
30,CARROT,35,35,9998
30,TOMATO,60,60,9998
30,STRAWBERRY,132,132,9998
30,MELON,260,260,9998
30,EGG,50,50,9998
30,MILK,172,172,9998
30,WOOL,209,209,9998
30,FERTILIZER,100,100,10000
31,WHEAT,26,26,9998
31,CARROT,35,35,9998
31,TOMATO,60,60,9998
31,STRAWBERRY,132,132,9998
31,MELON,260,260,9998
31,EGG,50,50,9998
31,MILK,172,172,9998
31,WOOL,209,209,9998
31,FERTILIZER,100,100,10000
32,WHEAT,26,26,9998
32,CARROT,35,35,9998
32,TOMATO,60,60,9998
32,STRAWBERRY,132,132,9998
32,MELON,260,260,9998
32,EGG,50,50,9998
32,MILK,172,172,9998
32,WOOL,209,209,9998
32,FERTILIZER,100,100,10000
33,WHEAT,26,26,9998
33,CARROT,35,35,9998
33,TOMATO,60,60,9998
33,STRAWBERRY,132,132,9998
33,MELON,260,260,9998
33,EGG,50,50,9998
33,MILK,172,172,9998
33,WOOL,209,209,9998
33,FERTILIZER,100,100,10000
34,WHEAT,26,26,9998
34,CARROT,35,35,9998
34,TOMATO,60,60,9998
34,STRAWBERRY,132,132,9998
34,MELON,260,260,9998
34,EGG,50,50,9998
34,MILK,172,172,9998
34,WOOL,209,209,9998
34,FERTILIZER,100,100,10000
35,WHEAT,26,26,9998
35,CARROT,35,35,9998
35,TOMATO,60,60,9998
35,STRAWBERRY,132,132,9998
35,MELON,260,260,9998
35,EGG,50,50,9998
35,MILK,172,172,9998
35,WOOL,209,209,9998
35,FERTILIZER,100,100,10000
36,WHEAT,26,26,9998
36,CARROT,35,35,9998
36,TOMATO,60,60,9998
36,STRAWBERRY,132,132,9998
36,MELON,260,260,9998
36,EGG,50,50,9998
36,MILK,172,172,9998
36,WOOL,209,209,9998
36,FERTILIZER,100,100,10000
37,WHEAT,26,26,9998
37,CARROT,35,35,9998
37,TOMATO,60,60,9998
37,STRAWBERRY,132,132,9998
37,MELON,260,260,9998
37,EGG,50,50,9998
37,MILK,172,172,9998
37,WOOL,209,209,9998
37,FERTILIZER,100,100,10000
38,WHEAT,26,26,9998
38,CARROT,35,35,9998
38,TOMATO,60,60,9998
38,STRAWBERRY,132,132,9998
38,MELON,260,260,9998
38,EGG,50,50,9998
38,MILK,172,172,9998
38,WOOL,209,209,9998
38,FERTILIZER,100,100,10000
39,WHEAT,26,26,9998
39,CARROT,35,35,9998
39,TOMATO,60,60,9998
39,STRAWBERRY,132,132,9998
39,MELON,260,260,9998
39,EGG,50,50,9998
39,MILK,172,172,9998
39,WOOL,209,209,9998
39,FERTILIZER,100,100,10000
40,WHEAT,26,26,9998
40,CARROT,35,35,9998
40,TOMATO,60,60,9998
40,STRAWBERRY,132,132,9998
40,MELON,260,260,9998
40,EGG,50,50,9998
40,MILK,172,172,9998
40,WOOL,209,209,9998
40,FERTILIZER,100,100,10000
41,WHEAT,26,26,9998
41,CARROT,35,35,9998
41,TOMATO,60,60,9998
41,STRAWBERRY,132,132,9998
41,MELON,260,260,9998
41,EGG,50,50,9998
41,MILK,172,172,9998
41,WOOL,209,209,9998
41,FERTILIZER,100,100,10000
42,WHEAT,26,26,9998
42,CARROT,35,35,9998
42,TOMATO,60,60,9998
42,STRAWBERRY,132,132,9998
42,MELON,260,260,9998
42,EGG,50,50,9998
42,MILK,172,172,9998
42,WOOL,209,209,9998
42,FERTILIZER,100,100,10000
43,WHEAT,26,26,9998
43,CARROT,35,35,9998
43,TOMATO,60,60,9998
43,STRAWBERRY,132,132,9998
43,MELON,260,260,9998
43,EGG,50,50,9998
43,MILK,172,172,9998
43,WOOL,209,209,9998
43,FERTILIZER,100,100,10000
44,WHEAT,26,26,9998
44,CARROT,35,35,9998
44,TOMATO,60,60,9998
44,STRAWBERRY,132,132,9998
44,MELON,260,260,9998
44,EGG,50,50,9998
44,MILK,172,172,9998
44,WOOL,209,209,9998
44,FERTILIZER,100,100,10000
45,WHEAT,26,26,9998
45,CARROT,35,35,9998
45,TOMATO,60,60,9998
45,STRAWBERRY,132,132,9998
45,MELON,260,260,9998
45,EGG,50,50,9998
45,MILK,172,172,9998
45,WOOL,209,209,9998
45,FERTILIZER,100,100,10000
46,WHEAT,26,26,9998
46,CARROT,35,35,9998
46,TOMATO,60,60,9998
46,STRAWBERRY,132,132,9998
46,MELON,260,260,9998
46,EGG,50,50,9998
46,MILK,172,172,9998
46,WOOL,209,209,9998
46,FERTILIZER,100,100,10000
47,WHEAT,26,26,9998
47,CARROT,35,35,9998
47,TOMATO,60,60,9998
47,STRAWBERRY,132,132,9998
47,MELON,260,260,9998
47,EGG,50,50,9998
47,MILK,172,172,9998
47,WOOL,209,209,9998
47,FERTILIZER,100,100,10000
48,WHEAT,26,26,9998
48,CARROT,35,35,9998
48,TOMATO,60,60,9998
48,STRAWBERRY,132,132,9998
48,MELON,260,260,9998
48,EGG,50,50,9998
48,MILK,172,172,9998
48,WOOL,209,209,9998
48,FERTILIZER,100,100,10000
49,WHEAT,27,26,9997
49,CARROT,35,35,9997
49,TOMATO,60,60,9997
49,STRAWBERRY,135,132,9997
49,MELON,262,260,9997
49,EGG,50,50,9997
49,MILK,175,172,9997
49,WOOL,212,209,9997
49,FERTILIZER,100,100,10000
50,WHEAT,27,27,9997
50,CARROT,35,35,9997
50,TOMATO,60,60,9997
50,STRAWBERRY,135,135,9997
50,MELON,262,262,9997
50,EGG,50,50,9997
50,MILK,175,175,9997
50,WOOL,212,212,9997
50,FERTILIZER,100,100,10000
51,WHEAT,27,27,9997
51,CARROT,35,35,9997
51,TOMATO,60,60,9997
51,STRAWBERRY,135,135,9997
51,MELON,262,262,9997
51,EGG,50,50,9997
51,MILK,175,175,9997
51,WOOL,212,212,9997
51,FERTILIZER,100,100,10000
52,WHEAT,27,27,9997
52,CARROT,35,35,9997
52,TOMATO,60,60,9997
52,STRAWBERRY,135,135,9997
52,MELON,262,262,9997
52,EGG,50,50,9997
52,MILK,175,175,9997
52,WOOL,212,212,9997
52,FERTILIZER,100,100,10000
53,WHEAT,27,27,9997
53,CARROT,35,35,9997
53,TOMATO,60,60,9997
53,STRAWBERRY,135,135,9997
53,MELON,262,262,9997
53,EGG,50,50,9997
53,MILK,175,175,9997
53,WOOL,212,212,9997
53,FERTILIZER,100,100,10000
54,WHEAT,27,27,9997
54,CARROT,35,35,9997
54,TOMATO,60,60,9997
54,STRAWBERRY,135,135,9997
54,MELON,262,262,9997
54,EGG,50,50,9997
54,MILK,175,175,9997
54,WOOL,212,212,9997
54,FERTILIZER,100,100,10000
55,WHEAT,27,27,9997
55,CARROT,35,35,9997
55,TOMATO,60,60,9997
55,STRAWBERRY,135,135,9997
55,MELON,262,262,9997
55,EGG,50,50,9997
55,MILK,175,175,9997
55,WOOL,212,212,9997
55,FERTILIZER,100,100,10000
56,WHEAT,27,27,9997
56,CARROT,35,35,9997
56,TOMATO,60,60,9997
56,STRAWBERRY,135,135,9997
56,MELON,262,262,9997
56,EGG,50,50,9997
56,MILK,175,175,9997
56,WOOL,212,212,9997
56,FERTILIZER,100,100,10000
57,WHEAT,27,27,9997
57,CARROT,35,35,9997
57,TOMATO,60,60,9997
57,STRAWBERRY,135,135,9997
57,MELON,262,262,9997
57,EGG,50,50,9997
57,MILK,175,175,9997
57,WOOL,212,212,9997
57,FERTILIZER,100,100,10000
58,WHEAT,27,27,9997
58,CARROT,35,35,9997
58,TOMATO,60,60,9997
58,STRAWBERRY,135,135,9997
58,MELON,262,262,9997
58,EGG,50,50,9997
58,MILK,175,175,9997
58,WOOL,212,212,9997
58,FERTILIZER,100,100,10000
59,WHEAT,27,27,9997
59,CARROT,35,35,9997
59,TOMATO,60,60,9997
59,STRAWBERRY,135,135,9997
59,MELON,262,262,9997
59,EGG,50,50,9997
59,MILK,175,175,9997
59,WOOL,212,212,9997
59,FERTILIZER,100,100,10000
60,WHEAT,27,27,9997
60,CARROT,35,35,9997
60,TOMATO,60,60,9997
60,STRAWBERRY,135,135,9997
60,MELON,262,262,9997
60,EGG,50,50,9997
60,MILK,175,175,9997
60,WOOL,212,212,9997
60,FERTILIZER,100,100,10000
61,WHEAT,27,27,9997
61,CARROT,35,35,9997
61,TOMATO,60,60,9997
61,STRAWBERRY,135,135,9997
61,MELON,262,262,9997
61,EGG,50,50,9997
61,MILK,175,175,9997
61,WOOL,212,212,9997
61,FERTILIZER,100,100,10000
62,WHEAT,27,27,9997
62,CARROT,35,35,9997
62,TOMATO,60,60,9997
62,STRAWBERRY,135,135,9997
62,MELON,262,262,9997
62,EGG,50,50,9997
62,MILK,175,175,9997
62,WOOL,212,212,9997
62,FERTILIZER,100,100,10000
63,WHEAT,27,27,9997
63,CARROT,35,35,9997
63,TOMATO,60,60,9997
63,STRAWBERRY,135,135,9997
63,MELON,262,262,9997
63,EGG,50,50,9997
63,MILK,175,175,9997
63,WOOL,212,212,9997
63,FERTILIZER,100,100,10000
64,WHEAT,27,27,9997
64,CARROT,35,35,9997
64,TOMATO,60,60,9997
64,STRAWBERRY,135,135,9997
64,MELON,262,262,9997
64,EGG,50,50,9997
64,MILK,175,175,9997
64,WOOL,212,212,9997
64,FERTILIZER,100,100,10000
65,WHEAT,27,27,9997
65,CARROT,35,35,9997
65,TOMATO,60,60,9997
65,STRAWBERRY,135,135,9997
65,MELON,262,262,9997
65,EGG,50,50,9997
65,MILK,175,175,9997
65,WOOL,212,212,9997
65,FERTILIZER,100,100,10000
66,WHEAT,27,27,9997
66,CARROT,35,35,9997
66,TOMATO,60,60,9997
66,STRAWBERRY,135,135,9997
66,MELON,262,262,9997
66,EGG,50,50,9997
66,MILK,175,175,9997
66,WOOL,212,212,9997
66,FERTILIZER,100,100,10000
67,WHEAT,27,27,9997
67,CARROT,35,35,9997
67,TOMATO,60,60,9997
67,STRAWBERRY,135,135,9997
67,MELON,262,262,9997
67,EGG,50,50,9997
67,MILK,175,175,9997
67,WOOL,212,212,9997
67,FERTILIZER,100,100,10000
68,WHEAT,27,27,9997
68,CARROT,35,35,9997
68,TOMATO,60,60,9997
68,STRAWBERRY,135,135,9997
68,MELON,262,262,9997
68,EGG,50,50,9997
68,MILK,175,175,9997
68,WOOL,212,212,9997
68,FERTILIZER,100,100,10000
69,WHEAT,27,27,9997
69,CARROT,35,35,9997
69,TOMATO,60,60,9997
69,STRAWBERRY,135,135,9997
69,MELON,262,262,9997
69,EGG,50,50,9997
69,MILK,175,175,9997
69,WOOL,212,212,9997
69,FERTILIZER,100,100,10000
70,WHEAT,27,27,9997
70,CARROT,35,35,9997
70,TOMATO,60,60,9997
70,STRAWBERRY,135,135,9997
70,MELON,262,262,9997
70,EGG,50,50,9997
70,MILK,175,175,9997
70,WOOL,212,212,9997
70,FERTILIZER,100,100,10000
71,WHEAT,27,27,9997
71,CARROT,35,35,9997
71,TOMATO,60,60,9997
71,STRAWBERRY,135,135,9997
71,MELON,262,262,9997
71,EGG,50,50,9997
71,MILK,175,175,9997
71,WOOL,212,212,9997
71,FERTILIZER,100,100,10000
72,WHEAT,27,27,9997
72,CARROT,35,35,9997
72,TOMATO,60,60,9997
72,STRAWBERRY,135,135,9997
72,MELON,262,262,9997
72,EGG,50,50,9997
72,MILK,175,175,9997
72,WOOL,212,212,9997
72,FERTILIZER,100,100,10000
73,WHEAT,27,27,9995
73,CARROT,35,35,9996
73,TOMATO,60,60,9996
73,STRAWBERRY,139,135,9995
73,MELON,264,262,9996
73,EGG,50,50,9995
73,MILK,177,175,9996
73,WOOL,214,212,9996
73,FERTILIZER,100,100,10000
74,WHEAT,27,27,9995
74,CARROT,35,35,9996
74,TOMATO,60,60,9996
74,STRAWBERRY,139,139,9995
74,MELON,264,264,9996
74,EGG,50,50,9995
74,MILK,177,177,9996
74,WOOL,214,214,9996
74,FERTILIZER,100,100,10000
75,WHEAT,27,27,9995
75,CARROT,35,35,9996
75,TOMATO,60,60,9996
75,STRAWBERRY,139,139,9995
75,MELON,264,264,9996
75,EGG,50,50,9995
75,MILK,177,177,9996
75,WOOL,214,214,9996
75,FERTILIZER,100,100,10000
76,WHEAT,27,27,9995
76,CARROT,35,35,9996
76,TOMATO,60,60,9996
76,STRAWBERRY,139,139,9995
76,MELON,264,264,9996
76,EGG,50,50,9995
76,MILK,177,177,9996
76,WOOL,214,214,9996
76,FERTILIZER,100,100,10000
77,WHEAT,27,27,9994
77,CARROT,35,35,9996
77,TOMATO,60,60,9996
77,STRAWBERRY,141,139,9994
77,MELON,264,264,9996
77,EGG,50,50,9994
77,MILK,177,177,9996
77,WOOL,214,214,9996
77,FERTILIZER,100,100,10000
78,WHEAT,27,27,9994
78,CARROT,35,35,9996
78,TOMATO,60,60,9996
78,STRAWBERRY,141,141,9994
78,MELON,264,264,9996
78,EGG,50,50,9994
78,MILK,177,177,9996
78,WOOL,214,214,9996
78,FERTILIZER,100,100,10000
79,WHEAT,27,27,9994
79,CARROT,35,35,9996
79,TOMATO,60,60,9996
79,STRAWBERRY,141,141,9994
79,MELON,264,264,9996
79,EGG,50,50,9994
79,MILK,177,177,9996
79,WOOL,214,214,9996
79,FERTILIZER,100,100,10000
80,WHEAT,27,27,9994
80,CARROT,35,35,9996
80,TOMATO,60,60,9996
80,STRAWBERRY,141,141,9994
80,MELON,264,264,9996
80,EGG,50,50,9994
80,MILK,177,177,9996
80,WOOL,214,214,9996
80,FERTILIZER,100,100,10000
81,WHEAT,28,27,9993
81,CARROT,35,35,9996
81,TOMATO,60,60,9996
81,STRAWBERRY,142,141,9993
81,MELON,264,264,9996
81,EGG,50,50,9993
81,MILK,177,177,9996
81,WOOL,214,214,9996
81,FERTILIZER,100,100,10000
82,WHEAT,28,28,9993
82,CARROT,35,35,9996
82,TOMATO,60,60,9996
82,STRAWBERRY,142,142,9993
82,MELON,264,264,9996
82,EGG,50,50,9993
82,MILK,177,177,9996
82,WOOL,214,214,9996
82,FERTILIZER,100,100,10000
83,WHEAT,28,28,9993
83,CARROT,35,35,9996
83,TOMATO,60,60,9996
83,STRAWBERRY,142,142,9993
83,MELON,264,264,9996
83,EGG,50,50,9993
83,MILK,177,177,9996
83,WOOL,214,214,9996
83,FERTILIZER,100,100,10000
84,WHEAT,28,28,9993
84,CARROT,35,35,9996
84,TOMATO,60,60,9996
84,STRAWBERRY,142,142,9993
84,MELON,264,264,9996
84,EGG,50,50,9993
84,MILK,177,177,9996
84,WOOL,214,214,9996
84,FERTILIZER,100,100,10000
85,WHEAT,28,28,9992
85,CARROT,35,35,9996
85,TOMATO,60,60,9996
85,STRAWBERRY,144,142,9992
85,MELON,264,264,9996
85,EGG,50,50,9992
85,MILK,177,177,9996
85,WOOL,214,214,9996
85,FERTILIZER,100,100,10000
86,WHEAT,28,28,9992
86,CARROT,35,35,9996
86,TOMATO,60,60,9996
86,STRAWBERRY,144,144,9992
86,MELON,264,264,9996
86,EGG,50,50,9992
86,MILK,177,177,9996
86,WOOL,214,214,9996
86,FERTILIZER,100,100,10000
87,WHEAT,28,28,9992
87,CARROT,35,35,9996
87,TOMATO,60,60,9996
87,STRAWBERRY,144,144,9992
87,MELON,264,264,9996
87,EGG,50,50,9992
87,MILK,177,177,9996
87,WOOL,214,214,9996
87,FERTILIZER,100,100,10000
88,WHEAT,28,28,9992
88,CARROT,35,35,9996
88,TOMATO,60,60,9996
88,STRAWBERRY,144,144,9992
88,MELON,264,264,9996
88,EGG,50,50,9992
88,MILK,177,177,9996
88,WOOL,214,214,9996
88,FERTILIZER,100,100,10000
89,WHEAT,28,28,9991
89,CARROT,35,35,9996
89,TOMATO,60,60,9996
89,STRAWBERRY,145,144,9991
89,MELON,264,264,9996
89,EGG,51,50,9991
89,MILK,177,177,9996
89,WOOL,214,214,9996
89,FERTILIZER,100,100,10000
90,WHEAT,28,28,9991
90,CARROT,35,35,9996
90,TOMATO,60,60,9996
90,STRAWBERRY,145,145,9991
90,MELON,264,264,9996
90,EGG,51,51,9991
90,MILK,177,177,9996
90,WOOL,214,214,9996
90,FERTILIZER,100,100,10000
91,WHEAT,28,28,9991
91,CARROT,35,35,9996
91,TOMATO,60,60,9996
91,STRAWBERRY,145,145,9991
91,MELON,264,264,9996
91,EGG,51,51,9991
91,MILK,177,177,9996
91,WOOL,214,214,9996
91,FERTILIZER,100,100,10000
92,WHEAT,28,28,9991
92,CARROT,35,35,9996
92,TOMATO,60,60,9996
92,STRAWBERRY,145,145,9991
92,MELON,264,264,9996
92,EGG,51,51,9991
92,MILK,177,177,9996
92,WOOL,214,214,9996
92,FERTILIZER,100,100,10000
93,WHEAT,28,28,9990
93,CARROT,35,35,9996
93,TOMATO,60,60,9996
93,STRAWBERRY,147,145,9990
93,MELON,264,264,9996
93,EGG,51,51,9990
93,MILK,177,177,9996
93,WOOL,214,214,9996
93,FERTILIZER,100,100,10000
94,WHEAT,28,28,9990
94,CARROT,35,35,9996
94,TOMATO,60,60,9996
94,STRAWBERRY,147,147,9990
94,MELON,264,264,9996
94,EGG,51,51,9990
94,MILK,177,177,9996
94,WOOL,214,214,9996
94,FERTILIZER,100,100,10000
95,WHEAT,28,28,9990
95,CARROT,35,35,9996
95,TOMATO,60,60,9996
95,STRAWBERRY,147,147,9990
95,MELON,264,264,9996
95,EGG,51,51,9990
95,MILK,177,177,9996
95,WOOL,214,214,9996
95,FERTILIZER,100,100,10000
96,WHEAT,28,28,9990
96,CARROT,35,35,9996
96,TOMATO,60,60,9996
96,STRAWBERRY,147,147,9990
96,MELON,264,264,9996
96,EGG,51,51,9990
96,MILK,177,177,9996
96,WOOL,214,214,9996
96,FERTILIZER,100,100,10000
97,WHEAT,28,28,9988
97,CARROT,35,35,9995
97,TOMATO,61,60,9995
97,STRAWBERRY,149,147,9988
97,MELON,266,264,9995
97,EGG,51,51,9988
97,MILK,179,177,9995
97,WOOL,215,214,9995
97,FERTILIZER,100,100,10000
98,WHEAT,28,28,9988
98,CARROT,35,35,9995
98,TOMATO,61,61,9995
98,STRAWBERRY,149,149,9988
98,MELON,266,266,9995
98,EGG,51,51,9988
98,MILK,179,179,9995
98,WOOL,215,215,9995
98,FERTILIZER,100,100,10000
99,WHEAT,28,28,9988
99,CARROT,35,35,9995
99,TOMATO,61,61,9995
99,STRAWBERRY,149,149,9988
99,MELON,266,266,9995
99,EGG,51,51,9988
99,MILK,179,179,9995
99,WOOL,215,215,9995
99,FERTILIZER,100,100,10000
100,WHEAT,28,28,9988
100,CARROT,35,35,9995
100,TOMATO,61,61,9995
100,STRAWBERRY,149,149,9988
100,MELON,266,266,9995
100,EGG,51,51,9988
100,MILK,179,179,9995
100,WOOL,215,215,9995
100,FERTILIZER,100,100,10000
101,WHEAT,29,28,9987
101,CARROT,35,35,9995
101,TOMATO,61,61,9995
101,STRAWBERRY,150,149,9987
101,MELON,266,266,9995
101,EGG,51,51,9987
101,MILK,179,179,9995
101,WOOL,215,215,9995
101,FERTILIZER,100,100,10000
102,WHEAT,29,29,9987
102,CARROT,35,35,9995
102,TOMATO,61,61,9995
102,STRAWBERRY,150,150,9987
102,MELON,266,266,9995
102,EGG,51,51,9987
102,MILK,179,179,9995
102,WOOL,215,215,9995
102,FERTILIZER,100,100,10000
103,WHEAT,29,29,9987
103,CARROT,35,35,9995
103,TOMATO,61,61,9995
103,STRAWBERRY,150,150,9987
103,MELON,266,266,9995
103,EGG,51,51,9987
103,MILK,179,179,9995
103,WOOL,215,215,9995
103,FERTILIZER,100,100,10000
104,WHEAT,29,29,9987
104,CARROT,35,35,9995
104,TOMATO,61,61,9995
104,STRAWBERRY,150,150,9987
104,MELON,266,266,9995
104,EGG,51,51,9987
104,MILK,179,179,9995
104,WOOL,215,215,9995
104,FERTILIZER,100,100,10000
105,WHEAT,29,29,9986
105,CARROT,35,35,9995
105,TOMATO,61,61,9995
105,STRAWBERRY,151,150,9986
105,MELON,266,266,9995
105,EGG,51,51,9986
105,MILK,179,179,9995
105,WOOL,215,215,9995
105,FERTILIZER,100,100,10000
106,WHEAT,29,29,9986
106,CARROT,35,35,9995
106,TOMATO,61,61,9995
106,STRAWBERRY,151,151,9986
106,MELON,266,266,9995
106,EGG,51,51,9986
106,MILK,179,179,9995
106,WOOL,215,215,9995
106,FERTILIZER,100,100,10000
107,WHEAT,29,29,9986
107,CARROT,35,35,9995
107,TOMATO,61,61,9995
107,STRAWBERRY,151,151,9986
107,MELON,266,266,9995
107,EGG,51,51,9986
107,MILK,179,179,9995
107,WOOL,215,215,9995
107,FERTILIZER,100,100,10000
108,WHEAT,29,29,9986
108,CARROT,35,35,9995
108,TOMATO,61,61,9995
108,STRAWBERRY,151,151,9986
108,MELON,266,266,9995
108,EGG,51,51,9986
108,MILK,179,179,9995
108,WOOL,215,215,9995
108,FERTILIZER,100,100,10000
109,WHEAT,29,29,9985
109,CARROT,35,35,9995
109,TOMATO,61,61,9995
109,STRAWBERRY,153,151,9985
109,MELON,266,266,9995
109,EGG,51,51,9985
109,MILK,179,179,9995
109,WOOL,215,215,9995
109,FERTILIZER,100,100,10000
110,WHEAT,29,29,9985
110,CARROT,35,35,9995
110,TOMATO,61,61,9995
110,STRAWBERRY,153,153,9985
110,MELON,266,266,9995
110,EGG,51,51,9985
110,MILK,179,179,9995
110,WOOL,215,215,9995
110,FERTILIZER,100,100,10000
111,WHEAT,29,29,9985
111,CARROT,35,35,9995
111,TOMATO,61,61,9995
111,STRAWBERRY,153,153,9985
111,MELON,266,266,9995
111,EGG,51,51,9985
111,MILK,179,179,9995
111,WOOL,215,215,9995
111,FERTILIZER,100,100,10000
112,WHEAT,29,29,9985
112,CARROT,35,35,9995
112,TOMATO,61,61,9995
112,STRAWBERRY,153,153,9985
112,MELON,266,266,9995
112,EGG,51,51,9985
112,MILK,179,179,9995
112,WOOL,215,215,9995
112,FERTILIZER,100,100,10000
113,WHEAT,29,29,9984
113,CARROT,35,35,9995
113,TOMATO,61,61,9995
113,STRAWBERRY,154,153,9984
113,MELON,266,266,9995
113,EGG,51,51,9984
113,MILK,179,179,9995
113,WOOL,215,215,9995
113,FERTILIZER,100,100,10000
114,WHEAT,29,29,9984
114,CARROT,35,35,9995
114,TOMATO,61,61,9995
114,STRAWBERRY,154,154,9984
114,MELON,266,266,9995
114,EGG,51,51,9984
114,MILK,179,179,9995
114,WOOL,215,215,9995
114,FERTILIZER,100,100,10000
115,WHEAT,29,29,9984
115,CARROT,35,35,9995
115,TOMATO,61,61,9995
115,STRAWBERRY,154,154,9984
115,MELON,266,266,9995
115,EGG,51,51,9984
115,MILK,179,179,9995
115,WOOL,215,215,9995
115,FERTILIZER,100,100,10000
116,WHEAT,29,29,9984
116,CARROT,35,35,9995
116,TOMATO,61,61,9995
116,STRAWBERRY,154,154,9984
116,MELON,266,266,9995
116,EGG,51,51,9984
116,MILK,179,179,9995
116,WOOL,215,215,9995
116,FERTILIZER,100,100,10000
117,WHEAT,29,29,9983
117,CARROT,35,35,9995
117,TOMATO,61,61,9995
117,STRAWBERRY,155,154,9983
117,MELON,266,266,9995
117,EGG,51,51,9983
117,MILK,179,179,9995
117,WOOL,215,215,9995
117,FERTILIZER,100,100,10000
118,WHEAT,29,29,9983
118,CARROT,35,35,9995
118,TOMATO,61,61,9995
118,STRAWBERRY,155,155,9983
118,MELON,266,266,9995
118,EGG,51,51,9983
118,MILK,179,179,9995
118,WOOL,215,215,9995
118,FERTILIZER,100,100,10000
119,WHEAT,29,29,9983
119,CARROT,35,35,9995
119,TOMATO,61,61,9995
119,STRAWBERRY,155,155,9983
119,MELON,266,266,9995
119,EGG,51,51,9983
119,MILK,179,179,9995
119,WOOL,215,215,9995
119,FERTILIZER,100,100,10000
120,WHEAT,29,29,9983
120,CARROT,35,35,9995
120,TOMATO,61,61,9995
120,STRAWBERRY,155,155,9983
120,MELON,266,266,9995
120,EGG,51,51,9983
120,MILK,179,179,9995
120,WOOL,215,215,9995
120,FERTILIZER,100,100,10000
121,WHEAT,29,29,9981
121,CARROT,35,35,9994
121,TOMATO,61,61,9994
121,STRAWBERRY,157,155,9981
121,MELON,267,266,9994
121,EGG,51,51,9981
121,MILK,181,179,9994
121,WOOL,217,215,9994
121,FERTILIZER,100,100,10000
122,WHEAT,29,29,9981
122,CARROT,35,35,9994
122,TOMATO,61,61,9994
122,STRAWBERRY,157,157,9981
122,MELON,267,267,9994
122,EGG,51,51,9981
122,MILK,181,181,9994
122,WOOL,217,217,9994
122,FERTILIZER,100,100,10000
123,WHEAT,29,29,9981
123,CARROT,35,35,9994
123,TOMATO,61,61,9994
123,STRAWBERRY,157,157,9981
123,MELON,267,267,9994
123,EGG,51,51,9981
123,MILK,181,181,9994
123,WOOL,217,217,9994
123,FERTILIZER,100,100,10000
124,WHEAT,29,29,9981
124,CARROT,35,35,9994
124,TOMATO,61,61,9994
124,STRAWBERRY,157,157,9981
124,MELON,267,267,9994
124,EGG,51,51,9981
124,MILK,181,181,9994
124,WOOL,217,217,9994
124,FERTILIZER,100,100,10000
125,WHEAT,29,29,9980
125,CARROT,35,35,9994
125,TOMATO,61,61,9994
125,STRAWBERRY,158,157,9980
125,MELON,267,267,9994
125,EGG,51,51,9980
125,MILK,181,181,9994
125,WOOL,217,217,9994
125,FERTILIZER,100,100,10000
126,WHEAT,29,29,9980
126,CARROT,35,35,9994
126,TOMATO,61,61,9994
126,STRAWBERRY,158,158,9980
126,MELON,267,267,9994
126,EGG,51,51,9980
126,MILK,181,181,9994
126,WOOL,217,217,9994
126,FERTILIZER,100,100,10000
127,WHEAT,29,29,9980
127,CARROT,35,35,9994
127,TOMATO,61,61,9994
127,STRAWBERRY,158,158,9980
127,MELON,267,267,9994
127,EGG,51,51,9980
127,MILK,181,181,9994
127,WOOL,217,217,9994
127,FERTILIZER,100,100,10000
128,WHEAT,29,29,9980
128,CARROT,35,35,9994
128,TOMATO,61,61,9994
128,STRAWBERRY,158,158,9980
128,MELON,267,267,9994
128,EGG,51,51,9980
128,MILK,181,181,9994
128,WOOL,217,217,9994
128,FERTILIZER,100,100,10000
129,WHEAT,30,29,9979
129,CARROT,35,35,9994
129,TOMATO,61,61,9994
129,STRAWBERRY,158,158,9979
129,MELON,267,267,9994
129,EGG,51,51,9979
129,MILK,181,181,9994
129,WOOL,217,217,9994
129,FERTILIZER,100,100,10000
130,WHEAT,30,30,9979
130,CARROT,35,35,9994
130,TOMATO,61,61,9994
130,STRAWBERRY,158,158,9979
130,MELON,267,267,9994
130,EGG,51,51,9979
130,MILK,181,181,9994
130,WOOL,217,217,9994
130,FERTILIZER,100,100,10000
131,WHEAT,30,30,9979
131,CARROT,35,35,9994
131,TOMATO,61,61,9994
131,STRAWBERRY,158,158,9979
131,MELON,267,267,9994
131,EGG,51,51,9979
131,MILK,181,181,9994
131,WOOL,217,217,9994
131,FERTILIZER,100,100,10000
132,WHEAT,30,30,9979
132,CARROT,35,35,9994
132,TOMATO,61,61,9994
132,STRAWBERRY,158,158,9979
132,MELON,267,267,9994
132,EGG,51,51,9979
132,MILK,181,181,9994
132,WOOL,217,217,9994
132,FERTILIZER,100,100,10000
133,WHEAT,30,30,9978
133,CARROT,35,35,9994
133,TOMATO,61,61,9994
133,STRAWBERRY,159,158,9978
133,MELON,267,267,9994
133,EGG,51,51,9978
133,MILK,181,181,9994
133,WOOL,217,217,9994
133,FERTILIZER,100,100,10000
134,WHEAT,30,30,9978
134,CARROT,35,35,9994
134,TOMATO,61,61,9994
134,STRAWBERRY,159,159,9978
134,MELON,267,267,9994
134,EGG,51,51,9978
134,MILK,181,181,9994
134,WOOL,217,217,9994
134,FERTILIZER,100,100,10000
135,WHEAT,30,30,9978
135,CARROT,35,35,9994
135,TOMATO,61,61,9994
135,STRAWBERRY,159,159,9978
135,MELON,267,267,9994
135,EGG,51,51,9978
135,MILK,181,181,9994
135,WOOL,217,217,9994
135,FERTILIZER,100,100,10000
136,WHEAT,30,30,9978
136,CARROT,35,35,9994
136,TOMATO,61,61,9994
136,STRAWBERRY,159,159,9978
136,MELON,267,267,9994
136,EGG,51,51,9978
136,MILK,181,181,9994
136,WOOL,217,217,9994
136,FERTILIZER,100,100,10000
137,WHEAT,30,30,9977
137,CARROT,35,35,9994
137,TOMATO,61,61,9994
137,STRAWBERRY,160,159,9977
137,MELON,267,267,9994
137,EGG,51,51,9977
137,MILK,181,181,9994
137,WOOL,217,217,9994
137,FERTILIZER,100,100,10000
138,WHEAT,30,30,9977
138,CARROT,35,35,9994
138,TOMATO,61,61,9994
138,STRAWBERRY,160,160,9977
138,MELON,267,267,9994
138,EGG,51,51,9977
138,MILK,181,181,9994
138,WOOL,217,217,9994
138,FERTILIZER,100,100,10000
139,WHEAT,30,30,9977
139,CARROT,35,35,9994
139,TOMATO,61,61,9994
139,STRAWBERRY,160,160,9977
139,MELON,267,267,9994
139,EGG,51,51,9977
139,MILK,181,181,9994
139,WOOL,217,217,9994
139,FERTILIZER,100,100,10000
140,WHEAT,30,30,9977
140,CARROT,35,35,9994
140,TOMATO,61,61,9994
140,STRAWBERRY,160,160,9977
140,MELON,267,267,9994
140,EGG,51,51,9977
140,MILK,181,181,9994
140,WOOL,217,217,9994
140,FERTILIZER,100,100,10000
141,WHEAT,30,30,9976
141,CARROT,35,35,9994
141,TOMATO,61,61,9994
141,STRAWBERRY,161,160,9976
141,MELON,267,267,9994
141,EGG,51,51,9976
141,MILK,181,181,9994
141,WOOL,217,217,9994
141,FERTILIZER,100,100,10000
142,WHEAT,30,30,9976
142,CARROT,35,35,9994
142,TOMATO,61,61,9994
142,STRAWBERRY,161,161,9976
142,MELON,267,267,9994
142,EGG,51,51,9976
142,MILK,181,181,9994
142,WOOL,217,217,9994
142,FERTILIZER,100,100,10000
143,WHEAT,30,30,9976
143,CARROT,35,35,9994
143,TOMATO,61,61,9994
143,STRAWBERRY,161,161,9976
143,MELON,267,267,9994
143,EGG,51,51,9976
143,MILK,181,181,9994
143,WOOL,217,217,9994
143,FERTILIZER,100,100,10000
144,WHEAT,30,30,9976
144,CARROT,35,35,9994
144,TOMATO,61,61,9994
144,STRAWBERRY,161,161,9976
144,MELON,267,267,9994
144,EGG,51,51,9976
144,MILK,181,181,9994
144,WOOL,217,217,9994
144,FERTILIZER,100,100,10000
145,WHEAT,30,30,9973
145,CARROT,36,35,9993
145,TOMATO,61,61,9992
145,STRAWBERRY,163,161,9974
145,MELON,268,267,9993
145,EGG,52,51,9974
145,MILK,185,181,9992
145,WOOL,218,217,9993
145,FERTILIZER,100,100,10000
146,WHEAT,30,30,9973
146,CARROT,36,36,9993
146,TOMATO,61,61,9992
146,STRAWBERRY,163,163,9974
146,MELON,268,268,9993
146,EGG,52,52,9974
146,MILK,185,185,9992
146,WOOL,218,218,9993
146,FERTILIZER,100,100,10000
147,WHEAT,30,30,9973
147,CARROT,36,36,9993
147,TOMATO,61,61,9992
147,STRAWBERRY,163,163,9974
147,MELON,268,268,9993
147,EGG,52,52,9974
147,MILK,185,185,9992
147,WOOL,218,218,9993
147,FERTILIZER,100,100,10000
148,WHEAT,30,30,9973
148,CARROT,36,36,9993
148,TOMATO,61,61,9992
148,STRAWBERRY,163,163,9974
148,MELON,268,268,9993
148,EGG,52,52,9974
148,MILK,185,185,9992
148,WOOL,218,218,9993
148,FERTILIZER,100,100,10000
149,WHEAT,30,30,9971
149,CARROT,36,36,9993
149,TOMATO,61,61,9991
149,STRAWBERRY,164,163,9973
149,MELON,268,268,9993
149,EGG,52,52,9973
149,MILK,186,185,9991
149,WOOL,218,218,9993
149,FERTILIZER,100,100,10000
150,WHEAT,30,30,9971
150,CARROT,36,36,9993
150,TOMATO,61,61,9991
150,STRAWBERRY,164,164,9973
150,MELON,268,268,9993
150,EGG,52,52,9973
150,MILK,186,186,9991
150,WOOL,218,218,9993
150,FERTILIZER,100,100,10000
151,WHEAT,30,30,9971
151,CARROT,36,36,9993
151,TOMATO,61,61,9991
151,STRAWBERRY,164,164,9973
151,MELON,268,268,9993
151,EGG,52,52,9973
151,MILK,186,186,9991
151,WOOL,218,218,9993
151,FERTILIZER,100,100,10000
152,WHEAT,30,30,9971
152,CARROT,36,36,9993
152,TOMATO,61,61,9991
152,STRAWBERRY,164,164,9973
152,MELON,268,268,9993
152,EGG,52,52,9973
152,MILK,186,186,9991
152,WOOL,218,218,9993
152,FERTILIZER,100,100,10000
153,WHEAT,31,30,9969
153,CARROT,36,36,9993
153,TOMATO,61,61,9990
153,STRAWBERRY,164,164,9972
153,MELON,268,268,9993
153,EGG,52,52,9972
153,MILK,187,186,9990
153,WOOL,218,218,9993
153,FERTILIZER,100,100,10000
154,WHEAT,31,31,9969
154,CARROT,36,36,9993
154,TOMATO,61,61,9990
154,STRAWBERRY,164,164,9972
154,MELON,268,268,9993
154,EGG,52,52,9972
154,MILK,187,187,9990
154,WOOL,218,218,9993
154,FERTILIZER,100,100,10000
155,WHEAT,31,31,9969
155,CARROT,36,36,9993
155,TOMATO,61,61,9990
155,STRAWBERRY,164,164,9972
155,MELON,268,268,9993
155,EGG,52,52,9972
155,MILK,187,187,9990
155,WOOL,218,218,9993
155,FERTILIZER,100,100,10000
156,WHEAT,31,31,9969
156,CARROT,36,36,9993
156,TOMATO,61,61,9990
156,STRAWBERRY,164,164,9972
156,MELON,268,268,9993
156,EGG,52,52,9972
156,MILK,187,187,9990
156,WOOL,218,218,9993
156,FERTILIZER,100,100,10000
157,WHEAT,31,31,9967
157,CARROT,36,36,9993
157,TOMATO,61,61,9989
157,STRAWBERRY,165,164,9971
157,MELON,268,268,9993
157,EGG,52,52,9971
157,MILK,189,187,9989
157,WOOL,218,218,9993
157,FERTILIZER,100,100,10000
158,WHEAT,31,31,9967
158,CARROT,36,36,9993
158,TOMATO,61,61,9989
158,STRAWBERRY,165,165,9971
158,MELON,268,268,9993
158,EGG,52,52,9971
158,MILK,189,189,9989
158,WOOL,218,218,9993
158,FERTILIZER,100,100,10000
159,WHEAT,31,31,9967
159,CARROT,36,36,9993
159,TOMATO,61,61,9989
159,STRAWBERRY,165,165,9971
159,MELON,268,268,9993
159,EGG,52,52,9971
159,MILK,189,189,9989
159,WOOL,218,218,9993
159,FERTILIZER,100,100,10000
160,WHEAT,31,31,9967
160,CARROT,36,36,9993
160,TOMATO,61,61,9989
160,STRAWBERRY,165,165,9971
160,MELON,268,268,9993
160,EGG,52,52,9971
160,MILK,189,189,9989
160,WOOL,218,218,9993
160,FERTILIZER,100,100,10000
161,WHEAT,31,31,9965
161,CARROT,36,36,9993
161,TOMATO,61,61,9988
161,STRAWBERRY,166,165,9970
161,MELON,268,268,9993
161,EGG,52,52,9970
161,MILK,190,189,9988
161,WOOL,218,218,9993
161,FERTILIZER,100,100,10000
162,WHEAT,31,31,9965
162,CARROT,36,36,9993
162,TOMATO,61,61,9988
162,STRAWBERRY,166,166,9970
162,MELON,268,268,9993
162,EGG,52,52,9970
162,MILK,190,190,9988
162,WOOL,218,218,9993
162,FERTILIZER,100,100,10000
163,WHEAT,31,31,9965
163,CARROT,36,36,9993
163,TOMATO,61,61,9988
163,STRAWBERRY,166,166,9970
163,MELON,268,268,9993
163,EGG,52,52,9970
163,MILK,190,190,9988
163,WOOL,218,218,9993
163,FERTILIZER,100,100,10000
164,WHEAT,31,31,9965
164,CARROT,36,36,9993
164,TOMATO,61,61,9988
164,STRAWBERRY,166,166,9970
164,MELON,268,268,9993
164,EGG,52,52,9970
164,MILK,190,190,9988
164,WOOL,218,218,9993
164,FERTILIZER,100,100,10000
165,WHEAT,31,31,9963
165,CARROT,36,36,9993
165,TOMATO,62,61,9987
165,STRAWBERRY,167,166,9969
165,MELON,268,268,9993
165,EGG,52,52,9969
165,MILK,191,190,9987
165,WOOL,218,218,9993
165,FERTILIZER,100,100,10000
166,WHEAT,31,31,9963
166,CARROT,36,36,9993
166,TOMATO,62,62,9987
166,STRAWBERRY,167,167,9969
166,MELON,268,268,9993
166,EGG,52,52,9969
166,MILK,191,191,9987
166,WOOL,218,218,9993
166,FERTILIZER,100,100,10000
167,WHEAT,31,31,9963
167,CARROT,36,36,9993
167,TOMATO,62,62,9987
167,STRAWBERRY,167,167,9969
167,MELON,268,268,9993
167,EGG,52,52,9969
167,MILK,191,191,9987
167,WOOL,218,218,9993
167,FERTILIZER,100,100,10000
168,WHEAT,31,31,9963
168,CARROT,36,36,9993
168,TOMATO,62,62,9987
168,STRAWBERRY,167,167,9969
168,MELON,268,268,9993
168,EGG,52,52,9969
168,MILK,191,191,9987
168,WOOL,218,218,9993
168,FERTILIZER,100,100,10000
169,WHEAT,31,31,9960
169,CARROT,36,36,9992
169,TOMATO,62,62,9985
169,STRAWBERRY,168,167,9967
169,MELON,269,268,9992
169,EGG,52,52,9967
169,MILK,194,191,9985
169,WOOL,219,218,9992
169,FERTILIZER,100,100,10000
170,WHEAT,31,31,9960
170,CARROT,36,36,9992
170,TOMATO,62,62,9985
170,STRAWBERRY,168,168,9967
170,MELON,269,269,9992
170,EGG,52,52,9967
170,MILK,194,194,9985
170,WOOL,219,219,9992
170,FERTILIZER,100,100,10000
171,WHEAT,31,31,9960
171,CARROT,36,36,9992
171,TOMATO,62,62,9985
171,STRAWBERRY,168,168,9967
171,MELON,269,269,9992
171,EGG,52,52,9967
171,MILK,194,194,9985
171,WOOL,219,219,9992
171,FERTILIZER,100,100,10000
172,WHEAT,31,31,9960
172,CARROT,36,36,9992
172,TOMATO,62,62,9985
172,STRAWBERRY,168,168,9967
172,MELON,269,269,9992
172,EGG,52,52,9967
172,MILK,194,194,9985
172,WOOL,219,219,9992
172,FERTILIZER,100,100,10000
173,WHEAT,31,31,9958
173,CARROT,36,36,9992
173,TOMATO,62,62,9984
173,STRAWBERRY,169,168,9966
173,MELON,269,269,9992
173,EGG,52,52,9966
173,MILK,195,194,9984
173,WOOL,219,219,9992
173,FERTILIZER,100,100,10000
174,WHEAT,31,31,9958
174,CARROT,36,36,9992
174,TOMATO,62,62,9984
174,STRAWBERRY,169,169,9966
174,MELON,269,269,9992
174,EGG,52,52,9966
174,MILK,195,195,9984
174,WOOL,219,219,9992
174,FERTILIZER,100,100,10000
175,WHEAT,31,31,9958
175,CARROT,36,36,9992
175,TOMATO,62,62,9984
175,STRAWBERRY,169,169,9966
175,MELON,269,269,9992
175,EGG,52,52,9966
175,MILK,195,195,9984
175,WOOL,219,219,9992
175,FERTILIZER,100,100,10000
176,WHEAT,31,31,9958
176,CARROT,36,36,9992
176,TOMATO,62,62,9984
176,STRAWBERRY,169,169,9966
176,MELON,269,269,9992
176,EGG,52,52,9966
176,MILK,195,195,9984
176,WOOL,219,219,9992
176,FERTILIZER,100,100,10000
177,WHEAT,32,31,9956
177,CARROT,36,36,9992
177,TOMATO,62,62,9983
177,STRAWBERRY,170,169,9965
177,MELON,269,269,9992
177,EGG,52,52,9965
177,MILK,196,195,9983
177,WOOL,219,219,9992
177,FERTILIZER,100,100,10000
178,WHEAT,32,32,9956
178,CARROT,36,36,9992
178,TOMATO,62,62,9983
178,STRAWBERRY,170,170,9965
178,MELON,269,269,9992
178,EGG,52,52,9965
178,MILK,196,196,9983
178,WOOL,219,219,9992
178,FERTILIZER,100,100,10000
179,WHEAT,32,32,9956
179,CARROT,36,36,9992
179,TOMATO,62,62,9983
179,STRAWBERRY,170,170,9965
179,MELON,269,269,9992
179,EGG,52,52,9965
179,MILK,196,196,9983
179,WOOL,219,219,9992
179,FERTILIZER,100,100,10000
180,WHEAT,32,32,9956
180,CARROT,36,36,9992
180,TOMATO,62,62,9983
180,STRAWBERRY,170,170,9965
180,MELON,269,269,9992
180,EGG,52,52,9965
180,MILK,196,196,9983
180,WOOL,219,219,9992
180,FERTILIZER,100,100,10000
181,WHEAT,32,32,9954
181,CARROT,36,36,9992
181,TOMATO,62,62,9982
181,STRAWBERRY,170,170,9964
181,MELON,269,269,9992
181,EGG,52,52,9964
181,MILK,197,196,9982
181,WOOL,219,219,9992
181,FERTILIZER,100,100,10000
182,WHEAT,32,32,9954
182,CARROT,36,36,9992
182,TOMATO,62,62,9982
182,STRAWBERRY,170,170,9964
182,MELON,269,269,9992
182,EGG,52,52,9964
182,MILK,197,197,9982
182,WOOL,219,219,9992
182,FERTILIZER,100,100,10000
183,WHEAT,32,32,9954
183,CARROT,36,36,9992
183,TOMATO,62,62,9982
183,STRAWBERRY,170,170,9964
183,MELON,269,269,9992
183,EGG,52,52,9964
183,MILK,197,197,9982
183,WOOL,219,219,9992
183,FERTILIZER,100,100,10000
184,WHEAT,32,32,9954
184,CARROT,36,36,9992
184,TOMATO,62,62,9982
184,STRAWBERRY,170,170,9964
184,MELON,269,269,9992
184,EGG,52,52,9964
184,MILK,197,197,9982
184,WOOL,219,219,9992
184,FERTILIZER,100,100,10000
185,WHEAT,32,32,9952
185,CARROT,36,36,9992
185,TOMATO,62,62,9981
185,STRAWBERRY,171,170,9963
185,MELON,269,269,9992
185,EGG,52,52,9963
185,MILK,198,197,9981
185,WOOL,219,219,9992
185,FERTILIZER,100,100,10000
186,WHEAT,32,32,9952
186,CARROT,36,36,9992
186,TOMATO,62,62,9981
186,STRAWBERRY,171,171,9963
186,MELON,269,269,9992
186,EGG,52,52,9963
186,MILK,198,198,9981
186,WOOL,219,219,9992
186,FERTILIZER,100,100,10000
187,WHEAT,32,32,9952
187,CARROT,36,36,9992
187,TOMATO,62,62,9981
187,STRAWBERRY,171,171,9963
187,MELON,269,269,9992
187,EGG,52,52,9963
187,MILK,198,198,9981
187,WOOL,219,219,9992
187,FERTILIZER,100,100,10000
188,WHEAT,32,32,9952
188,CARROT,36,36,9992
188,TOMATO,62,62,9981
188,STRAWBERRY,171,171,9963
188,MELON,269,269,9992
188,EGG,52,52,9963
188,MILK,198,198,9981
188,WOOL,219,219,9992
188,FERTILIZER,100,100,10000
189,WHEAT,32,32,9950
189,CARROT,36,36,9992
189,TOMATO,62,62,9980
189,STRAWBERRY,172,171,9962
189,MELON,269,269,9992
189,EGG,52,52,9962
189,MILK,199,198,9980
189,WOOL,219,219,9992
189,FERTILIZER,100,100,10000
190,WHEAT,32,32,9950
190,CARROT,36,36,9992
190,TOMATO,62,62,9980
190,STRAWBERRY,172,172,9962
190,MELON,269,269,9992
190,EGG,52,52,9962
190,MILK,199,199,9980
190,WOOL,219,219,9992
190,FERTILIZER,100,100,10000
191,WHEAT,32,32,9950
191,CARROT,36,36,9992
191,TOMATO,62,62,9980
191,STRAWBERRY,172,172,9962
191,MELON,269,269,9992
191,EGG,52,52,9962
191,MILK,199,199,9980
191,WOOL,219,219,9992
191,FERTILIZER,100,100,10000
192,WHEAT,32,32,9950
192,CARROT,36,36,9992
192,TOMATO,62,62,9980
192,STRAWBERRY,172,172,9962
192,MELON,269,269,9992
192,EGG,52,52,9962
192,MILK,199,199,9980
192,WOOL,219,219,9992
192,FERTILIZER,100,100,10000
193,WHEAT,32,32,9947
193,CARROT,36,36,9991
193,TOMATO,63,62,9978
193,STRAWBERRY,173,172,9960
193,MELON,270,269,9991
193,EGG,52,52,9960
193,MILK,201,199,9978
193,WOOL,220,219,9991
193,FERTILIZER,100,100,10000
194,WHEAT,32,32,9947
194,CARROT,36,36,9991
194,TOMATO,63,63,9978
194,STRAWBERRY,173,173,9960
194,MELON,270,270,9991
194,EGG,52,52,9960
194,MILK,201,201,9978
194,WOOL,220,220,9991
194,FERTILIZER,100,100,10000
195,WHEAT,32,32,9947
195,CARROT,36,36,9991
195,TOMATO,63,63,9978
195,STRAWBERRY,173,173,9960
195,MELON,270,270,9991
195,EGG,52,52,9960
195,MILK,201,201,9978
195,WOOL,220,220,9991
195,FERTILIZER,100,100,10000
196,WHEAT,32,32,9947
196,CARROT,36,36,9991
196,TOMATO,63,63,9978
196,STRAWBERRY,173,173,9960
196,MELON,270,270,9991
196,EGG,52,52,9960
196,MILK,201,201,9978
196,WOOL,220,220,9991
196,FERTILIZER,100,100,10000
197,WHEAT,32,32,9945
197,CARROT,36,36,9991
197,TOMATO,63,63,9977
197,STRAWBERRY,174,173,9959
197,MELON,270,270,9991
197,EGG,52,52,9959
197,MILK,202,201,9977
197,WOOL,220,220,9991
197,FERTILIZER,100,100,10000
198,WHEAT,32,32,9945
198,CARROT,36,36,9991
198,TOMATO,63,63,9977
198,STRAWBERRY,174,174,9959
198,MELON,270,270,9991
198,EGG,52,52,9959
198,MILK,202,202,9977
198,WOOL,220,220,9991
198,FERTILIZER,100,100,10000
199,WHEAT,32,32,9945
199,CARROT,36,36,9991
199,TOMATO,63,63,9977
199,STRAWBERRY,174,174,9959
199,MELON,270,270,9991
199,EGG,52,52,9959
199,MILK,202,202,9977
199,WOOL,220,220,9991
199,FERTILIZER,100,100,10000
200,WHEAT,32,32,9945
200,CARROT,36,36,9991
200,TOMATO,63,63,9977
200,STRAWBERRY,174,174,9959
200,MELON,270,270,9991
200,EGG,52,52,9959
200,MILK,202,202,9977
200,WOOL,220,220,9991
200,FERTILIZER,100,100,10000
201,WHEAT,33,32,9943
201,CARROT,36,36,9991
201,TOMATO,63,63,9976
201,STRAWBERRY,174,174,9958
201,MELON,270,270,9991
201,EGG,53,52,9958
201,MILK,203,202,9976
201,WOOL,220,220,9991
201,FERTILIZER,100,100,10000
202,WHEAT,33,33,9943
202,CARROT,36,36,9991
202,TOMATO,63,63,9976
202,STRAWBERRY,174,174,9958
202,MELON,270,270,9991
202,EGG,53,53,9958
202,MILK,203,203,9976
202,WOOL,220,220,9991
202,FERTILIZER,100,100,10000
203,WHEAT,33,33,9943
203,CARROT,36,36,9991
203,TOMATO,63,63,9976
203,STRAWBERRY,174,174,9958
203,MELON,270,270,9991
203,EGG,53,53,9958
203,MILK,203,203,9976
203,WOOL,220,220,9991
203,FERTILIZER,100,100,10000
204,WHEAT,33,33,9943
204,CARROT,36,36,9991
204,TOMATO,63,63,9976
204,STRAWBERRY,174,174,9958
204,MELON,270,270,9991
204,EGG,53,53,9958
204,MILK,203,203,9976
204,WOOL,220,220,9991
204,FERTILIZER,100,100,10000
205,WHEAT,33,33,9941
205,CARROT,36,36,9991
205,TOMATO,63,63,9975
205,STRAWBERRY,175,174,9957
205,MELON,270,270,9991
205,EGG,53,53,9957
205,MILK,203,203,9975
205,WOOL,220,220,9991
205,FERTILIZER,100,100,10000
206,WHEAT,33,33,9941
206,CARROT,36,36,9991
206,TOMATO,63,63,9975
206,STRAWBERRY,175,175,9957
206,MELON,270,270,9991
206,EGG,53,53,9957
206,MILK,203,203,9975
206,WOOL,220,220,9991
206,FERTILIZER,100,100,10000
207,WHEAT,33,33,9941
207,CARROT,36,36,9991
207,TOMATO,63,63,9975
207,STRAWBERRY,175,175,9957
207,MELON,270,270,9991
207,EGG,53,53,9957
207,MILK,203,203,9975
207,WOOL,220,220,9991
207,FERTILIZER,100,100,10000
208,WHEAT,33,33,9941
208,CARROT,36,36,9991
208,TOMATO,63,63,9975
208,STRAWBERRY,175,175,9957
208,MELON,270,270,9991
208,EGG,53,53,9957
208,MILK,203,203,9975
208,WOOL,220,220,9991
208,FERTILIZER,100,100,10000
209,WHEAT,33,33,9939
209,CARROT,36,36,9991
209,TOMATO,63,63,9974
209,STRAWBERRY,176,175,9956
209,MELON,270,270,9991
209,EGG,53,53,9956
209,MILK,204,203,9974
209,WOOL,220,220,9991
209,FERTILIZER,100,100,10000
210,WHEAT,33,33,9939
210,CARROT,36,36,9991
210,TOMATO,63,63,9974
210,STRAWBERRY,176,176,9956
210,MELON,270,270,9991
210,EGG,53,53,9956
210,MILK,204,204,9974
210,WOOL,220,220,9991
210,FERTILIZER,100,100,10000
211,WHEAT,33,33,9939
211,CARROT,36,36,9991
211,TOMATO,63,63,9974
211,STRAWBERRY,176,176,9956
211,MELON,270,270,9991
211,EGG,53,53,9956
211,MILK,204,204,9974
211,WOOL,220,220,9991
211,FERTILIZER,100,100,10000
212,WHEAT,33,33,9939
212,CARROT,36,36,9991
212,TOMATO,63,63,9974
212,STRAWBERRY,176,176,9956
212,MELON,270,270,9991
212,EGG,53,53,9956
212,MILK,204,204,9974
212,WOOL,220,220,9991
212,FERTILIZER,100,100,10000
213,WHEAT,33,33,9937
213,CARROT,36,36,9991
213,TOMATO,63,63,9973
213,STRAWBERRY,176,176,9955
213,MELON,270,270,9991
213,EGG,53,53,9955
213,MILK,205,204,9973
213,WOOL,220,220,9991
213,FERTILIZER,100,100,10000
214,WHEAT,33,33,9937
214,CARROT,36,36,9991
214,TOMATO,63,63,9973
214,STRAWBERRY,176,176,9955
214,MELON,270,270,9991
214,EGG,53,53,9955
214,MILK,205,205,9973
214,WOOL,220,220,9991
214,FERTILIZER,100,100,10000
215,WHEAT,33,33,9937
215,CARROT,36,36,9991
215,TOMATO,63,63,9973
215,STRAWBERRY,176,176,9955
215,MELON,270,270,9991
215,EGG,53,53,9955
215,MILK,205,205,9973
215,WOOL,220,220,9991
215,FERTILIZER,100,100,10000
216,WHEAT,33,33,9937
216,CARROT,36,36,9991
216,TOMATO,63,63,9973
216,STRAWBERRY,176,176,9955
216,MELON,270,270,9991
216,EGG,53,53,9955
216,MILK,205,205,9973
216,WOOL,220,220,9991
216,FERTILIZER,100,100,10000
217,WHEAT,33,33,9934
217,CARROT,36,36,9990
217,TOMATO,63,63,9971
217,STRAWBERRY,178,176,9952
217,MELON,271,270,9990
217,EGG,53,53,9953
217,MILK,208,205,9970
217,WOOL,221,220,9990
217,FERTILIZER,100,100,10000
218,WHEAT,33,33,9934
218,CARROT,36,36,9990
218,TOMATO,63,63,9971
218,STRAWBERRY,178,178,9952
218,MELON,271,271,9990
218,EGG,53,53,9953
218,MILK,208,208,9970
218,WOOL,221,221,9990
218,FERTILIZER,100,100,10000
219,WHEAT,33,33,9934
219,CARROT,36,36,9990
219,TOMATO,63,63,9971
219,STRAWBERRY,178,178,9952
219,MELON,271,271,9990
219,EGG,53,53,9953
219,MILK,208,208,9970
219,WOOL,221,221,9990
219,FERTILIZER,100,100,10000
220,WHEAT,33,33,9934
220,CARROT,36,36,9990
220,TOMATO,63,63,9971
220,STRAWBERRY,178,178,9952
220,MELON,271,271,9990
220,EGG,53,53,9953
220,MILK,208,208,9970
220,WOOL,221,221,9990
220,FERTILIZER,100,100,10000
221,WHEAT,33,33,9932
221,CARROT,36,36,9990
221,TOMATO,64,63,9970
221,STRAWBERRY,179,178,9950
221,MELON,271,271,9990
221,EGG,53,53,9952
221,MILK,209,208,9968
221,WOOL,221,221,9990
221,FERTILIZER,100,100,10000
222,WHEAT,33,33,9932
222,CARROT,36,36,9990
222,TOMATO,64,64,9970
222,STRAWBERRY,179,179,9950
222,MELON,271,271,9990
222,EGG,53,53,9952
222,MILK,209,209,9968
222,WOOL,221,221,9990
222,FERTILIZER,100,100,10000
223,WHEAT,33,33,9932
223,CARROT,36,36,9990
223,TOMATO,64,64,9970
223,STRAWBERRY,179,179,9950
223,MELON,271,271,9990
223,EGG,53,53,9952
223,MILK,209,209,9968
223,WOOL,221,221,9990
223,FERTILIZER,100,100,10000
224,WHEAT,33,33,9932
224,CARROT,36,36,9990
224,TOMATO,64,64,9970
224,STRAWBERRY,179,179,9950
224,MELON,271,271,9990
224,EGG,53,53,9952
224,MILK,209,209,9968
224,WOOL,221,221,9990
224,FERTILIZER,100,100,10000
225,WHEAT,33,33,9930
225,CARROT,36,36,9990
225,TOMATO,64,64,9969
225,STRAWBERRY,181,179,9948
225,MELON,271,271,9990
225,EGG,53,53,9951
225,MILK,211,209,9966
225,WOOL,221,221,9990
225,FERTILIZER,100,100,10000
226,WHEAT,33,33,9930
226,CARROT,36,36,9990
226,TOMATO,64,64,9969
226,STRAWBERRY,181,181,9948
226,MELON,271,271,9990
226,EGG,53,53,9951
226,MILK,211,211,9966
226,WOOL,221,221,9990
226,FERTILIZER,100,100,10000
227,WHEAT,33,33,9930
227,CARROT,36,36,9990
227,TOMATO,64,64,9969
227,STRAWBERRY,181,181,9948
227,MELON,271,271,9990
227,EGG,53,53,9951
227,MILK,211,211,9966
227,WOOL,221,221,9990
227,FERTILIZER,100,100,10000
228,WHEAT,33,33,9930
228,CARROT,36,36,9990
228,TOMATO,64,64,9969
228,STRAWBERRY,181,181,9948
228,MELON,271,271,9990
228,EGG,53,53,9951
228,MILK,211,211,9966
228,WOOL,221,221,9990
228,FERTILIZER,100,100,10000
229,WHEAT,33,33,9928
229,CARROT,36,36,9990
229,TOMATO,64,64,9968
229,STRAWBERRY,182,181,9946
229,MELON,271,271,9990
229,EGG,53,53,9950
229,MILK,212,211,9964
229,WOOL,221,221,9990
229,FERTILIZER,100,100,10000
230,WHEAT,33,33,9928
230,CARROT,36,36,9990
230,TOMATO,64,64,9968
230,STRAWBERRY,182,182,9946
230,MELON,271,271,9990
230,EGG,53,53,9950
230,MILK,212,212,9964
230,WOOL,221,221,9990
230,FERTILIZER,100,100,10000
231,WHEAT,33,33,9928
231,CARROT,36,36,9990
231,TOMATO,64,64,9968
231,STRAWBERRY,182,182,9946
231,MELON,271,271,9990
231,EGG,53,53,9950
231,MILK,212,212,9964
231,WOOL,221,221,9990
231,FERTILIZER,100,100,10000
232,WHEAT,33,33,9928
232,CARROT,36,36,9990
232,TOMATO,64,64,9968
232,STRAWBERRY,182,182,9946
232,MELON,271,271,9990
232,EGG,53,53,9950
232,MILK,212,212,9964
232,WOOL,221,221,9990
232,FERTILIZER,100,100,10000
233,WHEAT,34,33,9926
233,CARROT,36,36,9990
233,TOMATO,64,64,9967
233,STRAWBERRY,183,182,9944
233,MELON,271,271,9990
233,EGG,53,53,9949
233,MILK,214,212,9962
233,WOOL,221,221,9990
233,FERTILIZER,100,100,10000
234,WHEAT,34,34,9926
234,CARROT,36,36,9990
234,TOMATO,64,64,9967
234,STRAWBERRY,183,183,9944
234,MELON,271,271,9990
234,EGG,53,53,9949
234,MILK,214,214,9962
234,WOOL,221,221,9990
234,FERTILIZER,100,100,10000
235,WHEAT,34,34,9926
235,CARROT,36,36,9990
235,TOMATO,64,64,9967
235,STRAWBERRY,183,183,9944
235,MELON,271,271,9990
235,EGG,53,53,9949
235,MILK,214,214,9962
235,WOOL,221,221,9990
235,FERTILIZER,100,100,10000
236,WHEAT,34,34,9926
236,CARROT,36,36,9990
236,TOMATO,64,64,9967
236,STRAWBERRY,183,183,9944
236,MELON,271,271,9990
236,EGG,53,53,9949
236,MILK,214,214,9962
236,WOOL,221,221,9990
236,FERTILIZER,100,100,10000
237,WHEAT,34,34,9924
237,CARROT,36,36,9990
237,TOMATO,64,64,9966
237,STRAWBERRY,184,183,9942
237,MELON,271,271,9990
237,EGG,53,53,9948
237,MILK,215,214,9960
237,WOOL,221,221,9990
237,FERTILIZER,100,100,10000
238,WHEAT,34,34,9924
238,CARROT,36,36,9990
238,TOMATO,64,64,9966
238,STRAWBERRY,184,184,9942
238,MELON,271,271,9990
238,EGG,53,53,9948
238,MILK,215,215,9960
238,WOOL,221,221,9990
238,FERTILIZER,100,100,10000
239,WHEAT,34,34,9924
239,CARROT,36,36,9990
239,TOMATO,64,64,9966
239,STRAWBERRY,184,184,9942
239,MELON,271,271,9990
239,EGG,53,53,9948
239,MILK,215,215,9960
239,WOOL,221,221,9990
239,FERTILIZER,100,100,10000
240,WHEAT,34,34,9924
240,CARROT,36,36,9990
240,TOMATO,64,64,9966
240,STRAWBERRY,184,184,9942
240,MELON,271,271,9990
240,EGG,53,53,9948
240,MILK,215,215,9960
240,WOOL,221,221,9990
240,FERTILIZER,100,100,10000
241,WHEAT,34,34,9921
241,CARROT,36,36,9989
241,TOMATO,64,64,9964
241,STRAWBERRY,186,184,9939
241,MELON,272,271,9989
241,EGG,53,53,9946
241,MILK,217,215,9957
241,WOOL,221,221,9989
241,FERTILIZER,100,100,10000
242,WHEAT,34,34,9921
242,CARROT,36,36,9989
242,TOMATO,64,64,9964
242,STRAWBERRY,186,186,9939
242,MELON,272,272,9989
242,EGG,53,53,9946
242,MILK,217,217,9957
242,WOOL,221,221,9989
242,FERTILIZER,100,100,10000
243,WHEAT,34,34,9921
243,CARROT,36,36,9989
243,TOMATO,64,64,9964
243,STRAWBERRY,186,186,9939
243,MELON,272,272,9989
243,EGG,53,53,9946
243,MILK,217,217,9957
243,WOOL,221,221,9989
243,FERTILIZER,100,100,10000
244,WHEAT,34,34,9921
244,CARROT,36,36,9989
244,TOMATO,64,64,9964
244,STRAWBERRY,186,186,9939
244,MELON,272,272,9989
244,EGG,53,53,9946
244,MILK,217,217,9957
244,WOOL,221,221,9989
244,FERTILIZER,100,100,10000
245,WHEAT,34,34,9919
245,CARROT,36,36,9989
245,TOMATO,64,64,9963
245,STRAWBERRY,187,186,9937
245,MELON,272,272,9989
245,EGG,53,53,9945
245,MILK,218,217,9955
245,WOOL,221,221,9989
245,FERTILIZER,100,100,10000
246,WHEAT,34,34,9919
246,CARROT,36,36,9989
246,TOMATO,64,64,9963
246,STRAWBERRY,187,187,9937
246,MELON,272,272,9989
246,EGG,53,53,9945
246,MILK,218,218,9955
246,WOOL,221,221,9989
246,FERTILIZER,100,100,10000
247,WHEAT,34,34,9919
247,CARROT,36,36,9989
247,TOMATO,64,64,9963
247,STRAWBERRY,187,187,9937
247,MELON,272,272,9989
247,EGG,53,53,9945
247,MILK,218,218,9955
247,WOOL,221,221,9989
247,FERTILIZER,100,100,10000
248,WHEAT,34,34,9919
248,CARROT,36,36,9989
248,TOMATO,64,64,9963
248,STRAWBERRY,187,187,9937
248,MELON,272,272,9989
248,EGG,53,53,9945
248,MILK,218,218,9955
248,WOOL,221,221,9989
248,FERTILIZER,100,100,10000
249,WHEAT,34,34,9917
249,CARROT,36,36,9989
249,TOMATO,65,64,9962
249,STRAWBERRY,188,187,9935
249,MELON,272,272,9989
249,EGG,53,53,9944
249,MILK,220,218,9953
249,WOOL,221,221,9989
249,FERTILIZER,100,100,10000
250,WHEAT,34,34,9917
250,CARROT,36,36,9989
250,TOMATO,65,65,9962
250,STRAWBERRY,188,188,9935
250,MELON,272,272,9989
250,EGG,53,53,9944
250,MILK,220,220,9953
250,WOOL,221,221,9989
250,FERTILIZER,100,100,10000
251,WHEAT,34,34,9917
251,CARROT,36,36,9989
251,TOMATO,65,65,9962
251,STRAWBERRY,188,188,9935
251,MELON,272,272,9989
251,EGG,53,53,9944
251,MILK,220,220,9953
251,WOOL,221,221,9989
251,FERTILIZER,100,100,10000
252,WHEAT,34,34,9917
252,CARROT,36,36,9989
252,TOMATO,65,65,9962
252,STRAWBERRY,188,188,9935
252,MELON,272,272,9989
252,EGG,53,53,9944
252,MILK,220,220,9953
252,WOOL,221,221,9989
252,FERTILIZER,100,100,10000
253,WHEAT,34,34,9915
253,CARROT,36,36,9989
253,TOMATO,65,65,9961
253,STRAWBERRY,189,188,9933
253,MELON,272,272,9989
253,EGG,53,53,9943
253,MILK,221,220,9951
253,WOOL,221,221,9989
253,FERTILIZER,100,100,10000
254,WHEAT,34,34,9915
254,CARROT,36,36,9989
254,TOMATO,65,65,9961
254,STRAWBERRY,189,189,9933
254,MELON,272,272,9989
254,EGG,53,53,9943
254,MILK,221,221,9951
254,WOOL,221,221,9989
254,FERTILIZER,100,100,10000
255,WHEAT,34,34,9915
255,CARROT,36,36,9989
255,TOMATO,65,65,9961
255,STRAWBERRY,189,189,9933
255,MELON,272,272,9989
255,EGG,53,53,9943
255,MILK,221,221,9951
255,WOOL,221,221,9989
255,FERTILIZER,100,100,10000
256,WHEAT,34,34,9915
256,CARROT,36,36,9989
256,TOMATO,65,65,9961
256,STRAWBERRY,189,189,9933
256,MELON,272,272,9989
256,EGG,53,53,9943
256,MILK,221,221,9951
256,WOOL,221,221,9989
256,FERTILIZER,100,100,10000
257,WHEAT,34,34,9913
257,CARROT,36,36,9989
257,TOMATO,65,65,9960
257,STRAWBERRY,190,189,9931
257,MELON,272,272,9989
257,EGG,53,53,9942
257,MILK,222,221,9949
257,WOOL,221,221,9989
257,FERTILIZER,100,100,10000
258,WHEAT,34,34,9913
258,CARROT,36,36,9989
258,TOMATO,65,65,9960
258,STRAWBERRY,190,190,9931
258,MELON,272,272,9989
258,EGG,53,53,9942
258,MILK,222,222,9949
258,WOOL,221,221,9989
258,FERTILIZER,100,100,10000
259,WHEAT,34,34,9913
259,CARROT,36,36,9989
259,TOMATO,65,65,9960
259,STRAWBERRY,190,190,9931
259,MELON,272,272,9989
259,EGG,53,53,9942
259,MILK,222,222,9949
259,WOOL,221,221,9989
259,FERTILIZER,100,100,10000
260,WHEAT,34,34,9913
260,CARROT,36,36,9989
260,TOMATO,65,65,9960
260,STRAWBERRY,190,190,9931
260,MELON,272,272,9989
260,EGG,53,53,9942
260,MILK,222,222,9949
260,WOOL,221,221,9989
260,FERTILIZER,100,100,10000
261,WHEAT,34,34,9911
261,CARROT,36,36,9989
261,TOMATO,65,65,9959
261,STRAWBERRY,191,190,9929
261,MELON,272,272,9989
261,EGG,54,53,9941
261,MILK,223,222,9947
261,WOOL,221,221,9989
261,FERTILIZER,100,100,10000
262,WHEAT,34,34,9911
262,CARROT,36,36,9989
262,TOMATO,65,65,9959
262,STRAWBERRY,191,191,9929
262,MELON,272,272,9989
262,EGG,54,54,9941
262,MILK,223,223,9947
262,WOOL,221,221,9989
262,FERTILIZER,100,100,10000
263,WHEAT,34,34,9911
263,CARROT,36,36,9989
263,TOMATO,65,65,9959
263,STRAWBERRY,191,191,9929
263,MELON,272,272,9989
263,EGG,54,54,9941
263,MILK,223,223,9947
263,WOOL,221,221,9989
263,FERTILIZER,100,100,10000
264,WHEAT,34,34,9911
264,CARROT,36,36,9989
264,TOMATO,65,65,9959
264,STRAWBERRY,191,191,9929
264,MELON,272,272,9989
264,EGG,54,54,9941
264,MILK,223,223,9947
264,WOOL,221,221,9989
264,FERTILIZER,100,100,10000
265,WHEAT,35,34,9908
265,CARROT,36,36,9988
265,TOMATO,65,65,9957
265,STRAWBERRY,192,191,9926
265,MELON,272,272,9988
265,EGG,54,54,9939
265,MILK,225,223,9944
265,WOOL,222,221,9988
265,FERTILIZER,100,100,10000
266,WHEAT,35,35,9908
266,CARROT,36,36,9988
266,TOMATO,65,65,9957
266,STRAWBERRY,192,192,9926
266,MELON,272,272,9988
266,EGG,54,54,9939
266,MILK,225,225,9944
266,WOOL,222,222,9988
266,FERTILIZER,100,100,10000
267,WHEAT,35,35,9908
267,CARROT,36,36,9988
267,TOMATO,65,65,9957
267,STRAWBERRY,192,192,9926
267,MELON,272,272,9988
267,EGG,54,54,9939
267,MILK,225,225,9944
267,WOOL,222,222,9988
267,FERTILIZER,100,100,10000
268,WHEAT,35,35,9908
268,CARROT,36,36,9988
268,TOMATO,65,65,9957
268,STRAWBERRY,192,192,9926
268,MELON,272,272,9988
268,EGG,54,54,9939
268,MILK,225,225,9944
268,WOOL,222,222,9988
268,FERTILIZER,100,100,10000
269,WHEAT,35,35,9906
269,CARROT,36,36,9988
269,TOMATO,65,65,9956
269,STRAWBERRY,193,192,9924
269,MELON,272,272,9988
269,EGG,54,54,9938
269,MILK,226,225,9942
269,WOOL,222,222,9988
269,FERTILIZER,100,100,10000
270,WHEAT,35,35,9906
270,CARROT,36,36,9988
270,TOMATO,65,65,9956
270,STRAWBERRY,193,193,9924
270,MELON,272,272,9988
270,EGG,54,54,9938
270,MILK,226,226,9942
270,WOOL,222,222,9988
270,FERTILIZER,100,100,10000
271,WHEAT,35,35,9906
271,CARROT,36,36,9988
271,TOMATO,65,65,9956
271,STRAWBERRY,193,193,9924
271,MELON,272,272,9988
271,EGG,54,54,9938
271,MILK,226,226,9942
271,WOOL,222,222,9988
271,FERTILIZER,100,100,10000
272,WHEAT,35,35,9906
272,CARROT,36,36,9988
272,TOMATO,65,65,9956
272,STRAWBERRY,193,193,9924
272,MELON,272,272,9988
272,EGG,54,54,9938
272,MILK,226,226,9942
272,WOOL,222,222,9988
272,FERTILIZER,100,100,10000
273,WHEAT,35,35,9904
273,CARROT,36,36,9988
273,TOMATO,65,65,9955
273,STRAWBERRY,194,193,9922
273,MELON,272,272,9988
273,EGG,54,54,9937
273,MILK,227,226,9940
273,WOOL,222,222,9988
273,FERTILIZER,100,100,10000
274,WHEAT,35,35,9904
274,CARROT,36,36,9988
274,TOMATO,65,65,9955
274,STRAWBERRY,194,194,9922
274,MELON,272,272,9988
274,EGG,54,54,9937
274,MILK,227,227,9940
274,WOOL,222,222,9988
274,FERTILIZER,100,100,10000
275,WHEAT,35,35,9904
275,CARROT,36,36,9988
275,TOMATO,65,65,9955
275,STRAWBERRY,194,194,9922
275,MELON,272,272,9988
275,EGG,54,54,9937
275,MILK,227,227,9940
275,WOOL,222,222,9988
275,FERTILIZER,100,100,10000
276,WHEAT,35,35,9904
276,CARROT,36,36,9988
276,TOMATO,65,65,9955
276,STRAWBERRY,194,194,9922
276,MELON,272,272,9988
276,EGG,54,54,9937
276,MILK,227,227,9940
276,WOOL,222,222,9988
276,FERTILIZER,100,100,10000
277,WHEAT,35,35,9902
277,CARROT,36,36,9988
277,TOMATO,66,65,9954
277,STRAWBERRY,195,194,9920
277,MELON,272,272,9988
277,EGG,54,54,9936
277,MILK,228,227,9938
277,WOOL,222,222,9988
277,FERTILIZER,100,100,10000
278,WHEAT,35,35,9902
278,CARROT,36,36,9988
278,TOMATO,66,66,9954
278,STRAWBERRY,195,195,9920
278,MELON,272,272,9988
278,EGG,54,54,9936
278,MILK,228,228,9938
278,WOOL,222,222,9988
278,FERTILIZER,100,100,10000
279,WHEAT,35,35,9902
279,CARROT,36,36,9988
279,TOMATO,66,66,9954
279,STRAWBERRY,195,195,9920
279,MELON,272,272,9988
279,EGG,54,54,9936
279,MILK,228,228,9938
279,WOOL,222,222,9988
279,FERTILIZER,100,100,10000
280,WHEAT,35,35,9902
280,CARROT,36,36,9988
280,TOMATO,66,66,9954
280,STRAWBERRY,195,195,9920
280,MELON,272,272,9988
280,EGG,54,54,9936
280,MILK,228,228,9938
280,WOOL,222,222,9988
280,FERTILIZER,100,100,10000
281,WHEAT,35,35,9900
281,CARROT,36,36,9988
281,TOMATO,66,66,9953
281,STRAWBERRY,196,195,9918
281,MELON,272,272,9988
281,EGG,54,54,9935
281,MILK,230,228,9936
281,WOOL,222,222,9988
281,FERTILIZER,100,100,10000
282,WHEAT,35,35,9900
282,CARROT,36,36,9988
282,TOMATO,66,66,9953
282,STRAWBERRY,196,196,9918
282,MELON,272,272,9988
282,EGG,54,54,9935
282,MILK,230,230,9936
282,WOOL,222,222,9988
282,FERTILIZER,100,100,10000
283,WHEAT,35,35,9900
283,CARROT,36,36,9988
283,TOMATO,66,66,9953
283,STRAWBERRY,196,196,9918
283,MELON,272,272,9988
283,EGG,54,54,9935
283,MILK,230,230,9936
283,WOOL,222,222,9988
283,FERTILIZER,100,100,10000
284,WHEAT,35,35,9900
284,CARROT,36,36,9988
284,TOMATO,66,66,9953
284,STRAWBERRY,196,196,9918
284,MELON,272,272,9988
284,EGG,54,54,9935
284,MILK,230,230,9936
284,WOOL,222,222,9988
284,FERTILIZER,100,100,10000
285,WHEAT,35,35,9898
285,CARROT,36,36,9988
285,TOMATO,66,66,9952
285,STRAWBERRY,197,196,9916
285,MELON,268,272,9993
285,EGG,54,54,9934
285,MILK,231,230,9934
285,WOOL,222,222,9988
285,FERTILIZER,100,100,10000
286,WHEAT,35,35,9898
286,CARROT,36,36,9988
286,TOMATO,66,66,9952
286,STRAWBERRY,197,197,9916
286,MELON,268,268,9993
286,EGG,54,54,9934
286,MILK,231,231,9934
286,WOOL,222,222,9988
286,FERTILIZER,100,100,10000
287,WHEAT,35,35,9898
287,CARROT,36,36,9988
287,TOMATO,66,66,9952
287,STRAWBERRY,197,197,9916
287,MELON,268,268,9993
287,EGG,54,54,9934
287,MILK,231,231,9934
287,WOOL,222,222,9988
287,FERTILIZER,100,100,10000
288,WHEAT,35,35,9898
288,CARROT,36,36,9988
288,TOMATO,66,66,9952
288,STRAWBERRY,197,197,9916
288,MELON,268,268,9993
288,EGG,54,54,9934
288,MILK,231,231,9934
288,WOOL,222,222,9988
288,FERTILIZER,100,100,10000
289,WHEAT,35,35,9894
289,CARROT,36,36,9987
289,TOMATO,66,66,9950
289,STRAWBERRY,198,197,9913
289,MELON,269,268,9992
289,EGG,54,54,9931
289,MILK,232,231,9931
289,WOOL,223,222,9987
289,FERTILIZER,100,100,10000
290,WHEAT,35,35,9894
290,CARROT,36,36,9987
290,TOMATO,66,66,9950
290,STRAWBERRY,198,198,9913
290,MELON,269,269,9992
290,EGG,54,54,9931
290,MILK,232,232,9931
290,WOOL,223,223,9987
290,FERTILIZER,100,100,10000
291,WHEAT,35,35,9894
291,CARROT,36,36,9987
291,TOMATO,66,66,9950
291,STRAWBERRY,198,198,9913
291,MELON,269,269,9992
291,EGG,54,54,9931
291,MILK,232,232,9931
291,WOOL,223,223,9987
291,FERTILIZER,100,100,10000
292,WHEAT,35,35,9894
292,CARROT,36,36,9987
292,TOMATO,66,66,9950
292,STRAWBERRY,198,198,9913
292,MELON,269,269,9992
292,EGG,54,54,9931
292,MILK,232,232,9931
292,WOOL,223,223,9987
292,FERTILIZER,100,100,10000
293,WHEAT,35,35,9891
293,CARROT,36,36,9987
293,TOMATO,66,66,9949
293,STRAWBERRY,199,198,9911
293,MELON,269,269,9992
293,EGG,54,54,9929
293,MILK,233,232,9929
293,WOOL,223,223,9987
293,FERTILIZER,100,100,10000
294,WHEAT,35,35,9891
294,CARROT,36,36,9987
294,TOMATO,66,66,9949
294,STRAWBERRY,199,199,9911
294,MELON,269,269,9992
294,EGG,54,54,9929
294,MILK,233,233,9929
294,WOOL,223,223,9987
294,FERTILIZER,100,100,10000
295,WHEAT,35,35,9891
295,CARROT,36,36,9987
295,TOMATO,66,66,9949
295,STRAWBERRY,199,199,9911
295,MELON,269,269,9992
295,EGG,54,54,9929
295,MILK,233,233,9929
295,WOOL,223,223,9987
295,FERTILIZER,100,100,10000
296,WHEAT,35,35,9891
296,CARROT,36,36,9987
296,TOMATO,66,66,9949
296,STRAWBERRY,199,199,9911
296,MELON,269,269,9992
296,EGG,54,54,9929
296,MILK,233,233,9929
296,WOOL,223,223,9987
296,FERTILIZER,100,100,10000
297,WHEAT,36,35,9888
297,CARROT,36,36,9987
297,TOMATO,66,66,9948
297,STRAWBERRY,200,199,9909
297,MELON,269,269,9992
297,EGG,54,54,9927
297,MILK,234,233,9927
297,WOOL,223,223,9987
297,FERTILIZER,100,100,10000
298,WHEAT,36,36,9888
298,CARROT,36,36,9987
298,TOMATO,66,66,9948
298,STRAWBERRY,200,200,9909
298,MELON,269,269,9992
298,EGG,54,54,9927
298,MILK,234,234,9927
298,WOOL,223,223,9987
298,FERTILIZER,100,100,10000
299,WHEAT,36,36,9888
299,CARROT,36,36,9987
299,TOMATO,66,66,9948
299,STRAWBERRY,200,200,9909
299,MELON,269,269,9992
299,EGG,54,54,9927
299,MILK,234,234,9927
299,WOOL,223,223,9987
299,FERTILIZER,100,100,10000
300,WHEAT,36,36,9888
300,CARROT,36,36,9987
300,TOMATO,66,66,9948
300,STRAWBERRY,200,200,9909
300,MELON,269,269,9992
300,EGG,54,54,9927
300,MILK,234,234,9927
300,WOOL,223,223,9987
300,FERTILIZER,100,100,10000
301,WHEAT,36,36,9885
301,CARROT,36,36,9987
301,TOMATO,66,66,9947
301,STRAWBERRY,201,200,9907
301,MELON,269,269,9992
301,EGG,55,54,9925
301,MILK,235,234,9925
301,WOOL,223,223,9987
301,FERTILIZER,100,100,10000
302,WHEAT,36,36,9885
302,CARROT,36,36,9987
302,TOMATO,66,66,9947
302,STRAWBERRY,201,201,9907
302,MELON,269,269,9992
302,EGG,55,55,9925
302,MILK,235,235,9925
302,WOOL,223,223,9987
302,FERTILIZER,100,100,10000
303,WHEAT,36,36,9885
303,CARROT,36,36,9987
303,TOMATO,66,66,9947
303,STRAWBERRY,201,201,9907
303,MELON,269,269,9992
303,EGG,55,55,9925
303,MILK,235,235,9925
303,WOOL,223,223,9987
303,FERTILIZER,100,100,10000
304,WHEAT,36,36,9885
304,CARROT,36,36,9987
304,TOMATO,66,66,9947
304,STRAWBERRY,201,201,9907
304,MELON,269,269,9992
304,EGG,55,55,9925
304,MILK,235,235,9925
304,WOOL,223,223,9987
304,FERTILIZER,100,100,10000
305,WHEAT,36,36,9882
305,CARROT,36,36,9987
305,TOMATO,66,66,9946
305,STRAWBERRY,202,201,9905
305,MELON,269,269,9992
305,EGG,55,55,9923
305,MILK,236,235,9923
305,WOOL,223,223,9987
305,FERTILIZER,100,100,10000
306,WHEAT,36,36,9882
306,CARROT,36,36,9987
306,TOMATO,66,66,9946
306,STRAWBERRY,202,202,9905
306,MELON,269,269,9992
306,EGG,55,55,9923
306,MILK,236,236,9923
306,WOOL,223,223,9987
306,FERTILIZER,100,100,10000
307,WHEAT,36,36,9882
307,CARROT,36,36,9987
307,TOMATO,66,66,9946
307,STRAWBERRY,202,202,9905
307,MELON,269,269,9992
307,EGG,55,55,9923
307,MILK,236,236,9923
307,WOOL,223,223,9987
307,FERTILIZER,100,100,10000
308,WHEAT,36,36,9882
308,CARROT,36,36,9987
308,TOMATO,66,66,9946
308,STRAWBERRY,202,202,9905
308,MELON,269,269,9992
308,EGG,55,55,9923
308,MILK,236,236,9923
308,WOOL,223,223,9987
308,FERTILIZER,100,100,10000
309,WHEAT,36,36,9879
309,CARROT,36,36,9987
309,TOMATO,67,66,9945
309,STRAWBERRY,203,202,9903
309,MELON,269,269,9992
309,EGG,55,55,9921
309,MILK,237,236,9921
309,WOOL,223,223,9987
309,FERTILIZER,100,100,10000
310,WHEAT,36,36,9879
310,CARROT,36,36,9987
310,TOMATO,67,67,9945
310,STRAWBERRY,203,203,9903
310,MELON,269,269,9992
310,EGG,55,55,9921
310,MILK,237,237,9921
310,WOOL,223,223,9987
310,FERTILIZER,100,100,10000
311,WHEAT,36,36,9879
311,CARROT,36,36,9987
311,TOMATO,67,67,9945
311,STRAWBERRY,203,203,9903
311,MELON,269,269,9992
311,EGG,55,55,9921
311,MILK,237,237,9921
311,WOOL,223,223,9987
311,FERTILIZER,100,100,10000
312,WHEAT,36,36,9879
312,CARROT,36,36,9987
312,TOMATO,67,67,9945
312,STRAWBERRY,203,203,9903
312,MELON,269,269,9992
312,EGG,55,55,9921
312,MILK,237,237,9921
312,WOOL,223,223,9987
312,FERTILIZER,100,100,10000
313,WHEAT,36,36,9875
313,CARROT,36,36,9986
313,TOMATO,67,67,9943
313,STRAWBERRY,204,203,9900
313,MELON,270,269,9991
313,EGG,55,55,9918
313,MILK,239,237,9918
313,WOOL,223,223,9986
313,FERTILIZER,100,100,10000
314,WHEAT,36,36,9875
314,CARROT,36,36,9986
314,TOMATO,67,67,9943
314,STRAWBERRY,204,204,9900
314,MELON,270,270,9991
314,EGG,55,55,9918
314,MILK,239,239,9918
314,WOOL,223,223,9986
314,FERTILIZER,100,100,10000
315,WHEAT,36,36,9875
315,CARROT,36,36,9986
315,TOMATO,67,67,9943
315,STRAWBERRY,204,204,9900
315,MELON,270,270,9991
315,EGG,55,55,9918
315,MILK,239,239,9918
315,WOOL,223,223,9986
315,FERTILIZER,100,100,10000
316,WHEAT,36,36,9875
316,CARROT,36,36,9986
316,TOMATO,67,67,9943
316,STRAWBERRY,204,204,9900
316,MELON,270,270,9991
316,EGG,55,55,9918
316,MILK,239,239,9918
316,WOOL,223,223,9986
316,FERTILIZER,100,100,10000
317,WHEAT,36,36,9872
317,CARROT,36,36,9986
317,TOMATO,67,67,9942
317,STRAWBERRY,205,204,9898
317,MELON,270,270,9991
317,EGG,55,55,9916
317,MILK,240,239,9916
317,WOOL,223,223,9986
317,FERTILIZER,100,100,10000
318,WHEAT,36,36,9872
318,CARROT,36,36,9986
318,TOMATO,67,67,9942
318,STRAWBERRY,205,205,9898
318,MELON,270,270,9991
318,EGG,55,55,9916
318,MILK,240,240,9916
318,WOOL,223,223,9986
318,FERTILIZER,100,100,10000
319,WHEAT,36,36,9872
319,CARROT,36,36,9986
319,TOMATO,67,67,9942
319,STRAWBERRY,205,205,9898
319,MELON,270,270,9991
319,EGG,55,55,9916
319,MILK,240,240,9916
319,WOOL,223,223,9986
319,FERTILIZER,100,100,10000
320,WHEAT,36,36,9872
320,CARROT,36,36,9986
320,TOMATO,67,67,9942
320,STRAWBERRY,205,205,9898
320,MELON,270,270,9991
320,EGG,55,55,9916
320,MILK,240,240,9916
320,WOOL,223,223,9986
320,FERTILIZER,100,100,10000
321,WHEAT,36,36,9869
321,CARROT,36,36,9986
321,TOMATO,67,67,9941
321,STRAWBERRY,206,205,9896
321,MELON,270,270,9991
321,EGG,55,55,9914
321,MILK,241,240,9914
321,WOOL,223,223,9986
321,FERTILIZER,100,100,10000
322,WHEAT,36,36,9869
322,CARROT,36,36,9986
322,TOMATO,67,67,9941
322,STRAWBERRY,206,206,9896
322,MELON,270,270,9991
322,EGG,55,55,9914
322,MILK,241,241,9914
322,WOOL,223,223,9986
322,FERTILIZER,100,100,10000
323,WHEAT,36,36,9869
323,CARROT,36,36,9986
323,TOMATO,67,67,9941
323,STRAWBERRY,206,206,9896
323,MELON,270,270,9991
323,EGG,55,55,9914
323,MILK,241,241,9914
323,WOOL,223,223,9986
323,FERTILIZER,100,100,10000
324,WHEAT,36,36,9869
324,CARROT,36,36,9986
324,TOMATO,67,67,9941
324,STRAWBERRY,206,206,9896
324,MELON,270,270,9991
324,EGG,55,55,9914
324,MILK,241,241,9914
324,WOOL,223,223,9986
324,FERTILIZER,100,100,10000
325,WHEAT,37,36,9866
325,CARROT,36,36,9986
325,TOMATO,67,67,9940
325,STRAWBERRY,206,206,9894
325,MELON,270,270,9991
325,EGG,55,55,9912
325,MILK,242,241,9912
325,WOOL,223,223,9986
325,FERTILIZER,100,100,10000
326,WHEAT,37,37,9866
326,CARROT,36,36,9986
326,TOMATO,67,67,9940
326,STRAWBERRY,206,206,9894
326,MELON,270,270,9991
326,EGG,55,55,9912
326,MILK,242,242,9912
326,WOOL,223,223,9986
326,FERTILIZER,100,100,10000
327,WHEAT,37,37,9866
327,CARROT,36,36,9986
327,TOMATO,67,67,9940
327,STRAWBERRY,206,206,9894
327,MELON,270,270,9991
327,EGG,55,55,9912
327,MILK,242,242,9912
327,WOOL,223,223,9986
327,FERTILIZER,100,100,10000
328,WHEAT,37,37,9866
328,CARROT,36,36,9986
328,TOMATO,67,67,9940
328,STRAWBERRY,206,206,9894
328,MELON,270,270,9991
328,EGG,55,55,9912
328,MILK,242,242,9912
328,WOOL,223,223,9986
328,FERTILIZER,100,100,10000
329,WHEAT,37,37,9863
329,CARROT,36,36,9986
329,TOMATO,67,67,9939
329,STRAWBERRY,207,206,9892
329,MELON,270,270,9991
329,EGG,55,55,9910
329,MILK,242,242,9910
329,WOOL,223,223,9986
329,FERTILIZER,100,100,10000
330,WHEAT,37,37,9863
330,CARROT,36,36,9986
330,TOMATO,67,67,9939
330,STRAWBERRY,207,207,9892
330,MELON,270,270,9991
330,EGG,55,55,9910
330,MILK,242,242,9910
330,WOOL,223,223,9986
330,FERTILIZER,100,100,10000
331,WHEAT,37,37,9863
331,CARROT,36,36,9986
331,TOMATO,67,67,9939
331,STRAWBERRY,207,207,9892
331,MELON,270,270,9991
331,EGG,55,55,9910
331,MILK,242,242,9910
331,WOOL,223,223,9986
331,FERTILIZER,100,100,10000
332,WHEAT,37,37,9863
332,CARROT,36,36,9986
332,TOMATO,67,67,9939
332,STRAWBERRY,207,207,9892
332,MELON,270,270,9991
332,EGG,55,55,9910
332,MILK,242,242,9910
332,WOOL,223,223,9986
332,FERTILIZER,100,100,10000
333,WHEAT,37,37,9860
333,CARROT,36,36,9986
333,TOMATO,67,67,9938
333,STRAWBERRY,208,207,9890
333,MELON,270,270,9991
333,EGG,56,55,9908
333,MILK,243,242,9908
333,WOOL,223,223,9986
333,FERTILIZER,100,100,10000
334,WHEAT,37,37,9860
334,CARROT,36,36,9986
334,TOMATO,67,67,9938
334,STRAWBERRY,208,208,9890
334,MELON,270,270,9991
334,EGG,56,56,9908
334,MILK,243,243,9908
334,WOOL,223,223,9986
334,FERTILIZER,100,100,10000
335,WHEAT,37,37,9860
335,CARROT,36,36,9986
335,TOMATO,67,67,9938
335,STRAWBERRY,208,208,9890
335,MELON,270,270,9991
335,EGG,56,56,9908
335,MILK,243,243,9908
335,WOOL,223,223,9986
335,FERTILIZER,100,100,10000
336,WHEAT,37,37,9860
336,CARROT,36,36,9986
336,TOMATO,67,67,9938
336,STRAWBERRY,208,208,9890
336,MELON,270,270,9991
336,EGG,56,56,9908
336,MILK,243,243,9908
336,WOOL,223,223,9986
336,FERTILIZER,100,100,10000
337,WHEAT,37,37,9856
337,CARROT,36,36,9985
337,TOMATO,68,67,9936
337,STRAWBERRY,209,208,9887
337,MELON,271,270,9990
337,EGG,56,56,9905
337,MILK,245,243,9905
337,WOOL,224,223,9985
337,FERTILIZER,100,100,10000
338,WHEAT,37,37,9856
338,CARROT,36,36,9985
338,TOMATO,68,68,9936
338,STRAWBERRY,209,209,9887
338,MELON,271,271,9990
338,EGG,56,56,9905
338,MILK,245,245,9905
338,WOOL,224,224,9985
338,FERTILIZER,100,100,10000
339,WHEAT,37,37,9856
339,CARROT,36,36,9985
339,TOMATO,68,68,9936
339,STRAWBERRY,209,209,9887
339,MELON,271,271,9990
339,EGG,56,56,9905
339,MILK,245,245,9905
339,WOOL,224,224,9985
339,FERTILIZER,100,100,10000
340,WHEAT,37,37,9856
340,CARROT,36,36,9985
340,TOMATO,68,68,9936
340,STRAWBERRY,209,209,9887
340,MELON,271,271,9990
340,EGG,56,56,9905
340,MILK,245,245,9905
340,WOOL,224,224,9985
340,FERTILIZER,100,100,10000
341,WHEAT,37,37,9853
341,CARROT,36,36,9985
341,TOMATO,68,68,9935
341,STRAWBERRY,210,209,9885
341,MELON,271,271,9990
341,EGG,56,56,9903
341,MILK,246,245,9903
341,WOOL,224,224,9985
341,FERTILIZER,100,100,10000
342,WHEAT,37,37,9853
342,CARROT,36,36,9985
342,TOMATO,68,68,9935
342,STRAWBERRY,210,210,9885
342,MELON,271,271,9990
342,EGG,56,56,9903
342,MILK,246,246,9903
342,WOOL,224,224,9985
342,FERTILIZER,100,100,10000
343,WHEAT,37,37,9853
343,CARROT,36,36,9985
343,TOMATO,68,68,9935
343,STRAWBERRY,210,210,9885
343,MELON,271,271,9990
343,EGG,56,56,9903
343,MILK,246,246,9903
343,WOOL,224,224,9985
343,FERTILIZER,100,100,10000
344,WHEAT,37,37,9853
344,CARROT,36,36,9985
344,TOMATO,68,68,9935
344,STRAWBERRY,210,210,9885
344,MELON,271,271,9990
344,EGG,56,56,9903
344,MILK,246,246,9903
344,WOOL,224,224,9985
344,FERTILIZER,100,100,10000
345,WHEAT,37,37,9850
345,CARROT,36,36,9985
345,TOMATO,68,68,9934
345,STRAWBERRY,211,210,9883
345,MELON,271,271,9990
345,EGG,56,56,9901
345,MILK,246,246,9901
345,WOOL,224,224,9985
345,FERTILIZER,100,100,10000
346,WHEAT,37,37,9850
346,CARROT,36,36,9985
346,TOMATO,68,68,9934
346,STRAWBERRY,211,211,9883
346,MELON,271,271,9990
346,EGG,56,56,9901
346,MILK,246,246,9901
346,WOOL,224,224,9985
346,FERTILIZER,100,100,10000
347,WHEAT,37,37,9850
347,CARROT,36,36,9985
347,TOMATO,68,68,9934
347,STRAWBERRY,211,211,9883
347,MELON,271,271,9990
347,EGG,56,56,9901
347,MILK,246,246,9901
347,WOOL,224,224,9985
347,FERTILIZER,100,100,10000
348,WHEAT,37,37,9850
348,CARROT,36,36,9985
348,TOMATO,68,68,9934
348,STRAWBERRY,211,211,9883
348,MELON,271,271,9990
348,EGG,56,56,9901
348,MILK,246,246,9901
348,WOOL,224,224,9985
348,FERTILIZER,100,100,10000
349,WHEAT,37,37,9847
349,CARROT,36,36,9985
349,TOMATO,68,68,9933
349,STRAWBERRY,212,211,9881
349,MELON,271,271,9990
349,EGG,56,56,9899
349,MILK,247,246,9899
349,WOOL,224,224,9985
349,FERTILIZER,100,100,10000
350,WHEAT,37,37,9847
350,CARROT,36,36,9985
350,TOMATO,68,68,9933
350,STRAWBERRY,212,212,9881
350,MELON,271,271,9990
350,EGG,56,56,9899
350,MILK,247,247,9899
350,WOOL,224,224,9985
350,FERTILIZER,100,100,10000
351,WHEAT,37,37,9847
351,CARROT,36,36,9985
351,TOMATO,68,68,9933
351,STRAWBERRY,212,212,9881
351,MELON,271,271,9990
351,EGG,56,56,9899
351,MILK,247,247,9899
351,WOOL,224,224,9985
351,FERTILIZER,100,100,10000
352,WHEAT,37,37,9847
352,CARROT,36,36,9985
352,TOMATO,68,68,9933
352,STRAWBERRY,212,212,9881
352,MELON,271,271,9990
352,EGG,56,56,9899
352,MILK,247,247,9899
352,WOOL,224,224,9985
352,FERTILIZER,100,100,10000
353,WHEAT,37,37,9844
353,CARROT,36,36,9985
353,TOMATO,68,68,9932
353,STRAWBERRY,212,212,9879
353,MELON,271,271,9990
353,EGG,56,56,9897
353,MILK,248,247,9897
353,WOOL,224,224,9985
353,FERTILIZER,100,100,10000
354,WHEAT,37,37,9844
354,CARROT,36,36,9985
354,TOMATO,68,68,9932
354,STRAWBERRY,212,212,9879
354,MELON,271,271,9990
354,EGG,56,56,9897
354,MILK,248,248,9897
354,WOOL,224,224,9985
354,FERTILIZER,100,100,10000
355,WHEAT,37,37,9844
355,CARROT,36,36,9985
355,TOMATO,68,68,9932
355,STRAWBERRY,212,212,9879
355,MELON,271,271,9990
355,EGG,56,56,9897
355,MILK,248,248,9897
355,WOOL,224,224,9985
355,FERTILIZER,100,100,10000
356,WHEAT,37,37,9844
356,CARROT,36,36,9985
356,TOMATO,68,68,9932
356,STRAWBERRY,212,212,9879
356,MELON,271,271,9990
356,EGG,56,56,9897
356,MILK,248,248,9897
356,WOOL,224,224,9985
356,FERTILIZER,100,100,10000
357,WHEAT,38,37,9841
357,CARROT,36,36,9985
357,TOMATO,68,68,9931
357,STRAWBERRY,213,212,9877
357,MELON,271,271,9990
357,EGG,56,56,9895
357,MILK,249,248,9895
357,WOOL,224,224,9985
357,FERTILIZER,100,100,10000
358,WHEAT,38,38,9841
358,CARROT,36,36,9985
358,TOMATO,68,68,9931
358,STRAWBERRY,213,213,9877
358,MELON,271,271,9990
358,EGG,56,56,9895
358,MILK,249,249,9895
358,WOOL,224,224,9985
358,FERTILIZER,100,100,10000
359,WHEAT,38,38,9841
359,CARROT,36,36,9985
359,TOMATO,68,68,9931
359,STRAWBERRY,213,213,9877
359,MELON,271,271,9990
359,EGG,56,56,9895
359,MILK,249,249,9895
359,WOOL,224,224,9985
359,FERTILIZER,100,100,10000
360,WHEAT,38,38,9841
360,CARROT,36,36,9985
360,TOMATO,68,68,9931
360,STRAWBERRY,213,213,9877
360,MELON,271,271,9990
360,EGG,56,56,9895
360,MILK,249,249,9895
360,WOOL,224,224,9985
360,FERTILIZER,100,100,10000
361,WHEAT,38,38,9836
361,CARROT,36,36,9984
361,TOMATO,69,68,9929
361,STRAWBERRY,214,213,9874
361,MELON,272,271,9989
361,EGG,57,56,9891
361,MILK,250,249,9892
361,WOOL,224,224,9984
361,FERTILIZER,100,100,10000
362,WHEAT,38,38,9836
362,CARROT,36,36,9984
362,TOMATO,69,69,9929
362,STRAWBERRY,214,214,9874
362,MELON,272,272,9989
362,EGG,57,57,9891
362,MILK,250,250,9892
362,WOOL,224,224,9984
362,FERTILIZER,100,100,10000
363,WHEAT,38,38,9836
363,CARROT,36,36,9984
363,TOMATO,69,69,9929
363,STRAWBERRY,214,214,9874
363,MELON,272,272,9989
363,EGG,57,57,9891
363,MILK,250,250,9892
363,WOOL,224,224,9984
363,FERTILIZER,100,100,10000
364,WHEAT,38,38,9836
364,CARROT,36,36,9984
364,TOMATO,69,69,9929
364,STRAWBERRY,214,214,9874
364,MELON,272,272,9989
364,EGG,57,57,9891
364,MILK,250,250,9892
364,WOOL,224,224,9984
364,FERTILIZER,100,100,10000
365,WHEAT,38,38,9832
365,CARROT,36,36,9984
365,TOMATO,69,69,9928
365,STRAWBERRY,215,214,9872
365,MELON,272,272,9989
365,EGG,57,57,9888
365,MILK,251,250,9890
365,WOOL,224,224,9984
365,FERTILIZER,100,100,10000
366,WHEAT,38,38,9832
366,CARROT,36,36,9984
366,TOMATO,69,69,9928
366,STRAWBERRY,215,215,9872
366,MELON,272,272,9989
366,EGG,57,57,9888
366,MILK,251,251,9890
366,WOOL,224,224,9984
366,FERTILIZER,100,100,10000
367,WHEAT,38,38,9832
367,CARROT,36,36,9984
367,TOMATO,69,69,9928
367,STRAWBERRY,215,215,9872
367,MELON,272,272,9989
367,EGG,57,57,9888
367,MILK,251,251,9890
367,WOOL,224,224,9984
367,FERTILIZER,100,100,10000
368,WHEAT,38,38,9832
368,CARROT,36,36,9984
368,TOMATO,69,69,9928
368,STRAWBERRY,215,215,9872
368,MELON,272,272,9989
368,EGG,57,57,9888
368,MILK,251,251,9890
368,WOOL,224,224,9984
368,FERTILIZER,100,100,10000
369,WHEAT,38,38,9828
369,CARROT,36,36,9984
369,TOMATO,69,69,9927
369,STRAWBERRY,216,215,9870
369,MELON,272,272,9989
369,EGG,57,57,9885
369,MILK,252,251,9888
369,WOOL,224,224,9984
369,FERTILIZER,100,100,10000
370,WHEAT,38,38,9828
370,CARROT,36,36,9984
370,TOMATO,69,69,9927
370,STRAWBERRY,216,216,9870
370,MELON,272,272,9989
370,EGG,57,57,9885
370,MILK,252,252,9888
370,WOOL,224,224,9984
370,FERTILIZER,100,100,10000
371,WHEAT,38,38,9828
371,CARROT,36,36,9984
371,TOMATO,69,69,9927
371,STRAWBERRY,216,216,9870
371,MELON,272,272,9989
371,EGG,57,57,9885
371,MILK,252,252,9888
371,WOOL,224,224,9984
371,FERTILIZER,100,100,10000
372,WHEAT,38,38,9828
372,CARROT,36,36,9984
372,TOMATO,69,69,9927
372,STRAWBERRY,216,216,9870
372,MELON,272,272,9989
372,EGG,57,57,9885
372,MILK,252,252,9888
372,WOOL,224,224,9984
372,FERTILIZER,100,100,10000
373,WHEAT,38,38,9824
373,CARROT,36,36,9984
373,TOMATO,69,69,9926
373,STRAWBERRY,217,216,9868
373,MELON,272,272,9989
373,EGG,57,57,9882
373,MILK,253,252,9886
373,WOOL,224,224,9984
373,FERTILIZER,100,100,10000
374,WHEAT,38,38,9824
374,CARROT,36,36,9984
374,TOMATO,69,69,9926
374,STRAWBERRY,217,217,9868
374,MELON,272,272,9989
374,EGG,57,57,9882
374,MILK,253,253,9886
374,WOOL,224,224,9984
374,FERTILIZER,100,100,10000
375,WHEAT,38,38,9824
375,CARROT,36,36,9984
375,TOMATO,69,69,9926
375,STRAWBERRY,217,217,9868
375,MELON,272,272,9989
375,EGG,57,57,9882
375,MILK,253,253,9886
375,WOOL,224,224,9984
375,FERTILIZER,100,100,10000
376,WHEAT,38,38,9824
376,CARROT,36,36,9984
376,TOMATO,69,69,9926
376,STRAWBERRY,217,217,9868
376,MELON,272,272,9989
376,EGG,57,57,9882
376,MILK,253,253,9886
376,WOOL,224,224,9984
376,FERTILIZER,100,100,10000
377,WHEAT,38,38,9820
377,CARROT,36,36,9984
377,TOMATO,69,69,9925
377,STRAWBERRY,217,217,9866
377,MELON,272,272,9989
377,EGG,57,57,9879
377,MILK,254,253,9884
377,WOOL,224,224,9984
377,FERTILIZER,100,100,10000
378,WHEAT,38,38,9820
378,CARROT,36,36,9984
378,TOMATO,69,69,9925
378,STRAWBERRY,217,217,9866
378,MELON,272,272,9989
378,EGG,57,57,9879
378,MILK,254,254,9884
378,WOOL,224,224,9984
378,FERTILIZER,100,100,10000
379,WHEAT,38,38,9820
379,CARROT,36,36,9984
379,TOMATO,69,69,9925
379,STRAWBERRY,217,217,9866
379,MELON,272,272,9989
379,EGG,57,57,9879
379,MILK,254,254,9884
379,WOOL,224,224,9984
379,FERTILIZER,100,100,10000
380,WHEAT,38,38,9820
380,CARROT,36,36,9984
380,TOMATO,69,69,9925
380,STRAWBERRY,217,217,9866
380,MELON,272,272,9989
380,EGG,57,57,9879
380,MILK,254,254,9884
380,WOOL,224,224,9984
380,FERTILIZER,100,100,10000
381,WHEAT,39,38,9816
381,CARROT,36,36,9984
381,TOMATO,69,69,9924
381,STRAWBERRY,218,217,9864
381,MELON,272,272,9989
381,EGG,57,57,9876
381,MILK,254,254,9882
381,WOOL,224,224,9984
381,FERTILIZER,100,100,10000
382,WHEAT,39,39,9816
382,CARROT,36,36,9984
382,TOMATO,69,69,9924
382,STRAWBERRY,218,218,9864
382,MELON,272,272,9989
382,EGG,57,57,9876
382,MILK,254,254,9882
382,WOOL,224,224,9984
382,FERTILIZER,100,100,10000
383,WHEAT,39,39,9816
383,CARROT,36,36,9984
383,TOMATO,69,69,9924
383,STRAWBERRY,218,218,9864
383,MELON,272,272,9989
383,EGG,57,57,9876
383,MILK,254,254,9882
383,WOOL,224,224,9984
383,FERTILIZER,100,100,10000
384,WHEAT,39,39,9816
384,CARROT,36,36,9984
384,TOMATO,69,69,9924
384,STRAWBERRY,218,218,9864
384,MELON,272,272,9989
384,EGG,57,57,9876
384,MILK,254,254,9882
384,WOOL,224,224,9984
384,FERTILIZER,100,100,10000
385,WHEAT,39,39,9811
385,CARROT,36,36,9983
385,TOMATO,69,69,9922
385,STRAWBERRY,219,218,9861
385,MELON,272,272,9988
385,EGG,58,57,9872
385,MILK,256,254,9879
385,WOOL,225,224,9983
385,FERTILIZER,100,100,10000
386,WHEAT,39,39,9811
386,CARROT,36,36,9983
386,TOMATO,69,69,9922
386,STRAWBERRY,219,219,9861
386,MELON,272,272,9988
386,EGG,58,58,9872
386,MILK,256,256,9879
386,WOOL,225,225,9983
386,FERTILIZER,100,100,10000
387,WHEAT,39,39,9811
387,CARROT,36,36,9983
387,TOMATO,69,69,9922
387,STRAWBERRY,219,219,9861
387,MELON,272,272,9988
387,EGG,58,58,9872
387,MILK,256,256,9879
387,WOOL,225,225,9983
387,FERTILIZER,100,100,10000
388,WHEAT,39,39,9811
388,CARROT,36,36,9983
388,TOMATO,69,69,9922
388,STRAWBERRY,219,219,9861
388,MELON,272,272,9988
388,EGG,58,58,9872
388,MILK,256,256,9879
388,WOOL,225,225,9983
388,FERTILIZER,100,100,10000
389,WHEAT,39,39,9807
389,CARROT,36,36,9983
389,TOMATO,69,69,9921
389,STRAWBERRY,220,219,9859
389,MELON,272,272,9988
389,EGG,58,58,9869
389,MILK,256,256,9877
389,WOOL,225,225,9983
389,FERTILIZER,100,100,10000
390,WHEAT,39,39,9807
390,CARROT,36,36,9983
390,TOMATO,69,69,9921
390,STRAWBERRY,220,220,9859
390,MELON,272,272,9988
390,EGG,58,58,9869
390,MILK,256,256,9877
390,WOOL,225,225,9983
390,FERTILIZER,100,100,10000
391,WHEAT,39,39,9807
391,CARROT,36,36,9983
391,TOMATO,69,69,9921
391,STRAWBERRY,220,220,9859
391,MELON,272,272,9988
391,EGG,58,58,9869
391,MILK,256,256,9877
391,WOOL,225,225,9983
391,FERTILIZER,100,100,10000
392,WHEAT,39,39,9807
392,CARROT,36,36,9983
392,TOMATO,69,69,9921
392,STRAWBERRY,220,220,9859
392,MELON,272,272,9988
392,EGG,58,58,9869
392,MILK,256,256,9877
392,WOOL,225,225,9983
392,FERTILIZER,100,100,10000
393,WHEAT,39,39,9803
393,CARROT,36,36,9983
393,TOMATO,70,69,9920
393,STRAWBERRY,220,220,9857
393,MELON,272,272,9988
393,EGG,58,58,9866
393,MILK,257,256,9875
393,WOOL,225,225,9983
393,FERTILIZER,100,100,10000
394,WHEAT,39,39,9803
394,CARROT,36,36,9983
394,TOMATO,70,70,9920
394,STRAWBERRY,220,220,9857
394,MELON,272,272,9988
394,EGG,58,58,9866
394,MILK,257,257,9875
394,WOOL,225,225,9983
394,FERTILIZER,100,100,10000
395,WHEAT,39,39,9803
395,CARROT,36,36,9983
395,TOMATO,70,70,9920
395,STRAWBERRY,220,220,9857
395,MELON,272,272,9988
395,EGG,58,58,9866
395,MILK,257,257,9875
395,WOOL,225,225,9983
395,FERTILIZER,100,100,10000
396,WHEAT,39,39,9803
396,CARROT,36,36,9983
396,TOMATO,70,70,9920
396,STRAWBERRY,220,220,9857
396,MELON,272,272,9988
396,EGG,58,58,9866
396,MILK,257,257,9875
396,WOOL,225,225,9983
396,FERTILIZER,100,100,10000
397,WHEAT,39,39,9799
397,CARROT,36,36,9983
397,TOMATO,70,70,9919
397,STRAWBERRY,221,220,9855
397,MELON,272,272,9988
397,EGG,58,58,9863
397,MILK,258,257,9873
397,WOOL,225,225,9983
397,FERTILIZER,100,100,10000
398,WHEAT,39,39,9799
398,CARROT,36,36,9983
398,TOMATO,70,70,9919
398,STRAWBERRY,221,221,9855
398,MELON,272,272,9988
398,EGG,58,58,9863
398,MILK,258,258,9873
398,WOOL,225,225,9983
398,FERTILIZER,100,100,10000
399,WHEAT,39,39,9799
399,CARROT,36,36,9983
399,TOMATO,70,70,9919
399,STRAWBERRY,221,221,9855
399,MELON,272,272,9988
399,EGG,58,58,9863
399,MILK,258,258,9873
399,WOOL,225,225,9983
399,FERTILIZER,100,100,10000
400,WHEAT,39,39,9799
400,CARROT,36,36,9983
400,TOMATO,70,70,9919
400,STRAWBERRY,221,221,9855
400,MELON,272,272,9988
400,EGG,58,58,9863
400,MILK,258,258,9873
400,WOOL,225,225,9983
400,FERTILIZER,100,100,10000
401,WHEAT,39,39,9795
401,CARROT,36,36,9983
401,TOMATO,70,70,9918
401,STRAWBERRY,222,221,9853
401,MELON,272,272,9988
401,EGG,58,58,9860
401,MILK,259,258,9871
401,WOOL,225,225,9983
401,FERTILIZER,100,100,10000
402,WHEAT,39,39,9795
402,CARROT,36,36,9983
402,TOMATO,70,70,9918
402,STRAWBERRY,222,222,9853
402,MELON,272,272,9988
402,EGG,58,58,9860
402,MILK,259,259,9871
402,WOOL,225,225,9983
402,FERTILIZER,100,100,10000
403,WHEAT,39,39,9795
403,CARROT,36,36,9983
403,TOMATO,70,70,9918
403,STRAWBERRY,222,222,9853
403,MELON,272,272,9988
403,EGG,58,58,9860
403,MILK,259,259,9871
403,WOOL,225,225,9983
403,FERTILIZER,100,100,10000
404,WHEAT,39,39,9795
404,CARROT,36,36,9983
404,TOMATO,70,70,9918
404,STRAWBERRY,222,222,9853
404,MELON,272,272,9988
404,EGG,58,58,9860
404,MILK,259,259,9871
404,WOOL,225,225,9983
404,FERTILIZER,100,100,10000
405,WHEAT,39,39,9791
405,CARROT,36,36,9983
405,TOMATO,70,70,9917
405,STRAWBERRY,223,222,9851
405,MELON,272,272,9988
405,EGG,59,58,9857
405,MILK,259,259,9869
405,WOOL,225,225,9983
405,FERTILIZER,100,100,10000
406,WHEAT,39,39,9791
406,CARROT,36,36,9983
406,TOMATO,70,70,9917
406,STRAWBERRY,223,223,9851
406,MELON,272,272,9988
406,EGG,59,59,9857
406,MILK,259,259,9869
406,WOOL,225,225,9983
406,FERTILIZER,100,100,10000
407,WHEAT,39,39,9791
407,CARROT,36,36,9983
407,TOMATO,70,70,9917
407,STRAWBERRY,223,223,9851
407,MELON,272,272,9988
407,EGG,59,59,9857
407,MILK,259,259,9869
407,WOOL,225,225,9983
407,FERTILIZER,100,100,10000
408,WHEAT,39,39,9791
408,CARROT,36,36,9983
408,TOMATO,70,70,9917
408,STRAWBERRY,223,223,9851
408,MELON,272,272,9988
408,EGG,59,59,9857
408,MILK,259,259,9869
408,WOOL,225,225,9983
408,FERTILIZER,100,100,10000
409,WHEAT,40,39,9786
409,CARROT,36,36,9982
409,TOMATO,70,70,9915
409,STRAWBERRY,224,223,9848
409,MELON,273,272,9987
409,EGG,59,59,9853
409,MILK,261,259,9866
409,WOOL,225,225,9982
409,FERTILIZER,100,100,10000
410,WHEAT,40,40,9786
410,CARROT,36,36,9982
410,TOMATO,70,70,9915
410,STRAWBERRY,224,224,9848
410,MELON,273,273,9987
410,EGG,59,59,9853
410,MILK,261,261,9866
410,WOOL,225,225,9982
410,FERTILIZER,100,100,10000
411,WHEAT,40,40,9786
411,CARROT,36,36,9982
411,TOMATO,70,70,9915
411,STRAWBERRY,224,224,9848
411,MELON,273,273,9987
411,EGG,59,59,9853
411,MILK,261,261,9866
411,WOOL,225,225,9982
411,FERTILIZER,100,100,10000
412,WHEAT,40,40,9786
412,CARROT,36,36,9982
412,TOMATO,70,70,9915
412,STRAWBERRY,224,224,9848
412,MELON,273,273,9987
412,EGG,59,59,9853
412,MILK,261,261,9866
412,WOOL,225,225,9982
412,FERTILIZER,100,100,10000
413,WHEAT,40,40,9782
413,CARROT,36,36,9982
413,TOMATO,70,70,9914
413,STRAWBERRY,224,224,9846
413,MELON,273,273,9987
413,EGG,59,59,9850
413,MILK,261,261,9864
413,WOOL,225,225,9982
413,FERTILIZER,100,100,10000
414,WHEAT,40,40,9782
414,CARROT,36,36,9982
414,TOMATO,70,70,9914
414,STRAWBERRY,224,224,9846
414,MELON,273,273,9987
414,EGG,59,59,9850
414,MILK,261,261,9864
414,WOOL,225,225,9982
414,FERTILIZER,100,100,10000
415,WHEAT,40,40,9782
415,CARROT,36,36,9982
415,TOMATO,70,70,9914
415,STRAWBERRY,224,224,9846
415,MELON,273,273,9987
415,EGG,59,59,9850
415,MILK,261,261,9864
415,WOOL,225,225,9982
415,FERTILIZER,100,100,10000
416,WHEAT,40,40,9782
416,CARROT,36,36,9982
416,TOMATO,70,70,9914
416,STRAWBERRY,224,224,9846
416,MELON,273,273,9987
416,EGG,59,59,9850
416,MILK,261,261,9864
416,WOOL,225,225,9982
416,FERTILIZER,100,100,10000
417,WHEAT,40,40,9778
417,CARROT,36,36,9982
417,TOMATO,70,70,9913
417,STRAWBERRY,225,224,9844
417,MELON,273,273,9987
417,EGG,59,59,9847
417,MILK,262,261,9862
417,WOOL,225,225,9982
417,FERTILIZER,100,100,10000
418,WHEAT,40,40,9778
418,CARROT,36,36,9982
418,TOMATO,70,70,9913
418,STRAWBERRY,225,225,9844
418,MELON,273,273,9987
418,EGG,59,59,9847
418,MILK,262,262,9862
418,WOOL,225,225,9982
418,FERTILIZER,100,100,10000
419,WHEAT,40,40,9778
419,CARROT,36,36,9982
419,TOMATO,70,70,9913
419,STRAWBERRY,225,225,9844
419,MELON,273,273,9987
419,EGG,59,59,9847
419,MILK,262,262,9862
419,WOOL,225,225,9982
419,FERTILIZER,100,100,10000
420,WHEAT,40,40,9778
420,CARROT,36,36,9982
420,TOMATO,70,70,9913
420,STRAWBERRY,225,225,9844
420,MELON,273,273,9987
420,EGG,59,59,9847
420,MILK,262,262,9862
420,WOOL,225,225,9982
420,FERTILIZER,100,100,10000
421,WHEAT,40,40,9774
421,CARROT,36,36,9982
421,TOMATO,71,70,9912
421,STRAWBERRY,226,225,9842
421,MELON,273,273,9987
421,EGG,59,59,9844
421,MILK,263,262,9860
421,WOOL,225,225,9982
421,FERTILIZER,100,100,10000
422,WHEAT,40,40,9774
422,CARROT,36,36,9982
422,TOMATO,71,71,9912
422,STRAWBERRY,226,226,9842
422,MELON,273,273,9987
422,EGG,59,59,9844
422,MILK,263,263,9860
422,WOOL,225,225,9982
422,FERTILIZER,100,100,10000
423,WHEAT,40,40,9774
423,CARROT,36,36,9982
423,TOMATO,71,71,9912
423,STRAWBERRY,226,226,9842
423,MELON,273,273,9987
423,EGG,59,59,9844
423,MILK,263,263,9860
423,WOOL,225,225,9982
423,FERTILIZER,100,100,10000
424,WHEAT,40,40,9774
424,CARROT,36,36,9982
424,TOMATO,71,71,9912
424,STRAWBERRY,226,226,9842
424,MELON,273,273,9987
424,EGG,59,59,9844
424,MILK,263,263,9860
424,WOOL,225,225,9982
424,FERTILIZER,100,100,10000
425,WHEAT,40,40,9770
425,CARROT,36,36,9982
425,TOMATO,71,71,9911
425,STRAWBERRY,226,226,9840
425,MELON,273,273,9987
425,EGG,60,59,9841
425,MILK,264,263,9858
425,WOOL,225,225,9982
425,FERTILIZER,100,100,10000
426,WHEAT,40,40,9770
426,CARROT,36,36,9982
426,TOMATO,71,71,9911
426,STRAWBERRY,226,226,9840
426,MELON,273,273,9987
426,EGG,60,60,9841
426,MILK,264,264,9858
426,WOOL,225,225,9982
426,FERTILIZER,100,100,10000
427,WHEAT,40,40,9770
427,CARROT,36,36,9982
427,TOMATO,71,71,9911
427,STRAWBERRY,226,226,9840
427,MELON,273,273,9987
427,EGG,60,60,9841
427,MILK,264,264,9858
427,WOOL,225,225,9982
427,FERTILIZER,100,100,10000
428,WHEAT,40,40,9770
428,CARROT,36,36,9982
428,TOMATO,71,71,9911
428,STRAWBERRY,226,226,9840
428,MELON,273,273,9987
428,EGG,60,60,9841
428,MILK,264,264,9858
428,WOOL,225,225,9982
428,FERTILIZER,100,100,10000
429,WHEAT,40,40,9766
429,CARROT,36,36,9982
429,TOMATO,71,71,9910
429,STRAWBERRY,227,226,9838
429,MELON,273,273,9987
429,EGG,60,60,9838
429,MILK,264,264,9856
429,WOOL,225,225,9982
429,FERTILIZER,100,100,10000
430,WHEAT,40,40,9766
430,CARROT,36,36,9982
430,TOMATO,71,71,9910
430,STRAWBERRY,227,227,9838
430,MELON,273,273,9987
430,EGG,60,60,9838
430,MILK,264,264,9856
430,WOOL,225,225,9982
430,FERTILIZER,100,100,10000
431,WHEAT,40,40,9766
431,CARROT,36,36,9982
431,TOMATO,71,71,9910
431,STRAWBERRY,227,227,9838
431,MELON,273,273,9987
431,EGG,60,60,9838
431,MILK,264,264,9856
431,WOOL,225,225,9982
431,FERTILIZER,100,100,10000
432,WHEAT,40,40,9766
432,CARROT,36,36,9982
432,TOMATO,71,71,9910
432,STRAWBERRY,227,227,9838
432,MELON,273,273,9987
432,EGG,60,60,9838
432,MILK,264,264,9856
432,WOOL,225,225,9982
432,FERTILIZER,100,100,10000
433,WHEAT,40,40,9761
433,CARROT,36,36,9981
433,TOMATO,71,71,9908
433,STRAWBERRY,228,227,9834
433,MELON,274,273,9986
433,EGG,60,60,9834
433,MILK,266,264,9852
433,WOOL,226,225,9981
433,FERTILIZER,100,100,10000
434,WHEAT,40,40,9761
434,CARROT,36,36,9981
434,TOMATO,71,71,9908
434,STRAWBERRY,228,228,9834
434,MELON,274,274,9986
434,EGG,60,60,9834
434,MILK,266,266,9852
434,WOOL,226,226,9981
434,FERTILIZER,100,100,10000
435,WHEAT,40,40,9761
435,CARROT,36,36,9981
435,TOMATO,71,71,9908
435,STRAWBERRY,228,228,9834
435,MELON,274,274,9986
435,EGG,60,60,9834
435,MILK,266,266,9852
435,WOOL,226,226,9981
435,FERTILIZER,100,100,10000
436,WHEAT,40,40,9761
436,CARROT,36,36,9981
436,TOMATO,71,71,9908
436,STRAWBERRY,228,228,9834
436,MELON,274,274,9986
436,EGG,60,60,9834
436,MILK,266,266,9852
436,WOOL,226,226,9981
436,FERTILIZER,100,100,10000
437,WHEAT,41,40,9757
437,CARROT,36,36,9981
437,TOMATO,71,71,9907
437,STRAWBERRY,229,228,9831
437,MELON,274,274,9986
437,EGG,60,60,9831
437,MILK,267,266,9849
437,WOOL,226,226,9981
437,FERTILIZER,100,100,10000
438,WHEAT,41,41,9757
438,CARROT,36,36,9981
438,TOMATO,71,71,9907
438,STRAWBERRY,229,229,9831
438,MELON,274,274,9986
438,EGG,60,60,9831
438,MILK,267,267,9849
438,WOOL,226,226,9981
438,FERTILIZER,100,100,10000
439,WHEAT,41,41,9757
439,CARROT,36,36,9981
439,TOMATO,71,71,9907
439,STRAWBERRY,229,229,9831
439,MELON,274,274,9986
439,EGG,60,60,9831
439,MILK,267,267,9849
439,WOOL,226,226,9981
439,FERTILIZER,100,100,10000
440,WHEAT,41,41,9757
440,CARROT,36,36,9981
440,TOMATO,71,71,9907
440,STRAWBERRY,229,229,9831
440,MELON,274,274,9986
440,EGG,60,60,9831
440,MILK,267,267,9849
440,WOOL,226,226,9981
440,FERTILIZER,100,100,10000
441,WHEAT,41,41,9753
441,CARROT,36,36,9981
441,TOMATO,71,71,9906
441,STRAWBERRY,230,229,9828
441,MELON,274,274,9986
441,EGG,60,60,9828
441,MILK,268,267,9846
441,WOOL,226,226,9981
441,FERTILIZER,100,100,10000
442,WHEAT,41,41,9753
442,CARROT,36,36,9981
442,TOMATO,71,71,9906
442,STRAWBERRY,230,230,9828
442,MELON,274,274,9986
442,EGG,60,60,9828
442,MILK,268,268,9846
442,WOOL,226,226,9981
442,FERTILIZER,100,100,10000
443,WHEAT,41,41,9753
443,CARROT,36,36,9981
443,TOMATO,71,71,9906
443,STRAWBERRY,230,230,9828
443,MELON,274,274,9986
443,EGG,60,60,9828
443,MILK,268,268,9846
443,WOOL,226,226,9981
443,FERTILIZER,100,100,10000
444,WHEAT,41,41,9753
444,CARROT,36,36,9981
444,TOMATO,71,71,9906
444,STRAWBERRY,230,230,9828
444,MELON,274,274,9986
444,EGG,60,60,9828
444,MILK,268,268,9846
444,WOOL,226,226,9981
444,FERTILIZER,100,100,10000
445,WHEAT,41,41,9749
445,CARROT,36,36,9981
445,TOMATO,71,71,9905
445,STRAWBERRY,231,230,9825
445,MELON,274,274,9986
445,EGG,61,60,9825
445,MILK,269,268,9843
445,WOOL,226,226,9981
445,FERTILIZER,100,100,10000
446,WHEAT,41,41,9749
446,CARROT,36,36,9981
446,TOMATO,71,71,9905
446,STRAWBERRY,231,231,9825
446,MELON,274,274,9986
446,EGG,61,61,9825
446,MILK,269,269,9843
446,WOOL,226,226,9981
446,FERTILIZER,100,100,10000
447,WHEAT,41,41,9749
447,CARROT,36,36,9981
447,TOMATO,71,71,9905
447,STRAWBERRY,231,231,9825
447,MELON,274,274,9986
447,EGG,61,61,9825
447,MILK,269,269,9843
447,WOOL,226,226,9981
447,FERTILIZER,100,100,10000
448,WHEAT,41,41,9749
448,CARROT,36,36,9981
448,TOMATO,71,71,9905
448,STRAWBERRY,231,231,9825
448,MELON,274,274,9986
448,EGG,61,61,9825
448,MILK,269,269,9843
448,WOOL,226,226,9981
448,FERTILIZER,100,100,10000
449,WHEAT,41,41,9745
449,CARROT,36,36,9981
449,TOMATO,72,71,9904
449,STRAWBERRY,232,231,9822
449,MELON,274,274,9986
449,EGG,61,61,9822
449,MILK,270,269,9840
449,WOOL,226,226,9981
449,FERTILIZER,100,100,10000
450,WHEAT,41,41,9745
450,CARROT,36,36,9981
450,TOMATO,72,72,9904
450,STRAWBERRY,232,232,9822
450,MELON,274,274,9986
450,EGG,61,61,9822
450,MILK,270,270,9840
450,WOOL,226,226,9981
450,FERTILIZER,100,100,10000
451,WHEAT,41,41,9745
451,CARROT,36,36,9981
451,TOMATO,72,72,9904
451,STRAWBERRY,232,232,9822
451,MELON,274,274,9986
451,EGG,61,61,9822
451,MILK,270,270,9840
451,WOOL,226,226,9981
451,FERTILIZER,100,100,10000
452,WHEAT,41,41,9745
452,CARROT,36,36,9981
452,TOMATO,72,72,9904
452,STRAWBERRY,232,232,9822
452,MELON,274,274,9986
452,EGG,61,61,9822
452,MILK,270,270,9840
452,WOOL,226,226,9981
452,FERTILIZER,100,100,10000
453,WHEAT,41,41,9741
453,CARROT,36,36,9981
453,TOMATO,72,72,9903
453,STRAWBERRY,233,232,9819
453,MELON,274,274,9986
453,EGG,61,61,9819
453,MILK,271,270,9837
453,WOOL,226,226,9981
453,FERTILIZER,100,100,10000
454,WHEAT,41,41,9741
454,CARROT,36,36,9981
454,TOMATO,72,72,9903
454,STRAWBERRY,233,233,9819
454,MELON,274,274,9986
454,EGG,61,61,9819
454,MILK,271,271,9837
454,WOOL,226,226,9981
454,FERTILIZER,100,100,10000
455,WHEAT,41,41,9741
455,CARROT,36,36,9981
455,TOMATO,72,72,9903
455,STRAWBERRY,233,233,9819
455,MELON,274,274,9986
455,EGG,61,61,9819
455,MILK,271,271,9837
455,WOOL,226,226,9981
455,FERTILIZER,100,100,10000
456,WHEAT,41,41,9741
456,CARROT,36,36,9981
456,TOMATO,72,72,9903
456,STRAWBERRY,233,233,9819
456,MELON,274,274,9986
456,EGG,61,61,9819
456,MILK,271,271,9837
456,WOOL,226,226,9981
456,FERTILIZER,100,100,10000
457,WHEAT,41,41,9736
457,CARROT,37,36,9980
457,TOMATO,72,72,9901
457,STRAWBERRY,234,233,9815
457,MELON,274,274,9985
457,EGG,61,61,9815
457,MILK,272,271,9833
457,WOOL,226,226,9980
457,FERTILIZER,100,100,10000
458,WHEAT,41,41,9736
458,CARROT,37,37,9980
458,TOMATO,72,72,9901
458,STRAWBERRY,234,234,9815
458,MELON,274,274,9985
458,EGG,61,61,9815
458,MILK,272,272,9833
458,WOOL,226,226,9980
458,FERTILIZER,100,100,10000
459,WHEAT,41,41,9736
459,CARROT,37,37,9980
459,TOMATO,72,72,9901
459,STRAWBERRY,234,234,9815
459,MELON,274,274,9985
459,EGG,61,61,9815
459,MILK,272,272,9833
459,WOOL,226,226,9980
459,FERTILIZER,100,100,10000
460,WHEAT,41,41,9736
460,CARROT,37,37,9980
460,TOMATO,72,72,9901
460,STRAWBERRY,234,234,9815
460,MELON,274,274,9985
460,EGG,61,61,9815
460,MILK,272,272,9833
460,WOOL,226,226,9980
460,FERTILIZER,100,100,10000
461,WHEAT,41,41,9732
461,CARROT,37,37,9980
461,TOMATO,72,72,9900
461,STRAWBERRY,235,234,9812
461,MELON,274,274,9985
461,EGG,61,61,9812
461,MILK,273,272,9830
461,WOOL,226,226,9980
461,FERTILIZER,100,100,10000
462,WHEAT,41,41,9732
462,CARROT,37,37,9980
462,TOMATO,72,72,9900
462,STRAWBERRY,235,235,9812
462,MELON,274,274,9985
462,EGG,61,61,9812
462,MILK,273,273,9830
462,WOOL,226,226,9980
462,FERTILIZER,100,100,10000
463,WHEAT,41,41,9732
463,CARROT,37,37,9980
463,TOMATO,72,72,9900
463,STRAWBERRY,235,235,9812
463,MELON,274,274,9985
463,EGG,61,61,9812
463,MILK,273,273,9830
463,WOOL,226,226,9980
463,FERTILIZER,100,100,10000
464,WHEAT,41,41,9732
464,CARROT,37,37,9980
464,TOMATO,72,72,9900
464,STRAWBERRY,235,235,9812
464,MELON,274,274,9985
464,EGG,61,61,9812
464,MILK,273,273,9830
464,WOOL,226,226,9980
464,FERTILIZER,100,100,10000
465,WHEAT,41,41,9728
465,CARROT,37,37,9980
465,TOMATO,72,72,9899
465,STRAWBERRY,236,235,9809
465,MELON,274,274,9985
465,EGG,62,61,9809
465,MILK,274,273,9827
465,WOOL,226,226,9980
465,FERTILIZER,100,100,10000
466,WHEAT,41,41,9728
466,CARROT,37,37,9980
466,TOMATO,72,72,9899
466,STRAWBERRY,236,236,9809
466,MELON,274,274,9985
466,EGG,62,62,9809
466,MILK,274,274,9827
466,WOOL,226,226,9980
466,FERTILIZER,100,100,10000
467,WHEAT,41,41,9728
467,CARROT,37,37,9980
467,TOMATO,72,72,9899
467,STRAWBERRY,236,236,9809
467,MELON,274,274,9985
467,EGG,62,62,9809
467,MILK,274,274,9827
467,WOOL,226,226,9980
467,FERTILIZER,100,100,10000
468,WHEAT,41,41,9728
468,CARROT,37,37,9980
468,TOMATO,72,72,9899
468,STRAWBERRY,236,236,9809
468,MELON,274,274,9985
468,EGG,62,62,9809
468,MILK,274,274,9827
468,WOOL,226,226,9980
468,FERTILIZER,100,100,10000
469,WHEAT,42,41,9724
469,CARROT,37,37,9980
469,TOMATO,72,72,9898
469,STRAWBERRY,237,236,9806
469,MELON,274,274,9985
469,EGG,62,62,9806
469,MILK,275,274,9824
469,WOOL,226,226,9980
469,FERTILIZER,100,100,10000
470,WHEAT,42,42,9724
470,CARROT,37,37,9980
470,TOMATO,72,72,9898
470,STRAWBERRY,237,237,9806
470,MELON,274,274,9985
470,EGG,62,62,9806
470,MILK,275,275,9824
470,WOOL,226,226,9980
470,FERTILIZER,100,100,10000
471,WHEAT,42,42,9724
471,CARROT,37,37,9980
471,TOMATO,72,72,9898
471,STRAWBERRY,237,237,9806
471,MELON,274,274,9985
471,EGG,62,62,9806
471,MILK,275,275,9824
471,WOOL,226,226,9980
471,FERTILIZER,100,100,10000
472,WHEAT,42,42,9724
472,CARROT,37,37,9980
472,TOMATO,72,72,9898
472,STRAWBERRY,237,237,9806
472,MELON,274,274,9985
472,EGG,62,62,9806
472,MILK,275,275,9824
472,WOOL,226,226,9980
472,FERTILIZER,100,100,10000
473,WHEAT,42,42,9720
473,CARROT,37,37,9980
473,TOMATO,72,72,9897
473,STRAWBERRY,238,237,9803
473,MELON,274,274,9985
473,EGG,62,62,9803
473,MILK,276,275,9821
473,WOOL,226,226,9980
473,FERTILIZER,100,100,10000
474,WHEAT,42,42,9720
474,CARROT,37,37,9980
474,TOMATO,72,72,9897
474,STRAWBERRY,238,238,9803
474,MELON,274,274,9985
474,EGG,62,62,9803
474,MILK,276,276,9821
474,WOOL,226,226,9980
474,FERTILIZER,100,100,10000
475,WHEAT,42,42,9720
475,CARROT,37,37,9980
475,TOMATO,72,72,9897
475,STRAWBERRY,238,238,9803
475,MELON,274,274,9985
475,EGG,62,62,9803
475,MILK,276,276,9821
475,WOOL,226,226,9980
475,FERTILIZER,100,100,10000
476,WHEAT,42,42,9720
476,CARROT,37,37,9980
476,TOMATO,72,72,9897
476,STRAWBERRY,238,238,9803
476,MELON,274,274,9985
476,EGG,62,62,9803
476,MILK,276,276,9821
476,WOOL,226,226,9980
476,FERTILIZER,100,100,10000
477,WHEAT,42,42,9716
477,CARROT,37,37,9980
477,TOMATO,72,72,9896
477,STRAWBERRY,239,238,9800
477,MELON,274,274,9985
477,EGG,62,62,9800
477,MILK,277,276,9818
477,WOOL,226,226,9980
477,FERTILIZER,100,100,10000
478,WHEAT,42,42,9716
478,CARROT,37,37,9980
478,TOMATO,72,72,9896
478,STRAWBERRY,239,239,9800
478,MELON,274,274,9985
478,EGG,62,62,9800
478,MILK,277,277,9818
478,WOOL,226,226,9980
478,FERTILIZER,100,100,10000
479,WHEAT,42,42,9716
479,CARROT,37,37,9980
479,TOMATO,72,72,9896
479,STRAWBERRY,239,239,9800
479,MELON,274,274,9985
479,EGG,62,62,9800
479,MILK,277,277,9818
479,WOOL,226,226,9980
479,FERTILIZER,100,100,10000
480,WHEAT,42,42,9716
480,CARROT,37,37,9980
480,TOMATO,72,72,9896
480,STRAWBERRY,239,239,9800
480,MELON,274,274,9985
480,EGG,62,62,9800
480,MILK,277,277,9818
480,WOOL,226,226,9980
480,FERTILIZER,100,100,10000
481,WHEAT,42,42,9711
481,CARROT,37,37,9979
481,TOMATO,73,72,9894
481,STRAWBERRY,240,239,9796
481,MELON,275,274,9984
481,EGG,62,62,9796
481,MILK,279,277,9814
481,WOOL,227,226,9979
481,FERTILIZER,100,100,10000
482,WHEAT,42,42,9711
482,CARROT,37,37,9979
482,TOMATO,73,73,9894
482,STRAWBERRY,240,240,9796
482,MELON,275,275,9984
482,EGG,62,62,9796
482,MILK,279,279,9814
482,WOOL,227,227,9979
482,FERTILIZER,100,100,10000
483,WHEAT,42,42,9711
483,CARROT,37,37,9979
483,TOMATO,73,73,9894
483,STRAWBERRY,240,240,9796
483,MELON,275,275,9984
483,EGG,62,62,9796
483,MILK,279,279,9814
483,WOOL,227,227,9979
483,FERTILIZER,100,100,10000
484,WHEAT,42,42,9711
484,CARROT,37,37,9979
484,TOMATO,73,73,9894
484,STRAWBERRY,240,240,9796
484,MELON,275,275,9984
484,EGG,62,62,9796
484,MILK,279,279,9814
484,WOOL,227,227,9979
484,FERTILIZER,100,100,10000
485,WHEAT,42,42,9707
485,CARROT,37,37,9979
485,TOMATO,73,73,9893
485,STRAWBERRY,241,240,9793
485,MELON,275,275,9984
485,EGG,62,62,9793
485,MILK,279,279,9811
485,WOOL,227,227,9979
485,FERTILIZER,100,100,10000
486,WHEAT,42,42,9707
486,CARROT,37,37,9979
486,TOMATO,73,73,9893
486,STRAWBERRY,241,241,9793
486,MELON,275,275,9984
486,EGG,62,62,9793
486,MILK,279,279,9811
486,WOOL,227,227,9979
486,FERTILIZER,100,100,10000
487,WHEAT,42,42,9707
487,CARROT,37,37,9979
487,TOMATO,73,73,9893
487,STRAWBERRY,241,241,9793
487,MELON,275,275,9984
487,EGG,62,62,9793
487,MILK,279,279,9811
487,WOOL,227,227,9979
487,FERTILIZER,100,100,10000
488,WHEAT,42,42,9707
488,CARROT,37,37,9979
488,TOMATO,73,73,9893
488,STRAWBERRY,241,241,9793
488,MELON,275,275,9984
488,EGG,62,62,9793
488,MILK,279,279,9811
488,WOOL,227,227,9979
488,FERTILIZER,100,100,10000
489,WHEAT,42,42,9703
489,CARROT,37,37,9979
489,TOMATO,73,73,9892
489,STRAWBERRY,242,241,9790
489,MELON,275,275,9984
489,EGG,63,62,9790
489,MILK,280,279,9808
489,WOOL,227,227,9979
489,FERTILIZER,100,100,10000
490,WHEAT,42,42,9703
490,CARROT,37,37,9979
490,TOMATO,73,73,9892
490,STRAWBERRY,242,242,9790
490,MELON,275,275,9984
490,EGG,63,63,9790
490,MILK,280,280,9808
490,WOOL,227,227,9979
490,FERTILIZER,100,100,10000
491,WHEAT,42,42,9703
491,CARROT,37,37,9979
491,TOMATO,73,73,9892
491,STRAWBERRY,242,242,9790
491,MELON,275,275,9984
491,EGG,63,63,9790
491,MILK,280,280,9808
491,WOOL,227,227,9979
491,FERTILIZER,100,100,10000
492,WHEAT,42,42,9703
492,CARROT,37,37,9979
492,TOMATO,73,73,9892
492,STRAWBERRY,242,242,9790
492,MELON,275,275,9984
492,EGG,63,63,9790
492,MILK,280,280,9808
492,WOOL,227,227,9979
492,FERTILIZER,100,100,10000
493,WHEAT,42,42,9699
493,CARROT,37,37,9979
493,TOMATO,73,73,9891
493,STRAWBERRY,243,242,9787
493,MELON,275,275,9984
493,EGG,63,63,9787
493,MILK,281,280,9805
493,WOOL,227,227,9979
493,FERTILIZER,100,100,10000
494,WHEAT,42,42,9699
494,CARROT,37,37,9979
494,TOMATO,73,73,9891
494,STRAWBERRY,243,243,9787
494,MELON,275,275,9984
494,EGG,63,63,9787
494,MILK,281,281,9805
494,WOOL,227,227,9979
494,FERTILIZER,100,100,10000
495,WHEAT,42,42,9699
495,CARROT,37,37,9979
495,TOMATO,73,73,9891
495,STRAWBERRY,243,243,9787
495,MELON,275,275,9984
495,EGG,63,63,9787
495,MILK,281,281,9805
495,WOOL,227,227,9979
495,FERTILIZER,100,100,10000
496,WHEAT,42,42,9699
496,CARROT,37,37,9979
496,TOMATO,73,73,9891
496,STRAWBERRY,243,243,9787
496,MELON,275,275,9984
496,EGG,63,63,9787
496,MILK,281,281,9805
496,WOOL,227,227,9979
496,FERTILIZER,100,100,10000
497,WHEAT,42,42,9695
497,CARROT,37,37,9979
497,TOMATO,73,73,9890
497,STRAWBERRY,243,243,9784
497,MELON,275,275,9984
497,EGG,63,63,9784
497,MILK,282,281,9802
497,WOOL,227,227,9979
497,FERTILIZER,100,100,10000
498,WHEAT,42,42,9695
498,CARROT,37,37,9979
498,TOMATO,73,73,9890
498,STRAWBERRY,243,243,9784
498,MELON,275,275,9984
498,EGG,63,63,9784
498,MILK,282,282,9802
498,WOOL,227,227,9979
498,FERTILIZER,100,100,10000
499,WHEAT,42,42,9695
499,CARROT,37,37,9979
499,TOMATO,73,73,9890
499,STRAWBERRY,243,243,9784
499,MELON,275,275,9984
499,EGG,63,63,9784
499,MILK,282,282,9802
499,WOOL,227,227,9979
499,FERTILIZER,100,100,10000
500,WHEAT,42,42,9695
500,CARROT,37,37,9979
500,TOMATO,73,73,9890
500,STRAWBERRY,243,243,9784
500,MELON,275,275,9984
500,EGG,63,63,9784
500,MILK,282,282,9802
500,WOOL,227,227,9979
500,FERTILIZER,100,100,10000
501,WHEAT,43,42,9691
501,CARROT,37,37,9979
501,TOMATO,73,73,9889
501,STRAWBERRY,244,243,9781
501,MELON,275,275,9984
501,EGG,63,63,9781
501,MILK,283,282,9799
501,WOOL,227,227,9979
501,FERTILIZER,100,100,10000
502,WHEAT,43,43,9691
502,CARROT,37,37,9979
502,TOMATO,73,73,9889
502,STRAWBERRY,244,244,9781
502,MELON,275,275,9984
502,EGG,63,63,9781
502,MILK,283,283,9799
502,WOOL,227,227,9979
502,FERTILIZER,100,100,10000
503,WHEAT,43,43,9691
503,CARROT,37,37,9979
503,TOMATO,73,73,9889
503,STRAWBERRY,244,244,9781
503,MELON,275,275,9984
503,EGG,63,63,9781
503,MILK,283,283,9799
503,WOOL,227,227,9979
503,FERTILIZER,100,100,10000
504,WHEAT,43,43,9691
504,CARROT,37,37,9979
504,TOMATO,73,73,9889
504,STRAWBERRY,244,244,9781
504,MELON,275,275,9984
504,EGG,63,63,9781
504,MILK,283,283,9799
504,WOOL,227,227,9979
504,FERTILIZER,100,100,10000
505,WHEAT,43,43,9685
505,CARROT,37,37,9977
505,TOMATO,74,73,9886
505,STRAWBERRY,246,244,9776
505,MELON,275,275,9983
505,EGG,63,63,9777
505,MILK,284,283,9795
505,WOOL,227,227,9978
505,FERTILIZER,100,100,10000
506,WHEAT,43,43,9685
506,CARROT,37,37,9977
506,TOMATO,74,74,9886
506,STRAWBERRY,246,246,9776
506,MELON,275,275,9983
506,EGG,63,63,9777
506,MILK,284,284,9795
506,WOOL,227,227,9978
506,FERTILIZER,100,100,10000
507,WHEAT,43,43,9685
507,CARROT,37,37,9977
507,TOMATO,74,74,9886
507,STRAWBERRY,246,246,9776
507,MELON,275,275,9983
507,EGG,63,63,9777
507,MILK,284,284,9795
507,WOOL,227,227,9978
507,FERTILIZER,100,100,10000
508,WHEAT,43,43,9685
508,CARROT,37,37,9977
508,TOMATO,74,74,9886
508,STRAWBERRY,246,246,9776
508,MELON,275,275,9983
508,EGG,63,63,9777
508,MILK,284,284,9795
508,WOOL,227,227,9978
508,FERTILIZER,100,100,10000
509,WHEAT,43,43,9680
509,CARROT,37,37,9976
509,TOMATO,74,74,9884
509,STRAWBERRY,247,246,9772
509,MELON,275,275,9983
509,EGG,64,63,9774
509,MILK,285,284,9792
509,WOOL,227,227,9978
509,FERTILIZER,100,100,10000
510,WHEAT,43,43,9680
510,CARROT,37,37,9976
510,TOMATO,74,74,9884
510,STRAWBERRY,247,247,9772
510,MELON,275,275,9983
510,EGG,64,64,9774
510,MILK,285,285,9792
510,WOOL,227,227,9978
510,FERTILIZER,100,100,10000
511,WHEAT,43,43,9680
511,CARROT,37,37,9976
511,TOMATO,74,74,9884
511,STRAWBERRY,247,247,9772
511,MELON,275,275,9983
511,EGG,64,64,9774
511,MILK,285,285,9792
511,WOOL,227,227,9978
511,FERTILIZER,100,100,10000
512,WHEAT,43,43,9680
512,CARROT,37,37,9976
512,TOMATO,74,74,9884
512,STRAWBERRY,247,247,9772
512,MELON,275,275,9983
512,EGG,64,64,9774
512,MILK,285,285,9792
512,WOOL,227,227,9978
512,FERTILIZER,100,100,10000
513,WHEAT,43,43,9675
513,CARROT,37,37,9975
513,TOMATO,74,74,9882
513,STRAWBERRY,248,247,9768
513,MELON,275,275,9983
513,EGG,64,64,9771
513,MILK,286,285,9789
513,WOOL,227,227,9978
513,FERTILIZER,100,100,10000
514,WHEAT,43,43,9675
514,CARROT,37,37,9975
514,TOMATO,74,74,9882
514,STRAWBERRY,248,248,9768
514,MELON,275,275,9983
514,EGG,64,64,9771
514,MILK,286,286,9789
514,WOOL,227,227,9978
514,FERTILIZER,100,100,10000
515,WHEAT,43,43,9675
515,CARROT,37,37,9975
515,TOMATO,74,74,9882
515,STRAWBERRY,248,248,9768
515,MELON,275,275,9983
515,EGG,64,64,9771
515,MILK,286,286,9789
515,WOOL,227,227,9978
515,FERTILIZER,100,100,10000
516,WHEAT,43,43,9675
516,CARROT,37,37,9975
516,TOMATO,74,74,9882
516,STRAWBERRY,248,248,9768
516,MELON,275,275,9983
516,EGG,64,64,9771
516,MILK,286,286,9789
516,WOOL,227,227,9978
516,FERTILIZER,100,100,10000
517,WHEAT,43,43,9670
517,CARROT,37,37,9974
517,TOMATO,74,74,9880
517,STRAWBERRY,249,248,9764
517,MELON,275,275,9983
517,EGG,64,64,9768
517,MILK,287,286,9786
517,WOOL,227,227,9978
517,FERTILIZER,100,100,10000
518,WHEAT,43,43,9670
518,CARROT,37,37,9974
518,TOMATO,74,74,9880
518,STRAWBERRY,249,249,9764
518,MELON,275,275,9983
518,EGG,64,64,9768
518,MILK,287,287,9786
518,WOOL,227,227,9978
518,FERTILIZER,100,100,10000
519,WHEAT,43,43,9670
519,CARROT,37,37,9974
519,TOMATO,74,74,9880
519,STRAWBERRY,249,249,9764
519,MELON,275,275,9983
519,EGG,64,64,9768
519,MILK,287,287,9786
519,WOOL,227,227,9978
519,FERTILIZER,100,100,10000
520,WHEAT,43,43,9670
520,CARROT,37,37,9974
520,TOMATO,74,74,9880
520,STRAWBERRY,249,249,9764
520,MELON,275,275,9983
520,EGG,64,64,9768
520,MILK,287,287,9786
520,WOOL,227,227,9978
520,FERTILIZER,100,100,10000
521,WHEAT,43,43,9665
521,CARROT,37,37,9973
521,TOMATO,75,74,9878
521,STRAWBERRY,250,249,9760
521,MELON,275,275,9983
521,EGG,64,64,9765
521,MILK,288,287,9783
521,WOOL,227,227,9978
521,FERTILIZER,100,100,10000
522,WHEAT,43,43,9665
522,CARROT,37,37,9973
522,TOMATO,75,75,9878
522,STRAWBERRY,250,250,9760
522,MELON,275,275,9983
522,EGG,64,64,9765
522,MILK,288,288,9783
522,WOOL,227,227,9978
522,FERTILIZER,100,100,10000
523,WHEAT,43,43,9665
523,CARROT,37,37,9973
523,TOMATO,75,75,9878
523,STRAWBERRY,250,250,9760
523,MELON,275,275,9983
523,EGG,64,64,9765
523,MILK,288,288,9783
523,WOOL,227,227,9978
523,FERTILIZER,100,100,10000
524,WHEAT,43,43,9665
524,CARROT,37,37,9973
524,TOMATO,75,75,9878
524,STRAWBERRY,250,250,9760
524,MELON,275,275,9983
524,EGG,64,64,9765
524,MILK,288,288,9783
524,WOOL,227,227,9978
524,FERTILIZER,100,100,10000
525,WHEAT,43,43,9660
525,CARROT,37,37,9972
525,TOMATO,75,75,9876
525,STRAWBERRY,251,250,9756
525,MELON,275,275,9983
525,EGG,64,64,9762
525,MILK,289,288,9780
525,WOOL,227,227,9978
525,FERTILIZER,100,100,10000
526,WHEAT,43,43,9660
526,CARROT,37,37,9972
526,TOMATO,75,75,9876
526,STRAWBERRY,251,251,9756
526,MELON,275,275,9983
526,EGG,64,64,9762
526,MILK,289,289,9780
526,WOOL,227,227,9978
526,FERTILIZER,100,100,10000
527,WHEAT,43,43,9660
527,CARROT,37,37,9972
527,TOMATO,75,75,9876
527,STRAWBERRY,251,251,9756
527,MELON,275,275,9983
527,EGG,64,64,9762
527,MILK,289,289,9780
527,WOOL,227,227,9978
527,FERTILIZER,100,100,10000
528,WHEAT,43,43,9660
528,CARROT,37,37,9972
528,TOMATO,75,75,9876
528,STRAWBERRY,251,251,9756
528,MELON,275,275,9983
528,EGG,64,64,9762
528,MILK,289,289,9780
528,WOOL,227,227,9978
528,FERTILIZER,100,100,10000
529,WHEAT,44,43,9654
529,CARROT,37,37,9970
529,TOMATO,75,75,9873
529,STRAWBERRY,253,251,9751
529,MELON,276,275,9982
529,EGG,65,64,9758
529,MILK,290,289,9776
529,WOOL,227,227,9977
529,FERTILIZER,100,100,10000
530,WHEAT,44,44,9654
530,CARROT,37,37,9970
530,TOMATO,75,75,9873
530,STRAWBERRY,253,253,9751
530,MELON,276,276,9982
530,EGG,65,65,9758
530,MILK,290,290,9776
530,WOOL,227,227,9977
530,FERTILIZER,100,100,10000
531,WHEAT,44,44,9654
531,CARROT,37,37,9970
531,TOMATO,75,75,9873
531,STRAWBERRY,253,253,9751
531,MELON,276,276,9982
531,EGG,65,65,9758
531,MILK,290,290,9776
531,WOOL,227,227,9977
531,FERTILIZER,100,100,10000
532,WHEAT,44,44,9654
532,CARROT,37,37,9970
532,TOMATO,75,75,9873
532,STRAWBERRY,253,253,9751
532,MELON,276,276,9982
532,EGG,65,65,9758
532,MILK,290,290,9776
532,WOOL,227,227,9977
532,FERTILIZER,100,100,10000
533,WHEAT,44,44,9649
533,CARROT,37,37,9969
533,TOMATO,75,75,9871
533,STRAWBERRY,254,253,9747
533,MELON,276,276,9982
533,EGG,65,65,9755
533,MILK,291,290,9773
533,WOOL,227,227,9977
533,FERTILIZER,100,100,10000
534,WHEAT,44,44,9649
534,CARROT,37,37,9969
534,TOMATO,75,75,9871
534,STRAWBERRY,254,254,9747
534,MELON,276,276,9982
534,EGG,65,65,9755
534,MILK,291,291,9773
534,WOOL,227,227,9977
534,FERTILIZER,100,100,10000
535,WHEAT,44,44,9649
535,CARROT,37,37,9969
535,TOMATO,75,75,9871
535,STRAWBERRY,254,254,9747
535,MELON,276,276,9982
535,EGG,65,65,9755
535,MILK,291,291,9773
535,WOOL,227,227,9977
535,FERTILIZER,100,100,10000
536,WHEAT,44,44,9649
536,CARROT,37,37,9969
536,TOMATO,75,75,9871
536,STRAWBERRY,254,254,9747
536,MELON,276,276,9982
536,EGG,65,65,9755
536,MILK,291,291,9773
536,WOOL,227,227,9977
536,FERTILIZER,100,100,10000
537,WHEAT,44,44,9644
537,CARROT,37,37,9968
537,TOMATO,76,75,9869
537,STRAWBERRY,255,254,9743
537,MELON,276,276,9982
537,EGG,65,65,9752
537,MILK,292,291,9770
537,WOOL,227,227,9977
537,FERTILIZER,100,100,10000
538,WHEAT,44,44,9644
538,CARROT,37,37,9968
538,TOMATO,76,76,9869
538,STRAWBERRY,255,255,9743
538,MELON,276,276,9982
538,EGG,65,65,9752
538,MILK,292,292,9770
538,WOOL,227,227,9977
538,FERTILIZER,100,100,10000
539,WHEAT,44,44,9644
539,CARROT,37,37,9968
539,TOMATO,76,76,9869
539,STRAWBERRY,255,255,9743
539,MELON,276,276,9982
539,EGG,65,65,9752
539,MILK,292,292,9770
539,WOOL,227,227,9977
539,FERTILIZER,100,100,10000
540,WHEAT,44,44,9644
540,CARROT,37,37,9968
540,TOMATO,76,76,9869
540,STRAWBERRY,255,255,9743
540,MELON,276,276,9982
540,EGG,65,65,9752
540,MILK,292,292,9770
540,WOOL,227,227,9977
540,FERTILIZER,100,100,10000
541,WHEAT,44,44,9639
541,CARROT,38,37,9967
541,TOMATO,76,76,9867
541,STRAWBERRY,256,255,9739
541,MELON,276,276,9982
541,EGG,65,65,9749
541,MILK,293,292,9767
541,WOOL,227,227,9977
541,FERTILIZER,100,100,10000
542,WHEAT,44,44,9639
542,CARROT,38,38,9967
542,TOMATO,76,76,9867
542,STRAWBERRY,256,256,9739
542,MELON,276,276,9982
542,EGG,65,65,9749
542,MILK,293,293,9767
542,WOOL,227,227,9977
542,FERTILIZER,100,100,10000
543,WHEAT,44,44,9639
543,CARROT,38,38,9967
543,TOMATO,76,76,9867
543,STRAWBERRY,256,256,9739
543,MELON,276,276,9982
543,EGG,65,65,9749
543,MILK,293,293,9767
543,WOOL,227,227,9977
543,FERTILIZER,100,100,10000
544,WHEAT,44,44,9639
544,CARROT,38,38,9967
544,TOMATO,76,76,9867
544,STRAWBERRY,256,256,9739
544,MELON,276,276,9982
544,EGG,65,65,9749
544,MILK,293,293,9767
544,WOOL,227,227,9977
544,FERTILIZER,100,100,10000
545,WHEAT,44,44,9634
545,CARROT,38,38,9966
545,TOMATO,76,76,9865
545,STRAWBERRY,257,256,9735
545,MELON,276,276,9982
545,EGG,65,65,9746
545,MILK,294,293,9764
545,WOOL,227,227,9977
545,FERTILIZER,100,100,10000
546,WHEAT,44,44,9634
546,CARROT,38,38,9966
546,TOMATO,76,76,9865
546,STRAWBERRY,257,257,9735
546,MELON,276,276,9982
546,EGG,65,65,9746
546,MILK,294,294,9764
546,WOOL,227,227,9977
546,FERTILIZER,100,100,10000
547,WHEAT,44,44,9634
547,CARROT,38,38,9966
547,TOMATO,76,76,9865
547,STRAWBERRY,257,257,9735
547,MELON,276,276,9982
547,EGG,65,65,9746
547,MILK,294,294,9764
547,WOOL,227,227,9977
547,FERTILIZER,100,100,10000
548,WHEAT,44,44,9634
548,CARROT,38,38,9966
548,TOMATO,76,76,9865
548,STRAWBERRY,257,257,9735
548,MELON,276,276,9982
548,EGG,65,65,9746
548,MILK,294,294,9764
548,WOOL,227,227,9977
548,FERTILIZER,100,100,10000
549,WHEAT,44,44,9629
549,CARROT,38,38,9965
549,TOMATO,76,76,9863
549,STRAWBERRY,258,257,9731
549,MELON,276,276,9982
549,EGG,65,65,9743
549,MILK,294,294,9761
549,WOOL,227,227,9977
549,FERTILIZER,100,100,10000
550,WHEAT,44,44,9629
550,CARROT,38,38,9965
550,TOMATO,76,76,9863
550,STRAWBERRY,258,258,9731
550,MELON,276,276,9982
550,EGG,65,65,9743
550,MILK,294,294,9761
550,WOOL,227,227,9977
550,FERTILIZER,100,100,10000
551,WHEAT,44,44,9629
551,CARROT,38,38,9965
551,TOMATO,76,76,9863
551,STRAWBERRY,258,258,9731
551,MELON,276,276,9982
551,EGG,65,65,9743
551,MILK,294,294,9761
551,WOOL,227,227,9977
551,FERTILIZER,100,100,10000
552,WHEAT,44,44,9629
552,CARROT,38,38,9965
552,TOMATO,76,76,9863
552,STRAWBERRY,258,258,9731
552,MELON,276,276,9982
552,EGG,65,65,9743
552,MILK,294,294,9761
552,WOOL,227,227,9977
552,FERTILIZER,100,100,10000
553,WHEAT,44,44,9623
553,CARROT,38,38,9963
553,TOMATO,77,76,9860
553,STRAWBERRY,259,258,9726
553,MELON,276,276,9981
553,EGG,66,65,9739
553,MILK,295,294,9757
553,WOOL,228,227,9976
553,FERTILIZER,100,100,10000
554,WHEAT,44,44,9623
554,CARROT,38,38,9963
554,TOMATO,77,77,9860
554,STRAWBERRY,259,259,9726
554,MELON,276,276,9981
554,EGG,66,66,9739
554,MILK,295,295,9757
554,WOOL,228,228,9976
554,FERTILIZER,100,100,10000
555,WHEAT,44,44,9623
555,CARROT,38,38,9963
555,TOMATO,77,77,9860
555,STRAWBERRY,259,259,9726
555,MELON,276,276,9981
555,EGG,66,66,9739
555,MILK,295,295,9757
555,WOOL,228,228,9976
555,FERTILIZER,100,100,10000
556,WHEAT,44,44,9623
556,CARROT,38,38,9963
556,TOMATO,77,77,9860
556,STRAWBERRY,259,259,9726
556,MELON,276,276,9981
556,EGG,66,66,9739
556,MILK,295,295,9757
556,WOOL,228,228,9976
556,FERTILIZER,100,100,10000
557,WHEAT,45,44,9618
557,CARROT,38,38,9962
557,TOMATO,77,77,9858
557,STRAWBERRY,260,259,9722
557,MELON,276,276,9981
557,EGG,66,66,9736
557,MILK,296,295,9754
557,WOOL,228,228,9976
557,FERTILIZER,100,100,10000
558,WHEAT,45,45,9618
558,CARROT,38,38,9962
558,TOMATO,77,77,9858
558,STRAWBERRY,260,260,9722
558,MELON,276,276,9981
558,EGG,66,66,9736
558,MILK,296,296,9754
558,WOOL,228,228,9976
558,FERTILIZER,100,100,10000
559,WHEAT,45,45,9618
559,CARROT,38,38,9962
559,TOMATO,77,77,9858
559,STRAWBERRY,260,260,9722
559,MELON,276,276,9981
559,EGG,66,66,9736
559,MILK,296,296,9754
559,WOOL,228,228,9976
559,FERTILIZER,100,100,10000
560,WHEAT,45,45,9618
560,CARROT,38,38,9962
560,TOMATO,77,77,9858
560,STRAWBERRY,260,260,9722
560,MELON,276,276,9981
560,EGG,66,66,9736
560,MILK,296,296,9754
560,WOOL,228,228,9976
560,FERTILIZER,100,100,10000
561,WHEAT,45,45,9613
561,CARROT,38,38,9961
561,TOMATO,77,77,9856
561,STRAWBERRY,261,260,9718
561,MELON,276,276,9981
561,EGG,66,66,9733
561,MILK,297,296,9751
561,WOOL,228,228,9976
561,FERTILIZER,100,100,10000
562,WHEAT,45,45,9613
562,CARROT,38,38,9961
562,TOMATO,77,77,9856
562,STRAWBERRY,261,261,9718
562,MELON,276,276,9981
562,EGG,66,66,9733
562,MILK,297,297,9751
562,WOOL,228,228,9976
562,FERTILIZER,100,100,10000
563,WHEAT,45,45,9613
563,CARROT,38,38,9961
563,TOMATO,77,77,9856
563,STRAWBERRY,261,261,9718
563,MELON,276,276,9981
563,EGG,66,66,9733
563,MILK,297,297,9751
563,WOOL,228,228,9976
563,FERTILIZER,100,100,10000
564,WHEAT,45,45,9613
564,CARROT,38,38,9961
564,TOMATO,77,77,9856
564,STRAWBERRY,261,261,9718
564,MELON,276,276,9981
564,EGG,66,66,9733
564,MILK,297,297,9751
564,WOOL,228,228,9976
564,FERTILIZER,100,100,10000
565,WHEAT,45,45,9608
565,CARROT,38,38,9960
565,TOMATO,78,77,9854
565,STRAWBERRY,262,261,9714
565,MELON,276,276,9981
565,EGG,66,66,9730
565,MILK,298,297,9748
565,WOOL,228,228,9976
565,FERTILIZER,100,100,10000
566,WHEAT,45,45,9608
566,CARROT,38,38,9960
566,TOMATO,78,78,9854
566,STRAWBERRY,262,262,9714
566,MELON,276,276,9981
566,EGG,66,66,9730
566,MILK,298,298,9748
566,WOOL,228,228,9976
566,FERTILIZER,100,100,10000
567,WHEAT,45,45,9608
567,CARROT,38,38,9960
567,TOMATO,78,78,9854
567,STRAWBERRY,262,262,9714
567,MELON,276,276,9981
567,EGG,66,66,9730
567,MILK,298,298,9748
567,WOOL,228,228,9976
567,FERTILIZER,100,100,10000
568,WHEAT,45,45,9608
568,CARROT,38,38,9960
568,TOMATO,78,78,9854
568,STRAWBERRY,262,262,9714
568,MELON,276,276,9981
568,EGG,66,66,9730
568,MILK,298,298,9748
568,WOOL,228,228,9976
568,FERTILIZER,100,100,10000
569,WHEAT,45,45,9603
569,CARROT,38,38,9959
569,TOMATO,78,78,9852
569,STRAWBERRY,263,262,9710
569,MELON,276,276,9981
569,EGG,66,66,9727
569,MILK,299,298,9745
569,WOOL,228,228,9976
569,FERTILIZER,100,100,10000
570,WHEAT,45,45,9603
570,CARROT,38,38,9959
570,TOMATO,78,78,9852
570,STRAWBERRY,263,263,9710
570,MELON,276,276,9981
570,EGG,66,66,9727
570,MILK,299,299,9745
570,WOOL,228,228,9976
570,FERTILIZER,100,100,10000
571,WHEAT,45,45,9603
571,CARROT,38,38,9959
571,TOMATO,78,78,9852
571,STRAWBERRY,263,263,9710
571,MELON,276,276,9981
571,EGG,66,66,9727
571,MILK,299,299,9745
571,WOOL,228,228,9976
571,FERTILIZER,100,100,10000
572,WHEAT,45,45,9603
572,CARROT,38,38,9959
572,TOMATO,78,78,9852
572,STRAWBERRY,263,263,9710
572,MELON,276,276,9981
572,EGG,66,66,9727
572,MILK,299,299,9745
572,WOOL,228,228,9976
572,FERTILIZER,100,100,10000
573,WHEAT,45,45,9598
573,CARROT,38,38,9958
573,TOMATO,78,78,9850
573,STRAWBERRY,264,263,9706
573,MELON,276,276,9981
573,EGG,67,66,9724
573,MILK,300,299,9742
573,WOOL,228,228,9976
573,FERTILIZER,100,100,10000
574,WHEAT,45,45,9598
574,CARROT,38,38,9958
574,TOMATO,78,78,9850
574,STRAWBERRY,264,264,9706
574,MELON,276,276,9981
574,EGG,67,67,9724
574,MILK,300,300,9742
574,WOOL,228,228,9976
574,FERTILIZER,100,100,10000
575,WHEAT,45,45,9598
575,CARROT,38,38,9958
575,TOMATO,78,78,9850
575,STRAWBERRY,264,264,9706
575,MELON,276,276,9981
575,EGG,67,67,9724
575,MILK,300,300,9742
575,WOOL,228,228,9976
575,FERTILIZER,100,100,10000
576,WHEAT,45,45,9598
576,CARROT,38,38,9958
576,TOMATO,78,78,9850
576,STRAWBERRY,264,264,9706
576,MELON,276,276,9981
576,EGG,67,67,9724
576,MILK,300,300,9742
576,WOOL,228,228,9976
576,FERTILIZER,100,100,10000
577,WHEAT,45,45,9591
577,CARROT,38,38,9956
577,TOMATO,78,78,9846
577,STRAWBERRY,265,264,9701
577,MELON,277,276,9980
577,EGG,67,67,9720
577,MILK,301,300,9737
577,WOOL,228,228,9975
577,FERTILIZER,100,100,10000
578,WHEAT,45,45,9591
578,CARROT,38,38,9956
578,TOMATO,78,78,9846
578,STRAWBERRY,265,265,9701
578,MELON,277,277,9980
578,EGG,67,67,9720
578,MILK,301,301,9737
578,WOOL,228,228,9975
578,FERTILIZER,100,100,10000
579,WHEAT,45,45,9591
579,CARROT,38,38,9956
579,TOMATO,78,78,9846
579,STRAWBERRY,265,265,9701
579,MELON,277,277,9980
579,EGG,67,67,9720
579,MILK,301,301,9737
579,WOOL,228,228,9975
579,FERTILIZER,100,100,10000
580,WHEAT,45,45,9591
580,CARROT,38,38,9956
580,TOMATO,78,78,9846
580,STRAWBERRY,265,265,9701
580,MELON,277,277,9980
580,EGG,67,67,9720
580,MILK,301,301,9737
580,WOOL,228,228,9975
580,FERTILIZER,100,100,10000
581,WHEAT,45,45,9585
581,CARROT,38,38,9955
581,TOMATO,79,78,9843
581,STRAWBERRY,266,265,9697
581,MELON,277,277,9980
581,EGG,67,67,9717
581,MILK,302,301,9733
581,WOOL,228,228,9975
581,FERTILIZER,100,100,10000
582,WHEAT,45,45,9585
582,CARROT,38,38,9955
582,TOMATO,79,79,9843
582,STRAWBERRY,266,266,9697
582,MELON,277,277,9980
582,EGG,67,67,9717
582,MILK,302,302,9733
582,WOOL,228,228,9975
582,FERTILIZER,100,100,10000
583,WHEAT,45,45,9585
583,CARROT,38,38,9955
583,TOMATO,79,79,9843
583,STRAWBERRY,266,266,9697
583,MELON,277,277,9980
583,EGG,67,67,9717
583,MILK,302,302,9733
583,WOOL,228,228,9975
583,FERTILIZER,100,100,10000
584,WHEAT,45,45,9585
584,CARROT,38,38,9955
584,TOMATO,79,79,9843
584,STRAWBERRY,266,266,9697
584,MELON,277,277,9980
584,EGG,67,67,9717
584,MILK,302,302,9733
584,WOOL,228,228,9975
584,FERTILIZER,100,100,10000
585,WHEAT,46,45,9579
585,CARROT,39,38,9954
585,TOMATO,79,79,9840
585,STRAWBERRY,267,266,9693
585,MELON,277,277,9980
585,EGG,67,67,9714
585,MILK,303,302,9729
585,WOOL,228,228,9975
585,FERTILIZER,100,100,10000
586,WHEAT,46,46,9579
586,CARROT,39,39,9954
586,TOMATO,79,79,9840
586,STRAWBERRY,267,267,9693
586,MELON,277,277,9980
586,EGG,67,67,9714
586,MILK,303,303,9729
586,WOOL,228,228,9975
586,FERTILIZER,100,100,10000
587,WHEAT,46,46,9579
587,CARROT,39,39,9954
587,TOMATO,79,79,9840
587,STRAWBERRY,267,267,9693
587,MELON,277,277,9980
587,EGG,67,67,9714
587,MILK,303,303,9729
587,WOOL,228,228,9975
587,FERTILIZER,100,100,10000
588,WHEAT,46,46,9579
588,CARROT,39,39,9954
588,TOMATO,79,79,9840
588,STRAWBERRY,267,267,9693
588,MELON,277,277,9980
588,EGG,67,67,9714
588,MILK,303,303,9729
588,WOOL,228,228,9975
588,FERTILIZER,100,100,10000
589,WHEAT,46,46,9573
589,CARROT,39,39,9953
589,TOMATO,80,79,9837
589,STRAWBERRY,268,267,9689
589,MELON,277,277,9980
589,EGG,67,67,9711
589,MILK,304,303,9725
589,WOOL,228,228,9975
589,FERTILIZER,100,100,10000
590,WHEAT,46,46,9573
590,CARROT,39,39,9953
590,TOMATO,80,80,9837
590,STRAWBERRY,268,268,9689
590,MELON,277,277,9980
590,EGG,67,67,9711
590,MILK,304,304,9725
590,WOOL,228,228,9975
590,FERTILIZER,100,100,10000
591,WHEAT,46,46,9573
591,CARROT,39,39,9953
591,TOMATO,80,80,9837
591,STRAWBERRY,268,268,9689
591,MELON,277,277,9980
591,EGG,67,67,9711
591,MILK,304,304,9725
591,WOOL,228,228,9975
591,FERTILIZER,100,100,10000
592,WHEAT,46,46,9573
592,CARROT,39,39,9953
592,TOMATO,80,80,9837
592,STRAWBERRY,268,268,9689
592,MELON,277,277,9980
592,EGG,67,67,9711
592,MILK,304,304,9725
592,WOOL,228,228,9975
592,FERTILIZER,100,100,10000
593,WHEAT,46,46,9567
593,CARROT,39,39,9952
593,TOMATO,80,80,9834
593,STRAWBERRY,269,268,9685
593,MELON,277,277,9980
593,EGG,68,67,9708
593,MILK,305,304,9721
593,WOOL,228,228,9975
593,FERTILIZER,100,100,10000
594,WHEAT,46,46,9567
594,CARROT,39,39,9952
594,TOMATO,80,80,9834
594,STRAWBERRY,269,269,9685
594,MELON,277,277,9980
594,EGG,68,68,9708
594,MILK,305,305,9721
594,WOOL,228,228,9975
594,FERTILIZER,100,100,10000
595,WHEAT,46,46,9567
595,CARROT,39,39,9952
595,TOMATO,80,80,9834
595,STRAWBERRY,269,269,9685
595,MELON,277,277,9980
595,EGG,68,68,9708
595,MILK,305,305,9721
595,WOOL,228,228,9975
595,FERTILIZER,100,100,10000
596,WHEAT,46,46,9567
596,CARROT,39,39,9952
596,TOMATO,80,80,9834
596,STRAWBERRY,269,269,9685
596,MELON,277,277,9980
596,EGG,68,68,9708
596,MILK,305,305,9721
596,WOOL,228,228,9975
596,FERTILIZER,100,100,10000
597,WHEAT,46,46,9561
597,CARROT,39,39,9951
597,TOMATO,80,80,9831
597,STRAWBERRY,270,269,9681
597,MELON,277,277,9980
597,EGG,68,68,9705
597,MILK,306,305,9717
597,WOOL,228,228,9975
597,FERTILIZER,100,100,10000
598,WHEAT,46,46,9561
598,CARROT,39,39,9951
598,TOMATO,80,80,9831
598,STRAWBERRY,270,270,9681
598,MELON,277,277,9980
598,EGG,68,68,9705
598,MILK,306,306,9717
598,WOOL,228,228,9975
598,FERTILIZER,100,100,10000
599,WHEAT,46,46,9561
599,CARROT,39,39,9951
599,TOMATO,80,80,9831
599,STRAWBERRY,270,270,9681
599,MELON,277,277,9980
599,EGG,68,68,9705
599,MILK,306,306,9717
599,WOOL,228,228,9975
599,FERTILIZER,100,100,10000
600,WHEAT,46,46,9561
600,CARROT,39,39,9951
600,TOMATO,80,80,9831
600,STRAWBERRY,270,270,9681
600,MELON,277,277,9980
600,EGG,68,68,9705
600,MILK,306,306,9717
600,WOOL,228,228,9975
600,FERTILIZER,100,100,10000
601,WHEAT,46,46,9554
601,CARROT,39,39,9949
601,TOMATO,81,80,9827
601,STRAWBERRY,271,270,9676
601,MELON,277,277,9979
601,EGG,68,68,9701
601,MILK,307,306,9712
601,WOOL,228,228,9974
601,FERTILIZER,100,100,10000
602,WHEAT,46,46,9554
602,CARROT,39,39,9949
602,TOMATO,81,81,9827
602,STRAWBERRY,271,271,9676
602,MELON,277,277,9979
602,EGG,68,68,9701
602,MILK,307,307,9712
602,WOOL,228,228,9974
602,FERTILIZER,100,100,10000
603,WHEAT,46,46,9554
603,CARROT,39,39,9949
603,TOMATO,81,81,9827
603,STRAWBERRY,271,271,9676
603,MELON,277,277,9979
603,EGG,68,68,9701
603,MILK,307,307,9712
603,WOOL,228,228,9974
603,FERTILIZER,100,100,10000
604,WHEAT,46,46,9554
604,CARROT,39,39,9949
604,TOMATO,81,81,9827
604,STRAWBERRY,271,271,9676
604,MELON,277,277,9979
604,EGG,68,68,9701
604,MILK,307,307,9712
604,WOOL,228,228,9974
604,FERTILIZER,100,100,10000
605,WHEAT,46,46,9548
605,CARROT,39,39,9948
605,TOMATO,81,81,9824
605,STRAWBERRY,272,271,9672
605,MELON,277,277,9979
605,EGG,68,68,9698
605,MILK,309,307,9708
605,WOOL,228,228,9974
605,FERTILIZER,100,100,10000
606,WHEAT,46,46,9548
606,CARROT,39,39,9948
606,TOMATO,81,81,9824
606,STRAWBERRY,272,272,9672
606,MELON,277,277,9979
606,EGG,68,68,9698
606,MILK,309,309,9708
606,WOOL,228,228,9974
606,FERTILIZER,100,100,10000
607,WHEAT,46,46,9548
607,CARROT,39,39,9948
607,TOMATO,81,81,9824
607,STRAWBERRY,272,272,9672
607,MELON,277,277,9979
607,EGG,68,68,9698
607,MILK,309,309,9708
607,WOOL,228,228,9974
607,FERTILIZER,100,100,10000
608,WHEAT,46,46,9548
608,CARROT,39,39,9948
608,TOMATO,81,81,9824
608,STRAWBERRY,272,272,9672
608,MELON,277,277,9979
608,EGG,68,68,9698
608,MILK,309,309,9708
608,WOOL,228,228,9974
608,FERTILIZER,100,100,10000
609,WHEAT,46,46,9542
609,CARROT,39,39,9947
609,TOMATO,81,81,9821
609,STRAWBERRY,273,272,9668
609,MELON,277,277,9979
609,EGG,68,68,9695
609,MILK,310,309,9704
609,WOOL,228,228,9974
609,FERTILIZER,100,100,10000
610,WHEAT,46,46,9542
610,CARROT,39,39,9947
610,TOMATO,81,81,9821
610,STRAWBERRY,273,273,9668
610,MELON,277,277,9979
610,EGG,68,68,9695
610,MILK,310,310,9704
610,WOOL,228,228,9974
610,FERTILIZER,100,100,10000
611,WHEAT,46,46,9542
611,CARROT,39,39,9947
611,TOMATO,81,81,9821
611,STRAWBERRY,273,273,9668
611,MELON,277,277,9979
611,EGG,68,68,9695
611,MILK,310,310,9704
611,WOOL,228,228,9974
611,FERTILIZER,100,100,10000
612,WHEAT,46,46,9542
612,CARROT,39,39,9947
612,TOMATO,81,81,9821
612,STRAWBERRY,273,273,9668
612,MELON,277,277,9979
612,EGG,68,68,9695
612,MILK,310,310,9704
612,WOOL,228,228,9974
612,FERTILIZER,100,100,10000
613,WHEAT,47,46,9536
613,CARROT,39,39,9946
613,TOMATO,82,81,9818
613,STRAWBERRY,274,273,9664
613,MELON,277,277,9979
613,EGG,69,68,9692
613,MILK,311,310,9700
613,WOOL,228,228,9974
613,FERTILIZER,100,100,10000
614,WHEAT,47,47,9536
614,CARROT,39,39,9946
614,TOMATO,82,82,9818
614,STRAWBERRY,274,274,9664
614,MELON,277,277,9979
614,EGG,69,69,9692
614,MILK,311,311,9700
614,WOOL,228,228,9974
614,FERTILIZER,100,100,10000
615,WHEAT,47,47,9536
615,CARROT,39,39,9946
615,TOMATO,82,82,9818
615,STRAWBERRY,274,274,9664
615,MELON,277,277,9979
615,EGG,69,69,9692
615,MILK,311,311,9700
615,WOOL,228,228,9974
615,FERTILIZER,100,100,10000
616,WHEAT,47,47,9536
616,CARROT,39,39,9946
616,TOMATO,82,82,9818
616,STRAWBERRY,274,274,9664
616,MELON,277,277,9979
616,EGG,69,69,9692
616,MILK,311,311,9700
616,WOOL,228,228,9974
616,FERTILIZER,100,100,10000
617,WHEAT,47,47,9530
617,CARROT,39,39,9945
617,TOMATO,82,82,9815
617,STRAWBERRY,275,274,9660
617,MELON,277,277,9979
617,EGG,69,69,9689
617,MILK,312,311,9696
617,WOOL,228,228,9974
617,FERTILIZER,100,100,10000
618,WHEAT,47,47,9530
618,CARROT,39,39,9945
618,TOMATO,82,82,9815
618,STRAWBERRY,275,275,9660
618,MELON,277,277,9979
618,EGG,69,69,9689
618,MILK,312,312,9696
618,WOOL,228,228,9974
618,FERTILIZER,100,100,10000
619,WHEAT,47,47,9530
619,CARROT,39,39,9945
619,TOMATO,82,82,9815
619,STRAWBERRY,275,275,9660
619,MELON,277,277,9979
619,EGG,69,69,9689
619,MILK,312,312,9696
619,WOOL,228,228,9974
619,FERTILIZER,100,100,10000
620,WHEAT,47,47,9530
620,CARROT,39,39,9945
620,TOMATO,82,82,9815
620,STRAWBERRY,275,275,9660
620,MELON,277,277,9979
620,EGG,69,69,9689
620,MILK,312,312,9696
620,WOOL,228,228,9974
620,FERTILIZER,100,100,10000
621,WHEAT,47,47,9524
621,CARROT,39,39,9944
621,TOMATO,83,82,9812
621,STRAWBERRY,276,275,9656
621,MELON,277,277,9979
621,EGG,69,69,9686
621,MILK,313,312,9692
621,WOOL,228,228,9974
621,FERTILIZER,100,100,10000
622,WHEAT,47,47,9524
622,CARROT,39,39,9944
622,TOMATO,83,83,9812
622,STRAWBERRY,276,276,9656
622,MELON,277,277,9979
622,EGG,69,69,9686
622,MILK,313,313,9692
622,WOOL,228,228,9974
622,FERTILIZER,100,100,10000
623,WHEAT,47,47,9524
623,CARROT,39,39,9944
623,TOMATO,83,83,9812
623,STRAWBERRY,276,276,9656
623,MELON,277,277,9979
623,EGG,69,69,9686
623,MILK,313,313,9692
623,WOOL,228,228,9974
623,FERTILIZER,100,100,10000
624,WHEAT,47,47,9524
624,CARROT,39,39,9944
624,TOMATO,83,83,9812
624,STRAWBERRY,276,276,9656
624,MELON,277,277,9979
624,EGG,69,69,9686
624,MILK,313,313,9692
624,WOOL,228,228,9974
624,FERTILIZER,100,100,10000
625,WHEAT,47,47,9517
625,CARROT,40,39,9942
625,TOMATO,83,83,9808
625,STRAWBERRY,277,276,9651
625,MELON,277,277,9978
625,EGG,69,69,9682
625,MILK,314,313,9687
625,WOOL,229,228,9973
625,FERTILIZER,100,100,10000
626,WHEAT,47,47,9517
626,CARROT,40,40,9942
626,TOMATO,83,83,9808
626,STRAWBERRY,277,277,9651
626,MELON,277,277,9978
626,EGG,69,69,9682
626,MILK,314,314,9687
626,WOOL,229,229,9973
626,FERTILIZER,100,100,10000
627,WHEAT,47,47,9517
627,CARROT,40,40,9942
627,TOMATO,83,83,9808
627,STRAWBERRY,277,277,9651
627,MELON,277,277,9978
627,EGG,69,69,9682
627,MILK,314,314,9687
627,WOOL,229,229,9973
627,FERTILIZER,100,100,10000
628,WHEAT,47,47,9517
628,CARROT,40,40,9942
628,TOMATO,83,83,9808
628,STRAWBERRY,277,277,9651
628,MELON,277,277,9978
628,EGG,69,69,9682
628,MILK,314,314,9687
628,WOOL,229,229,9973
628,FERTILIZER,100,100,10000
629,WHEAT,47,47,9511
629,CARROT,40,40,9941
629,TOMATO,83,83,9805
629,STRAWBERRY,278,277,9647
629,MELON,277,277,9978
629,EGG,69,69,9679
629,MILK,315,314,9683
629,WOOL,229,229,9973
629,FERTILIZER,100,100,10000
630,WHEAT,47,47,9511
630,CARROT,40,40,9941
630,TOMATO,83,83,9805
630,STRAWBERRY,278,278,9647
630,MELON,277,277,9978
630,EGG,69,69,9679
630,MILK,315,315,9683
630,WOOL,229,229,9973
630,FERTILIZER,100,100,10000
631,WHEAT,47,47,9511
631,CARROT,40,40,9941
631,TOMATO,83,83,9805
631,STRAWBERRY,278,278,9647
631,MELON,277,277,9978
631,EGG,69,69,9679
631,MILK,315,315,9683
631,WOOL,229,229,9973
631,FERTILIZER,100,100,10000
632,WHEAT,47,47,9511
632,CARROT,40,40,9941
632,TOMATO,83,83,9805
632,STRAWBERRY,278,278,9647
632,MELON,277,277,9978
632,EGG,69,69,9679
632,MILK,315,315,9683
632,WOOL,229,229,9973
632,FERTILIZER,100,100,10000
633,WHEAT,47,47,9505
633,CARROT,40,40,9940
633,TOMATO,84,83,9802
633,STRAWBERRY,279,278,9643
633,MELON,277,277,9978
633,EGG,70,69,9676
633,MILK,316,315,9679
633,WOOL,229,229,9973
633,FERTILIZER,100,100,10000
634,WHEAT,47,47,9505
634,CARROT,40,40,9940
634,TOMATO,84,84,9802
634,STRAWBERRY,279,279,9643
634,MELON,277,277,9978
634,EGG,70,70,9676
634,MILK,316,316,9679
634,WOOL,229,229,9973
634,FERTILIZER,100,100,10000
635,WHEAT,47,47,9505
635,CARROT,40,40,9940
635,TOMATO,84,84,9802
635,STRAWBERRY,279,279,9643
635,MELON,277,277,9978
635,EGG,70,70,9676
635,MILK,316,316,9679
635,WOOL,229,229,9973
635,FERTILIZER,100,100,10000
636,WHEAT,47,47,9505
636,CARROT,40,40,9940
636,TOMATO,84,84,9802
636,STRAWBERRY,279,279,9643
636,MELON,277,277,9978
636,EGG,70,70,9676
636,MILK,316,316,9679
636,WOOL,229,229,9973
636,FERTILIZER,100,100,10000
637,WHEAT,47,47,9499
637,CARROT,40,40,9939
637,TOMATO,84,84,9799
637,STRAWBERRY,280,279,9639
637,MELON,277,277,9978
637,EGG,70,70,9673
637,MILK,317,316,9675
637,WOOL,229,229,9973
637,FERTILIZER,100,100,10000
638,WHEAT,47,47,9499
638,CARROT,40,40,9939
638,TOMATO,84,84,9799
638,STRAWBERRY,280,280,9639
638,MELON,277,277,9978
638,EGG,70,70,9673
638,MILK,317,317,9675
638,WOOL,229,229,9973
638,FERTILIZER,100,100,10000
639,WHEAT,47,47,9499
639,CARROT,40,40,9939
639,TOMATO,84,84,9799
639,STRAWBERRY,280,280,9639
639,MELON,277,277,9978
639,EGG,70,70,9673
639,MILK,317,317,9675
639,WOOL,229,229,9973
639,FERTILIZER,100,100,10000
640,WHEAT,47,47,9499
640,CARROT,40,40,9939
640,TOMATO,84,84,9799
640,STRAWBERRY,280,280,9639
640,MELON,277,277,9978
640,EGG,70,70,9673
640,MILK,317,317,9675
640,WOOL,229,229,9973
640,FERTILIZER,100,100,10000
641,WHEAT,48,47,9493
641,CARROT,40,40,9938
641,TOMATO,85,84,9796
641,STRAWBERRY,280,280,9635
641,MELON,277,277,9978
641,EGG,70,70,9670
641,MILK,318,317,9671
641,WOOL,229,229,9973
641,FERTILIZER,100,100,10000
642,WHEAT,48,48,9493
642,CARROT,40,40,9938
642,TOMATO,85,85,9796
642,STRAWBERRY,280,280,9635
642,MELON,277,277,9978
642,EGG,70,70,9670
642,MILK,318,318,9671
642,WOOL,229,229,9973
642,FERTILIZER,100,100,10000
643,WHEAT,48,48,9493
643,CARROT,40,40,9938
643,TOMATO,85,85,9796
643,STRAWBERRY,280,280,9635
643,MELON,277,277,9978
643,EGG,70,70,9670
643,MILK,318,318,9671
643,WOOL,229,229,9973
643,FERTILIZER,100,100,10000
644,WHEAT,48,48,9493
644,CARROT,40,40,9938
644,TOMATO,85,85,9796
644,STRAWBERRY,280,280,9635
644,MELON,277,277,9978
644,EGG,70,70,9670
644,MILK,318,318,9671
644,WOOL,229,229,9973
644,FERTILIZER,100,100,10000
645,WHEAT,48,48,9487
645,CARROT,40,40,9937
645,TOMATO,85,85,9793
645,STRAWBERRY,281,280,9631
645,MELON,277,277,9978
645,EGG,70,70,9667
645,MILK,319,318,9667
645,WOOL,229,229,9973
645,FERTILIZER,100,100,10000
646,WHEAT,48,48,9487
646,CARROT,40,40,9937
646,TOMATO,85,85,9793
646,STRAWBERRY,281,281,9631
646,MELON,277,277,9978
646,EGG,70,70,9667
646,MILK,319,319,9667
646,WOOL,229,229,9973
646,FERTILIZER,100,100,10000
647,WHEAT,48,48,9487
647,CARROT,40,40,9937
647,TOMATO,85,85,9793
647,STRAWBERRY,281,281,9631
647,MELON,277,277,9978
647,EGG,70,70,9667
647,MILK,319,319,9667
647,WOOL,229,229,9973
647,FERTILIZER,100,100,10000
648,WHEAT,48,48,9487
648,CARROT,40,40,9937
648,TOMATO,85,85,9793
648,STRAWBERRY,281,281,9631
648,MELON,277,277,9978
648,EGG,70,70,9667
648,MILK,319,319,9667
648,WOOL,229,229,9973
648,FERTILIZER,100,100,10000
649,WHEAT,48,48,9480
649,CARROT,40,40,9935
649,TOMATO,86,85,9789
649,STRAWBERRY,282,281,9626
649,MELON,278,277,9977
649,EGG,70,70,9663
649,MILK,320,319,9662
649,WOOL,229,229,9972
649,FERTILIZER,100,100,10000
650,WHEAT,48,48,9480
650,CARROT,40,40,9935
650,TOMATO,86,86,9789
650,STRAWBERRY,282,282,9626
650,MELON,278,278,9977
650,EGG,70,70,9663
650,MILK,320,320,9662
650,WOOL,229,229,9972
650,FERTILIZER,100,100,10000
651,WHEAT,48,48,9480
651,CARROT,40,40,9935
651,TOMATO,86,86,9789
651,STRAWBERRY,282,282,9626
651,MELON,278,278,9977
651,EGG,70,70,9663
651,MILK,320,320,9662
651,WOOL,229,229,9972
651,FERTILIZER,100,100,10000
652,WHEAT,48,48,9480
652,CARROT,40,40,9935
652,TOMATO,86,86,9789
652,STRAWBERRY,282,282,9626
652,MELON,278,278,9977
652,EGG,70,70,9663
652,MILK,320,320,9662
652,WOOL,229,229,9972
652,FERTILIZER,100,100,10000
653,WHEAT,48,48,9474
653,CARROT,40,40,9934
653,TOMATO,87,86,9786
653,STRAWBERRY,283,282,9622
653,MELON,278,278,9977
653,EGG,71,70,9660
653,MILK,321,320,9658
653,WOOL,229,229,9972
653,FERTILIZER,100,100,10000
654,WHEAT,48,48,9474
654,CARROT,40,40,9934
654,TOMATO,87,87,9786
654,STRAWBERRY,283,283,9622
654,MELON,278,278,9977
654,EGG,71,71,9660
654,MILK,321,321,9658
654,WOOL,229,229,9972
654,FERTILIZER,100,100,10000
655,WHEAT,48,48,9474
655,CARROT,40,40,9934
655,TOMATO,87,87,9786
655,STRAWBERRY,283,283,9622
655,MELON,278,278,9977
655,EGG,71,71,9660
655,MILK,321,321,9658
655,WOOL,229,229,9972
655,FERTILIZER,100,100,10000
656,WHEAT,48,48,9474
656,CARROT,40,40,9934
656,TOMATO,87,87,9786
656,STRAWBERRY,283,283,9622
656,MELON,278,278,9977
656,EGG,71,71,9660
656,MILK,321,321,9658
656,WOOL,229,229,9972
656,FERTILIZER,100,100,10000
657,WHEAT,48,48,9468
657,CARROT,40,40,9933
657,TOMATO,87,87,9783
657,STRAWBERRY,284,283,9618
657,MELON,278,278,9977
657,EGG,71,71,9657
657,MILK,322,321,9654
657,WOOL,229,229,9972
657,FERTILIZER,100,100,10000
658,WHEAT,48,48,9468
658,CARROT,40,40,9933
658,TOMATO,87,87,9783
658,STRAWBERRY,284,284,9618
658,MELON,278,278,9977
658,EGG,71,71,9657
658,MILK,322,322,9654
658,WOOL,229,229,9972
658,FERTILIZER,100,100,10000
659,WHEAT,48,48,9468
659,CARROT,40,40,9933
659,TOMATO,87,87,9783
659,STRAWBERRY,284,284,9618
659,MELON,278,278,9977
659,EGG,71,71,9657
659,MILK,322,322,9654
659,WOOL,229,229,9972
659,FERTILIZER,100,100,10000
660,WHEAT,48,48,9468
660,CARROT,40,40,9933
660,TOMATO,87,87,9783
660,STRAWBERRY,284,284,9618
660,MELON,278,278,9977
660,EGG,71,71,9657
660,MILK,322,322,9654
660,WOOL,229,229,9972
660,FERTILIZER,100,100,10000
661,WHEAT,48,48,9462
661,CARROT,40,40,9932
661,TOMATO,88,87,9780
661,STRAWBERRY,285,284,9614
661,MELON,278,278,9977
661,EGG,71,71,9654
661,MILK,323,322,9650
661,WOOL,229,229,9972
661,FERTILIZER,100,100,10000
662,WHEAT,48,48,9462
662,CARROT,40,40,9932
662,TOMATO,88,88,9780
662,STRAWBERRY,285,285,9614
662,MELON,278,278,9977
662,EGG,71,71,9654
662,MILK,323,323,9650
662,WOOL,229,229,9972
662,FERTILIZER,100,100,10000
663,WHEAT,48,48,9462
663,CARROT,40,40,9932
663,TOMATO,88,88,9780
663,STRAWBERRY,285,285,9614
663,MELON,278,278,9977
663,EGG,71,71,9654
663,MILK,323,323,9650
663,WOOL,229,229,9972
663,FERTILIZER,100,100,10000
664,WHEAT,48,48,9462
664,CARROT,40,40,9932
664,TOMATO,88,88,9780
664,STRAWBERRY,285,285,9614
664,MELON,278,278,9977
664,EGG,71,71,9654
664,MILK,323,323,9650
664,WOOL,229,229,9972
664,FERTILIZER,100,100,10000
665,WHEAT,48,48,9456
665,CARROT,40,40,9931
665,TOMATO,89,88,9777
665,STRAWBERRY,286,285,9610
665,MELON,278,278,9977
665,EGG,71,71,9651
665,MILK,324,323,9646
665,WOOL,229,229,9972
665,FERTILIZER,100,100,10000
666,WHEAT,48,48,9456
666,CARROT,40,40,9931
666,TOMATO,89,89,9777
666,STRAWBERRY,286,286,9610
666,MELON,278,278,9977
666,EGG,71,71,9651
666,MILK,324,324,9646
666,WOOL,229,229,9972
666,FERTILIZER,100,100,10000
667,WHEAT,48,48,9456
667,CARROT,40,40,9931
667,TOMATO,89,89,9777
667,STRAWBERRY,286,286,9610
667,MELON,278,278,9977
667,EGG,71,71,9651
667,MILK,324,324,9646
667,WOOL,229,229,9972
667,FERTILIZER,100,100,10000
668,WHEAT,48,48,9456
668,CARROT,40,40,9931
668,TOMATO,89,89,9777
668,STRAWBERRY,286,286,9610
668,MELON,278,278,9977
668,EGG,71,71,9651
668,MILK,324,324,9646
668,WOOL,229,229,9972
668,FERTILIZER,100,100,10000
669,WHEAT,48,48,9450
669,CARROT,40,40,9930
669,TOMATO,90,89,9774
669,STRAWBERRY,287,286,9606
669,MELON,278,278,9977
669,EGG,72,71,9648
669,MILK,324,324,9642
669,WOOL,229,229,9972
669,FERTILIZER,100,100,10000
670,WHEAT,48,48,9450
670,CARROT,40,40,9930
670,TOMATO,90,90,9774
670,STRAWBERRY,287,287,9606
670,MELON,278,278,9977
670,EGG,72,72,9648
670,MILK,324,324,9642
670,WOOL,229,229,9972
670,FERTILIZER,100,100,10000
671,WHEAT,48,48,9450
671,CARROT,40,40,9930
671,TOMATO,90,90,9774
671,STRAWBERRY,287,287,9606
671,MELON,278,278,9977
671,EGG,72,72,9648
671,MILK,324,324,9642
671,WOOL,229,229,9972
671,FERTILIZER,100,100,10000
672,WHEAT,48,48,9450
672,CARROT,40,40,9930
672,TOMATO,90,90,9774
672,STRAWBERRY,287,287,9606
672,MELON,278,278,9977
672,EGG,72,72,9648
672,MILK,324,324,9642
672,WOOL,229,229,9972
672,FERTILIZER,100,100,10000
673,WHEAT,49,48,9443
673,CARROT,41,40,9928
673,TOMATO,92,90,9770
673,STRAWBERRY,288,287,9601
673,MELON,278,278,9976
673,EGG,72,72,9644
673,MILK,326,324,9637
673,WOOL,229,229,9971
673,FERTILIZER,100,100,10000
674,WHEAT,49,49,9443
674,CARROT,41,41,9928
674,TOMATO,92,92,9770
674,STRAWBERRY,288,288,9601
674,MELON,278,278,9976
674,EGG,72,72,9644
674,MILK,326,326,9637
674,WOOL,229,229,9971
674,FERTILIZER,100,100,10000
675,WHEAT,49,49,9443
675,CARROT,41,41,9928
675,TOMATO,92,92,9770
675,STRAWBERRY,288,288,9601
675,MELON,278,278,9976
675,EGG,72,72,9644
675,MILK,326,326,9637
675,WOOL,229,229,9971
675,FERTILIZER,100,100,10000
676,WHEAT,49,49,9443
676,CARROT,41,41,9928
676,TOMATO,92,92,9770
676,STRAWBERRY,288,288,9601
676,MELON,278,278,9976
676,EGG,72,72,9644
676,MILK,326,326,9637
676,WOOL,229,229,9971
676,FERTILIZER,100,100,10000
677,WHEAT,49,49,9437
677,CARROT,41,41,9927
677,TOMATO,93,92,9767
677,STRAWBERRY,289,288,9597
677,MELON,278,278,9976
677,EGG,73,72,9641
677,MILK,327,326,9633
677,WOOL,229,229,9971
677,FERTILIZER,100,100,10000
678,WHEAT,49,49,9437
678,CARROT,41,41,9927
678,TOMATO,93,93,9767
678,STRAWBERRY,289,289,9597
678,MELON,278,278,9976
678,EGG,73,73,9641
678,MILK,327,327,9633
678,WOOL,229,229,9971
678,FERTILIZER,100,100,10000
679,WHEAT,49,49,9437
679,CARROT,41,41,9927
679,TOMATO,93,93,9767
679,STRAWBERRY,289,289,9597
679,MELON,278,278,9976
679,EGG,73,73,9641
679,MILK,327,327,9633
679,WOOL,229,229,9971
679,FERTILIZER,100,100,10000
680,WHEAT,49,49,9437
680,CARROT,41,41,9927
680,TOMATO,93,93,9767
680,STRAWBERRY,289,289,9597
680,MELON,278,278,9976
680,EGG,73,73,9641
680,MILK,327,327,9633
680,WOOL,229,229,9971
680,FERTILIZER,100,100,10000
681,WHEAT,49,49,9431
681,CARROT,41,41,9926
681,TOMATO,95,93,9764
681,STRAWBERRY,289,289,9593
681,MELON,278,278,9976
681,EGG,73,73,9638
681,MILK,327,327,9629
681,WOOL,229,229,9971
681,FERTILIZER,100,100,10000
682,WHEAT,49,49,9431
682,CARROT,41,41,9926
682,TOMATO,95,95,9764
682,STRAWBERRY,289,289,9593
682,MELON,278,278,9976
682,EGG,73,73,9638
682,MILK,327,327,9629
682,WOOL,229,229,9971
682,FERTILIZER,100,100,10000
683,WHEAT,49,49,9431
683,CARROT,41,41,9926
683,TOMATO,95,95,9764
683,STRAWBERRY,289,289,9593
683,MELON,278,278,9976
683,EGG,73,73,9638
683,MILK,327,327,9629
683,WOOL,229,229,9971
683,FERTILIZER,100,100,10000
684,WHEAT,49,49,9431
684,CARROT,41,41,9926
684,TOMATO,95,95,9764
684,STRAWBERRY,289,289,9593
684,MELON,278,278,9976
684,EGG,73,73,9638
684,MILK,327,327,9629
684,WOOL,229,229,9971
684,FERTILIZER,100,100,10000
685,WHEAT,49,49,9425
685,CARROT,41,41,9925
685,TOMATO,96,95,9761
685,STRAWBERRY,290,289,9589
685,MELON,278,278,9976
685,EGG,74,73,9635
685,MILK,328,327,9625
685,WOOL,229,229,9971
685,FERTILIZER,100,100,10000
686,WHEAT,49,49,9425
686,CARROT,41,41,9925
686,TOMATO,96,96,9761
686,STRAWBERRY,290,290,9589
686,MELON,278,278,9976
686,EGG,74,74,9635
686,MILK,328,328,9625
686,WOOL,229,229,9971
686,FERTILIZER,100,100,10000
687,WHEAT,49,49,9425
687,CARROT,41,41,9925
687,TOMATO,96,96,9761
687,STRAWBERRY,290,290,9589
687,MELON,278,278,9976
687,EGG,74,74,9635
687,MILK,328,328,9625
687,WOOL,229,229,9971
687,FERTILIZER,100,100,10000
688,WHEAT,49,49,9425
688,CARROT,41,41,9925
688,TOMATO,96,96,9761
688,STRAWBERRY,290,290,9589
688,MELON,278,278,9976
688,EGG,74,74,9635
688,MILK,328,328,9625
688,WOOL,229,229,9971
688,FERTILIZER,100,100,10000
689,WHEAT,49,49,9419
689,CARROT,41,41,9924
689,TOMATO,98,96,9758
689,STRAWBERRY,291,290,9585
689,MELON,278,278,9976
689,EGG,74,74,9632
689,MILK,329,328,9621
689,WOOL,229,229,9971
689,FERTILIZER,100,100,10000
690,WHEAT,49,49,9419
690,CARROT,41,41,9924
690,TOMATO,98,98,9758
690,STRAWBERRY,291,291,9585
690,MELON,278,278,9976
690,EGG,74,74,9632
690,MILK,329,329,9621
690,WOOL,229,229,9971
690,FERTILIZER,100,100,10000
691,WHEAT,49,49,9419
691,CARROT,41,41,9924
691,TOMATO,98,98,9758
691,STRAWBERRY,291,291,9585
691,MELON,278,278,9976
691,EGG,74,74,9632
691,MILK,329,329,9621
691,WOOL,229,229,9971
691,FERTILIZER,100,100,10000
692,WHEAT,49,49,9419
692,CARROT,41,41,9924
692,TOMATO,98,98,9758
692,STRAWBERRY,291,291,9585
692,MELON,278,278,9976
692,EGG,74,74,9632
692,MILK,329,329,9621
692,WOOL,229,229,9971
692,FERTILIZER,100,100,10000
693,WHEAT,49,49,9413
693,CARROT,41,41,9923
693,TOMATO,99,98,9755
693,STRAWBERRY,292,291,9581
693,MELON,278,278,9976
693,EGG,75,74,9629
693,MILK,330,329,9617
693,WOOL,229,229,9971
693,FERTILIZER,100,100,10000
694,WHEAT,49,49,9413
694,CARROT,41,41,9923
694,TOMATO,99,99,9755
694,STRAWBERRY,292,292,9581
694,MELON,278,278,9976
694,EGG,75,75,9629
694,MILK,330,330,9617
694,WOOL,229,229,9971
694,FERTILIZER,100,100,10000
695,WHEAT,49,49,9413
695,CARROT,41,41,9923
695,TOMATO,99,99,9755
695,STRAWBERRY,292,292,9581
695,MELON,278,278,9976
695,EGG,75,75,9629
695,MILK,330,330,9617
695,WOOL,229,229,9971
695,FERTILIZER,100,100,10000
696,WHEAT,49,49,9413
696,CARROT,41,41,9923
696,TOMATO,99,99,9755
696,STRAWBERRY,292,292,9581
696,MELON,278,278,9976
696,EGG,75,75,9629
696,MILK,330,330,9617
696,WOOL,229,229,9971
696,FERTILIZER,100,100,10000
697,WHEAT,49,49,9406
697,CARROT,41,41,9921
697,TOMATO,101,99,9751
697,STRAWBERRY,293,292,9576
697,MELON,279,278,9975
697,EGG,75,75,9625
697,MILK,331,330,9612
697,WOOL,229,229,9970
697,FERTILIZER,100,100,10000
698,WHEAT,49,49,9406
698,CARROT,41,41,9921
698,TOMATO,101,101,9751
698,STRAWBERRY,293,293,9576
698,MELON,279,279,9975
698,EGG,75,75,9625
698,MILK,331,331,9612
698,WOOL,229,229,9970
698,FERTILIZER,100,100,10000
699,WHEAT,49,49,9406
699,CARROT,41,41,9921
699,TOMATO,101,101,9751
699,STRAWBERRY,293,293,9576
699,MELON,279,279,9975
699,EGG,75,75,9625
699,MILK,331,331,9612
699,WOOL,229,229,9970
699,FERTILIZER,100,100,10000
700,WHEAT,49,49,9406
700,CARROT,41,41,9921
700,TOMATO,101,101,9751
700,STRAWBERRY,293,293,9576
700,MELON,279,279,9975
700,EGG,75,75,9625
700,MILK,331,331,9612
700,WOOL,229,229,9970
700,FERTILIZER,100,100,10000
701,WHEAT,49,49,9400
701,CARROT,41,41,9920
701,TOMATO,103,101,9748
701,STRAWBERRY,294,293,9572
701,MELON,279,279,9975
701,EGG,76,75,9622
701,MILK,332,331,9608
701,WOOL,229,229,9970
701,FERTILIZER,100,100,10000
702,WHEAT,49,49,9400
702,CARROT,41,41,9920
702,TOMATO,103,103,9748
702,STRAWBERRY,294,294,9572
702,MELON,279,279,9975
702,EGG,76,76,9622
702,MILK,332,332,9608
702,WOOL,229,229,9970
702,FERTILIZER,100,100,10000
703,WHEAT,49,49,9400
703,CARROT,41,41,9920
703,TOMATO,103,103,9748
703,STRAWBERRY,294,294,9572
703,MELON,279,279,9975
703,EGG,76,76,9622
703,MILK,332,332,9608
703,WOOL,229,229,9970
703,FERTILIZER,100,100,10000
704,WHEAT,49,49,9400
704,CARROT,41,41,9920
704,TOMATO,103,103,9748
704,STRAWBERRY,294,294,9572
704,MELON,279,279,9975
704,EGG,76,76,9622
704,MILK,332,332,9608
704,WOOL,229,229,9970
704,FERTILIZER,100,100,10000
705,WHEAT,50,49,9394
705,CARROT,41,41,9919
705,TOMATO,105,103,9745
705,STRAWBERRY,295,294,9568
705,MELON,279,279,9975
705,EGG,76,76,9619
705,MILK,333,332,9604
705,WOOL,229,229,9970
705,FERTILIZER,100,100,10000
706,WHEAT,50,50,9394
706,CARROT,41,41,9919
706,TOMATO,105,105,9745
706,STRAWBERRY,295,295,9568
706,MELON,279,279,9975
706,EGG,76,76,9619
706,MILK,333,333,9604
706,WOOL,229,229,9970
706,FERTILIZER,100,100,10000
707,WHEAT,50,50,9394
707,CARROT,41,41,9919
707,TOMATO,105,105,9745
707,STRAWBERRY,295,295,9568
707,MELON,279,279,9975
707,EGG,76,76,9619
707,MILK,333,333,9604
707,WOOL,229,229,9970
707,FERTILIZER,100,100,10000
708,WHEAT,50,50,9394
708,CARROT,41,41,9919
708,TOMATO,105,105,9745
708,STRAWBERRY,295,295,9568
708,MELON,279,279,9975
708,EGG,76,76,9619
708,MILK,333,333,9604
708,WOOL,229,229,9970
708,FERTILIZER,100,100,10000
709,WHEAT,50,50,9388
709,CARROT,41,41,9918
709,TOMATO,107,105,9742
709,STRAWBERRY,295,295,9564
709,MELON,279,279,9975
709,EGG,77,76,9616
709,MILK,334,333,9600
709,WOOL,229,229,9970
709,FERTILIZER,100,100,10000
710,WHEAT,50,50,9388
710,CARROT,41,41,9918
710,TOMATO,107,107,9742
710,STRAWBERRY,295,295,9564
710,MELON,279,279,9975
710,EGG,77,77,9616
710,MILK,334,334,9600
710,WOOL,229,229,9970
710,FERTILIZER,100,100,10000
711,WHEAT,50,50,9388
711,CARROT,41,41,9918
711,TOMATO,107,107,9742
711,STRAWBERRY,295,295,9564
711,MELON,279,279,9975
711,EGG,77,77,9616
711,MILK,334,334,9600
711,WOOL,229,229,9970
711,FERTILIZER,100,100,10000
712,WHEAT,50,50,9388
712,CARROT,41,41,9918
712,TOMATO,107,107,9742
712,STRAWBERRY,295,295,9564
712,MELON,279,279,9975
712,EGG,77,77,9616
712,MILK,334,334,9600
712,WOOL,229,229,9970
712,FERTILIZER,100,100,10000
713,WHEAT,50,50,9382
713,CARROT,41,41,9917
713,TOMATO,109,107,9739
713,STRAWBERRY,296,295,9560
713,MELON,279,279,9975
713,EGG,78,77,9613
713,MILK,335,334,9596
713,WOOL,229,229,9970
713,FERTILIZER,100,100,10000
714,WHEAT,50,50,9382
714,CARROT,41,41,9917
714,TOMATO,109,109,9739
714,STRAWBERRY,296,296,9560
714,MELON,279,279,9975
714,EGG,78,78,9613
714,MILK,335,335,9596
714,WOOL,229,229,9970
714,FERTILIZER,100,100,10000
715,WHEAT,50,50,9382
715,CARROT,41,41,9917
715,TOMATO,109,109,9739
715,STRAWBERRY,296,296,9560
715,MELON,279,279,9975
715,EGG,78,78,9613
715,MILK,335,335,9596
715,WOOL,229,229,9970
715,FERTILIZER,100,100,10000
716,WHEAT,50,50,9382
716,CARROT,41,41,9917
716,TOMATO,109,109,9739
716,STRAWBERRY,296,296,9560
716,MELON,279,279,9975
716,EGG,78,78,9613
716,MILK,335,335,9596
716,WOOL,229,229,9970
716,FERTILIZER,100,100,10000
717,WHEAT,50,50,9376
717,CARROT,42,41,9916
717,TOMATO,111,109,9736
717,STRAWBERRY,297,296,9556
717,MELON,279,279,9975
717,EGG,78,78,9610
717,MILK,336,335,9592
717,WOOL,229,229,9970
717,FERTILIZER,100,100,10000
718,WHEAT,50,50,9376
718,CARROT,42,42,9916
718,TOMATO,111,111,9736
718,STRAWBERRY,297,297,9556
718,MELON,279,279,9975
718,EGG,78,78,9610
718,MILK,336,336,9592
718,WOOL,229,229,9970
718,FERTILIZER,100,100,10000
0,WHEAT,25,,10000
0,CARROT,35,,10000
0,TOMATO,60,,10000
0,STRAWBERRY,120,,10000
0,MELON,250,,10000
0,EGG,50,,10000
0,MILK,160,,10000
0,WOOL,200,,10000
0,FERTILIZER,100,,10000
1,WHEAT,26,25,9999
1,CARROT,35,35,9999
1,TOMATO,60,60,9999
1,STRAWBERRY,128,120,9999
1,MELON,256,250,9999
1,EGG,50,50,9999
1,MILK,169,160,9999
1,WOOL,206,200,9999
1,FERTILIZER,100,100,10000
